<?xml version="1.0" encoding="UTF-8"?>
<gpx version="1.1" creator="Jarvis" xmlns="http://www.topografix.com/GPX/1/1">
<trk><name>Cap Nord 2025 - trace complète</name><trkseg>
<trkpt lat="45.810540" lon="6.061490"></trkpt><trkpt lat="46.402840" lon="6.061390"></trkpt><trkpt lat="46.395260" lon="6.054410"></trkpt><trkpt lat="46.390830" lon="6.043460"></trkpt><trkpt lat="46.388210" lon="6.026430"></trkpt><trkpt lat="46.375100" lon="6.025200"></trkpt><trkpt lat="46.361750" lon="6.019180"></trkpt><trkpt lat="46.369890" lon="6.028160"></trkpt><trkpt lat="46.371210" lon="6.047320"></trkpt><trkpt lat="46.385440" lon="6.048460"></trkpt><trkpt lat="46.393570" lon="6.049680"></trkpt><trkpt lat="46.405030" lon="6.058070"></trkpt><trkpt lat="46.394750" lon="6.059000"></trkpt><trkpt lat="46.400680" lon="6.072470"></trkpt><trkpt lat="46.408910" lon="6.091390"></trkpt><trkpt lat="46.398430" lon="6.085610"></trkpt><trkpt lat="46.393090" lon="6.070980"></trkpt><trkpt lat="46.381760" lon="6.074940"></trkpt><trkpt lat="46.379310" lon="6.086040"></trkpt><trkpt lat="46.381500" lon="6.060790"></trkpt><trkpt lat="46.384880" lon="6.072730"></trkpt><trkpt lat="46.392300" lon="6.083750"></trkpt><trkpt lat="46.394770" lon="6.100550"></trkpt><trkpt lat="46.409020" lon="6.102120"></trkpt><trkpt lat="46.419590" lon="6.109040"></trkpt><trkpt lat="46.426500" lon="6.117680"></trkpt><trkpt lat="46.437660" lon="6.127260"></trkpt><trkpt lat="46.444480" lon="6.137930"></trkpt><trkpt lat="46.453850" lon="6.140190"></trkpt><trkpt lat="46.458990" lon="6.156060"></trkpt><trkpt lat="46.469220" lon="6.165830"></trkpt><trkpt lat="46.472520" lon="6.175220"></trkpt><trkpt lat="46.481120" lon="6.182090"></trkpt><trkpt lat="46.483590" lon="6.193730"></trkpt><trkpt lat="46.487330" lon="6.202670"></trkpt><trkpt lat="46.494790" lon="6.210660"></trkpt><trkpt lat="46.501640" lon="6.221240"></trkpt><trkpt lat="46.509840" lon="6.225070"></trkpt><trkpt lat="46.518880" lon="6.230300"></trkpt><trkpt lat="46.526660" lon="6.234340"></trkpt><trkpt lat="46.529370" lon="6.246650"></trkpt><trkpt lat="46.525930" lon="6.234230"></trkpt><trkpt lat="46.518500" lon="6.235130"></trkpt><trkpt lat="46.525740" lon="6.234820"></trkpt><trkpt lat="46.525180" lon="6.248100"></trkpt><trkpt lat="46.532980" lon="6.247960"></trkpt><trkpt lat="46.535560" lon="6.261790"></trkpt><trkpt lat="46.549210" lon="6.261220"></trkpt><trkpt lat="46.555360" lon="6.268380"></trkpt><trkpt lat="46.551000" lon="6.252380"></trkpt><trkpt lat="46.542910" lon="6.250260"></trkpt><trkpt lat="46.538770" lon="6.264870"></trkpt><trkpt lat="46.545040" lon="6.253440"></trkpt><trkpt lat="46.536290" lon="6.269880"></trkpt><trkpt lat="46.526120" lon="6.265100"></trkpt><trkpt lat="46.531500" lon="6.252360"></trkpt><trkpt lat="46.548550" lon="6.252820"></trkpt><trkpt lat="46.561840" lon="6.259980"></trkpt><trkpt lat="46.562340" lon="6.272910"></trkpt><trkpt lat="46.568490" lon="6.258740"></trkpt><trkpt lat="46.561390" lon="6.265390"></trkpt><trkpt lat="46.541000" lon="6.263980"></trkpt><trkpt lat="46.531620" lon="6.254070"></trkpt><trkpt lat="46.529850" lon="6.242820"></trkpt><trkpt lat="46.523050" lon="6.235730"></trkpt><trkpt lat="46.514400" lon="6.232380"></trkpt><trkpt lat="46.520100" lon="6.221890"></trkpt><trkpt lat="46.525860" lon="6.233310"></trkpt><trkpt lat="46.510210" lon="6.233830"></trkpt><trkpt lat="46.501300" lon="6.230430"></trkpt><trkpt lat="46.493620" lon="6.228150"></trkpt><trkpt lat="46.492740" lon="6.215200"></trkpt><trkpt lat="46.482300" lon="6.211530"></trkpt><trkpt lat="46.473880" lon="6.205380"></trkpt><trkpt lat="46.466580" lon="6.200420"></trkpt><trkpt lat="46.459710" lon="6.205290"></trkpt><trkpt lat="46.467000" lon="6.211540"></trkpt><trkpt lat="46.455550" lon="6.218150"></trkpt><trkpt lat="46.447240" lon="6.212880"></trkpt><trkpt lat="46.456450" lon="6.219370"></trkpt><trkpt lat="46.463280" lon="6.227310"></trkpt><trkpt lat="46.469000" lon="6.234980"></trkpt><trkpt lat="46.479010" lon="6.236920"></trkpt><trkpt lat="46.485580" lon="6.242200"></trkpt><trkpt lat="46.475330" lon="6.252780"></trkpt><trkpt lat="46.475720" lon="6.271980"></trkpt><trkpt lat="46.484990" lon="6.272530"></trkpt><trkpt lat="46.485110" lon="6.258010"></trkpt><trkpt lat="46.489780" lon="6.269010"></trkpt><trkpt lat="46.500240" lon="6.276410"></trkpt><trkpt lat="46.511140" lon="6.273130"></trkpt><trkpt lat="46.508930" lon="6.284140"></trkpt><trkpt lat="46.511000" lon="6.296400"></trkpt><trkpt lat="46.522320" lon="6.300060"></trkpt><trkpt lat="46.530260" lon="6.303350"></trkpt><trkpt lat="46.532380" lon="6.314690"></trkpt><trkpt lat="46.533700" lon="6.329160"></trkpt><trkpt lat="46.541990" lon="6.333300"></trkpt><trkpt lat="46.555030" lon="6.338200"></trkpt><trkpt lat="46.560020" lon="6.350650"></trkpt><trkpt lat="46.559790" lon="6.364220"></trkpt><trkpt lat="46.569160" lon="6.370680"></trkpt><trkpt lat="46.574570" lon="6.378960"></trkpt><trkpt lat="46.587940" lon="6.383010"></trkpt><trkpt lat="46.601110" lon="6.384380"></trkpt><trkpt lat="46.608680" lon="6.390240"></trkpt><trkpt lat="46.601800" lon="6.396830"></trkpt><trkpt lat="46.609960" lon="6.396840"></trkpt><trkpt lat="46.600450" lon="6.397900"></trkpt><trkpt lat="46.608510" lon="6.405730"></trkpt><trkpt lat="46.618070" lon="6.411880"></trkpt><trkpt lat="46.626010" lon="6.412450"></trkpt><trkpt lat="46.634000" lon="6.425050"></trkpt><trkpt lat="46.639090" lon="6.435380"></trkpt><trkpt lat="46.648230" lon="6.437950"></trkpt><trkpt lat="46.657620" lon="6.443790"></trkpt><trkpt lat="46.665070" lon="6.449030"></trkpt><trkpt lat="46.668390" lon="6.459440"></trkpt><trkpt lat="46.684430" lon="6.444620"></trkpt><trkpt lat="46.691710" lon="6.449520"></trkpt><trkpt lat="46.699550" lon="6.449700"></trkpt><trkpt lat="46.710010" lon="6.452290"></trkpt><trkpt lat="46.719970" lon="6.458310"></trkpt><trkpt lat="46.727050" lon="6.465290"></trkpt><trkpt lat="46.735240" lon="6.466080"></trkpt><trkpt lat="46.742040" lon="6.470810"></trkpt><trkpt lat="46.763540" lon="6.485000"></trkpt><trkpt lat="46.772880" lon="6.491490"></trkpt><trkpt lat="46.779340" lon="6.514420"></trkpt><trkpt lat="46.787630" lon="6.519810"></trkpt><trkpt lat="46.795020" lon="6.526890"></trkpt><trkpt lat="46.803170" lon="6.535600"></trkpt><trkpt lat="46.810090" lon="6.543490"></trkpt><trkpt lat="46.817600" lon="6.548030"></trkpt><trkpt lat="46.825080" lon="6.551220"></trkpt><trkpt lat="46.831550" lon="6.546430"></trkpt><trkpt lat="46.821090" lon="6.549330"></trkpt><trkpt lat="46.831500" lon="6.551020"></trkpt><trkpt lat="46.839300" lon="6.559180"></trkpt><trkpt lat="46.846660" lon="6.568520"></trkpt><trkpt lat="46.853600" lon="6.573720"></trkpt><trkpt lat="46.857390" lon="6.586490"></trkpt><trkpt lat="46.862300" lon="6.597760"></trkpt><trkpt lat="46.863550" lon="6.610760"></trkpt><trkpt lat="46.870780" lon="6.614430"></trkpt><trkpt lat="46.873310" lon="6.625150"></trkpt><trkpt lat="46.879800" lon="6.632650"></trkpt><trkpt lat="46.887050" lon="6.633560"></trkpt><trkpt lat="46.897440" lon="6.636560"></trkpt><trkpt lat="46.905700" lon="6.640990"></trkpt><trkpt lat="46.912430" lon="6.653210"></trkpt><trkpt lat="46.930870" lon="6.652360"></trkpt><trkpt lat="46.937900" lon="6.660310"></trkpt><trkpt lat="46.936430" lon="6.678850"></trkpt><trkpt lat="46.943540" lon="6.684560"></trkpt><trkpt lat="46.946910" lon="6.695020"></trkpt><trkpt lat="46.962680" lon="6.696960"></trkpt><trkpt lat="46.966780" lon="6.688260"></trkpt><trkpt lat="46.972740" lon="6.695550"></trkpt><trkpt lat="46.980780" lon="6.700370"></trkpt><trkpt lat="46.988360" lon="6.711100"></trkpt><trkpt lat="47.002960" lon="6.716870"></trkpt><trkpt lat="47.016080" lon="6.721030"></trkpt><trkpt lat="47.016090" lon="6.732750"></trkpt><trkpt lat="47.023430" lon="6.734390"></trkpt><trkpt lat="47.028080" lon="6.743220"></trkpt><trkpt lat="47.040020" lon="6.750810"></trkpt><trkpt lat="47.047430" lon="6.759850"></trkpt><trkpt lat="47.057550" lon="6.764460"></trkpt><trkpt lat="47.048720" lon="6.759900"></trkpt><trkpt lat="47.042940" lon="6.748790"></trkpt><trkpt lat="47.041830" lon="6.736020"></trkpt><trkpt lat="47.034760" lon="6.730270"></trkpt><trkpt lat="47.036610" lon="6.718560"></trkpt><trkpt lat="47.026980" lon="6.716450"></trkpt><trkpt lat="47.023710" lon="6.706730"></trkpt><trkpt lat="47.031010" lon="6.713790"></trkpt><trkpt lat="47.036170" lon="6.724470"></trkpt><trkpt lat="47.045370" lon="6.722980"></trkpt><trkpt lat="47.052910" lon="6.726190"></trkpt><trkpt lat="47.061660" lon="6.735050"></trkpt><trkpt lat="47.067430" lon="6.743400"></trkpt><trkpt lat="47.076190" lon="6.747060"></trkpt><trkpt lat="47.082780" lon="6.751430"></trkpt><trkpt lat="47.091240" lon="6.773610"></trkpt><trkpt lat="47.100030" lon="6.778320"></trkpt><trkpt lat="47.107370" lon="6.785330"></trkpt><trkpt lat="47.115430" lon="6.795880"></trkpt><trkpt lat="47.123490" lon="6.803750"></trkpt><trkpt lat="47.130600" lon="6.812200"></trkpt><trkpt lat="47.138840" lon="6.819190"></trkpt><trkpt lat="47.146010" lon="6.825510"></trkpt><trkpt lat="47.152480" lon="6.842130"></trkpt><trkpt lat="47.163360" lon="6.853100"></trkpt><trkpt lat="47.170690" lon="6.862680"></trkpt><trkpt lat="47.177260" lon="6.872920"></trkpt><trkpt lat="47.184680" lon="6.878320"></trkpt><trkpt lat="47.177230" lon="6.889110"></trkpt><trkpt lat="47.186110" lon="6.895130"></trkpt><trkpt lat="47.193290" lon="6.903020"></trkpt><trkpt lat="47.200180" lon="6.913560"></trkpt><trkpt lat="47.207100" lon="6.921900"></trkpt><trkpt lat="47.216700" lon="6.926200"></trkpt><trkpt lat="47.241910" lon="6.926510"></trkpt><trkpt lat="47.250680" lon="6.935590"></trkpt><trkpt lat="47.262270" lon="6.946800"></trkpt><trkpt lat="47.266050" lon="6.956390"></trkpt><trkpt lat="47.276020" lon="6.961130"></trkpt><trkpt lat="47.284790" lon="6.952530"></trkpt><trkpt lat="47.281850" lon="6.939420"></trkpt><trkpt lat="47.268610" lon="6.941680"></trkpt><trkpt lat="47.272340" lon="6.917960"></trkpt><trkpt lat="47.260820" lon="6.919990"></trkpt><trkpt lat="47.259890" lon="6.909390"></trkpt><trkpt lat="47.265480" lon="6.898520"></trkpt><trkpt lat="47.271240" lon="6.905510"></trkpt><trkpt lat="47.270690" lon="6.922680"></trkpt><trkpt lat="47.294120" lon="6.950570"></trkpt><trkpt lat="47.294490" lon="6.973830"></trkpt><trkpt lat="47.318640" lon="6.966610"></trkpt><trkpt lat="47.326100" lon="6.975020"></trkpt><trkpt lat="47.332450" lon="6.981590"></trkpt><trkpt lat="47.341360" lon="6.990960"></trkpt><trkpt lat="47.349280" lon="6.997010"></trkpt><trkpt lat="47.357800" lon="7.007760"></trkpt><trkpt lat="47.367910" lon="7.014420"></trkpt><trkpt lat="47.379110" lon="7.023150"></trkpt><trkpt lat="47.390730" lon="7.024510"></trkpt><trkpt lat="47.398310" lon="7.029590"></trkpt><trkpt lat="47.406260" lon="7.036220"></trkpt><trkpt lat="47.407690" lon="7.046910"></trkpt><trkpt lat="47.416520" lon="7.050160"></trkpt><trkpt lat="47.424510" lon="7.065570"></trkpt><trkpt lat="47.432040" lon="7.067090"></trkpt><trkpt lat="47.441620" lon="7.075230"></trkpt><trkpt lat="47.449450" lon="7.084580"></trkpt><trkpt lat="47.458170" lon="7.089330"></trkpt><trkpt lat="47.467610" lon="7.098920"></trkpt><trkpt lat="47.458860" lon="7.106200"></trkpt><trkpt lat="47.459300" lon="7.122310"></trkpt><trkpt lat="47.468480" lon="7.126340"></trkpt><trkpt lat="47.477240" lon="7.129440"></trkpt><trkpt lat="47.484470" lon="7.131000"></trkpt><trkpt lat="47.495460" lon="7.135940"></trkpt><trkpt lat="47.507050" lon="7.144140"></trkpt><trkpt lat="47.513630" lon="7.155760"></trkpt><trkpt lat="47.516340" lon="7.169270"></trkpt><trkpt lat="47.520090" lon="7.181980"></trkpt><trkpt lat="47.528230" lon="7.191000"></trkpt><trkpt lat="47.536970" lon="7.194030"></trkpt><trkpt lat="47.544230" lon="7.208220"></trkpt><trkpt lat="47.551860" lon="7.208430"></trkpt><trkpt lat="47.553000" lon="7.221920"></trkpt><trkpt lat="47.564400" lon="7.230670"></trkpt><trkpt lat="47.578070" lon="7.240320"></trkpt><trkpt lat="47.585310" lon="7.244110"></trkpt><trkpt lat="47.592860" lon="7.254660"></trkpt><trkpt lat="47.608490" lon="7.260070"></trkpt><trkpt lat="47.620330" lon="7.265700"></trkpt><trkpt lat="47.630530" lon="7.270470"></trkpt><trkpt lat="47.617920" lon="7.267250"></trkpt><trkpt lat="47.618860" lon="7.249790"></trkpt><trkpt lat="47.606910" lon="7.250540"></trkpt><trkpt lat="47.609510" lon="7.237000"></trkpt><trkpt lat="47.620390" lon="7.241870"></trkpt><trkpt lat="47.623540" lon="7.255400"></trkpt><trkpt lat="47.631290" lon="7.263330"></trkpt><trkpt lat="47.635450" lon="7.274740"></trkpt><trkpt lat="47.644020" lon="7.272160"></trkpt><trkpt lat="47.651850" lon="7.272830"></trkpt><trkpt lat="47.661980" lon="7.281160"></trkpt><trkpt lat="47.671520" lon="7.289450"></trkpt><trkpt lat="47.679460" lon="7.296090"></trkpt><trkpt lat="47.686990" lon="7.302810"></trkpt><trkpt lat="47.689660" lon="7.292140"></trkpt><trkpt lat="47.680930" lon="7.290320"></trkpt><trkpt lat="47.691110" lon="7.288700"></trkpt><trkpt lat="47.700800" lon="7.292500"></trkpt><trkpt lat="47.697420" lon="7.276680"></trkpt><trkpt lat="47.709010" lon="7.280400"></trkpt><trkpt lat="47.718920" lon="7.284930"></trkpt><trkpt lat="47.729660" lon="7.292880"></trkpt><trkpt lat="47.748110" lon="7.301870"></trkpt><trkpt lat="47.755300" lon="7.305220"></trkpt><trkpt lat="47.761550" lon="7.316210"></trkpt><trkpt lat="47.769790" lon="7.324630"></trkpt><trkpt lat="47.760700" lon="7.323700"></trkpt><trkpt lat="47.747980" lon="7.316520"></trkpt><trkpt lat="47.748660" lon="7.303760"></trkpt><trkpt lat="47.739880" lon="7.301530"></trkpt><trkpt lat="47.740620" lon="7.314780"></trkpt><trkpt lat="47.752290" lon="7.307410"></trkpt><trkpt lat="47.759870" lon="7.311490"></trkpt><trkpt lat="47.768620" lon="7.313620"></trkpt><trkpt lat="47.773540" lon="7.325730"></trkpt><trkpt lat="47.783870" lon="7.329850"></trkpt><trkpt lat="47.797290" lon="7.335340"></trkpt><trkpt lat="47.803720" lon="7.343590"></trkpt><trkpt lat="47.814070" lon="7.345010"></trkpt><trkpt lat="47.821270" lon="7.348390"></trkpt><trkpt lat="47.828800" lon="7.350480"></trkpt><trkpt lat="47.823520" lon="7.359360"></trkpt><trkpt lat="47.821420" lon="7.373740"></trkpt><trkpt lat="47.831360" lon="7.378560"></trkpt><trkpt lat="47.838790" lon="7.382700"></trkpt><trkpt lat="47.849180" lon="7.390140"></trkpt><trkpt lat="47.852730" lon="7.400810"></trkpt><trkpt lat="47.857780" lon="7.391780"></trkpt><trkpt lat="47.865220" lon="7.397000"></trkpt><trkpt lat="47.872950" lon="7.404560"></trkpt><trkpt lat="47.878500" lon="7.414580"></trkpt><trkpt lat="47.890000" lon="7.420440"></trkpt><trkpt lat="47.896870" lon="7.427130"></trkpt><trkpt lat="47.903950" lon="7.437120"></trkpt><trkpt lat="47.912370" lon="7.445540"></trkpt><trkpt lat="47.918340" lon="7.458170"></trkpt><trkpt lat="47.927090" lon="7.466500"></trkpt><trkpt lat="47.934580" lon="7.473890"></trkpt><trkpt lat="47.939300" lon="7.482220"></trkpt><trkpt lat="47.945280" lon="7.489440"></trkpt><trkpt lat="47.953800" lon="7.488410"></trkpt><trkpt lat="47.963340" lon="7.490050"></trkpt><trkpt lat="47.966850" lon="7.499870"></trkpt><trkpt lat="47.973450" lon="7.510390"></trkpt><trkpt lat="47.977860" lon="7.522730"></trkpt><trkpt lat="47.980300" lon="7.538610"></trkpt><trkpt lat="47.987160" lon="7.545220"></trkpt><trkpt lat="47.995350" lon="7.554210"></trkpt><trkpt lat="48.005200" lon="7.552830"></trkpt><trkpt lat="48.014690" lon="7.550570"></trkpt><trkpt lat="48.024590" lon="7.561450"></trkpt><trkpt lat="48.027640" lon="7.572330"></trkpt><trkpt lat="48.046670" lon="7.586380"></trkpt><trkpt lat="48.053800" lon="7.610440"></trkpt><trkpt lat="48.067200" lon="7.612930"></trkpt><trkpt lat="48.080190" lon="7.617050"></trkpt><trkpt lat="48.085480" lon="7.624970"></trkpt><trkpt lat="48.095780" lon="7.626600"></trkpt><trkpt lat="48.099890" lon="7.637660"></trkpt><trkpt lat="48.101560" lon="7.648390"></trkpt><trkpt lat="48.111710" lon="7.652040"></trkpt><trkpt lat="48.113420" lon="7.663100"></trkpt><trkpt lat="48.121400" lon="7.664250"></trkpt><trkpt lat="48.121460" lon="7.678390"></trkpt><trkpt lat="48.155530" lon="7.665300"></trkpt><trkpt lat="48.170490" lon="7.654500"></trkpt><trkpt lat="48.168980" lon="7.639030"></trkpt><trkpt lat="48.158340" lon="7.631410"></trkpt><trkpt lat="48.142960" lon="7.635520"></trkpt><trkpt lat="48.148990" lon="7.626820"></trkpt><trkpt lat="48.155530" lon="7.615550"></trkpt><trkpt lat="48.153300" lon="7.600280"></trkpt><trkpt lat="48.144400" lon="7.600180"></trkpt><trkpt lat="48.133250" lon="7.590310"></trkpt><trkpt lat="48.125420" lon="7.583070"></trkpt><trkpt lat="48.119640" lon="7.576560"></trkpt><trkpt lat="48.111180" lon="7.572110"></trkpt><trkpt lat="48.102550" lon="7.570230"></trkpt><trkpt lat="48.095340" lon="7.579090"></trkpt><trkpt lat="48.088920" lon="7.567710"></trkpt><trkpt lat="48.092400" lon="7.547400"></trkpt><trkpt lat="48.086220" lon="7.536480"></trkpt><trkpt lat="48.092600" lon="7.542200"></trkpt><trkpt lat="48.117620" lon="7.546120"></trkpt><trkpt lat="48.124280" lon="7.539690"></trkpt><trkpt lat="48.126760" lon="7.552400"></trkpt><trkpt lat="48.118060" lon="7.548000"></trkpt><trkpt lat="48.129850" lon="7.547330"></trkpt><trkpt lat="48.142360" lon="7.551840"></trkpt><trkpt lat="48.142310" lon="7.562670"></trkpt><trkpt lat="48.135410" lon="7.571980"></trkpt><trkpt lat="48.129450" lon="7.565420"></trkpt><trkpt lat="48.123150" lon="7.550170"></trkpt><trkpt lat="48.129350" lon="7.542900"></trkpt><trkpt lat="48.135580" lon="7.536510"></trkpt><trkpt lat="48.127380" lon="7.537250"></trkpt><trkpt lat="48.102510" lon="7.538330"></trkpt><trkpt lat="48.093820" lon="7.545210"></trkpt><trkpt lat="48.106100" lon="7.545680"></trkpt><trkpt lat="48.116710" lon="7.550560"></trkpt><trkpt lat="48.124280" lon="7.561440"></trkpt><trkpt lat="48.127650" lon="7.571680"></trkpt><trkpt lat="48.136470" lon="7.578080"></trkpt><trkpt lat="48.136670" lon="7.565770"></trkpt><trkpt lat="48.126400" lon="7.569270"></trkpt><trkpt lat="48.117640" lon="7.564780"></trkpt><trkpt lat="48.111600" lon="7.554650"></trkpt><trkpt lat="48.103160" lon="7.553840"></trkpt><trkpt lat="48.098060" lon="7.544490"></trkpt><trkpt lat="48.086900" lon="7.540080"></trkpt><trkpt lat="48.085880" lon="7.526530"></trkpt><trkpt lat="48.081220" lon="7.514520"></trkpt><trkpt lat="48.078500" lon="7.502320"></trkpt><trkpt lat="48.069990" lon="7.501130"></trkpt><trkpt lat="48.061720" lon="7.496010"></trkpt><trkpt lat="48.056160" lon="7.485950"></trkpt><trkpt lat="48.039330" lon="7.478730"></trkpt><trkpt lat="48.031770" lon="7.468400"></trkpt><trkpt lat="48.028890" lon="7.453150"></trkpt><trkpt lat="48.019790" lon="7.455450"></trkpt><trkpt lat="48.014930" lon="7.446190"></trkpt><trkpt lat="48.009030" lon="7.452690"></trkpt><trkpt lat="47.997620" lon="7.450960"></trkpt><trkpt lat="47.989960" lon="7.441330"></trkpt><trkpt lat="47.999510" lon="7.451170"></trkpt><trkpt lat="47.992110" lon="7.461460"></trkpt><trkpt lat="47.989700" lon="7.450410"></trkpt><trkpt lat="47.982720" lon="7.455510"></trkpt><trkpt lat="47.972930" lon="7.455310"></trkpt><trkpt lat="47.965100" lon="7.458310"></trkpt><trkpt lat="47.972740" lon="7.467830"></trkpt><trkpt lat="47.984470" lon="7.473480"></trkpt><trkpt lat="47.990350" lon="7.481440"></trkpt><trkpt lat="47.999280" lon="7.474900"></trkpt><trkpt lat="48.005940" lon="7.482300"></trkpt><trkpt lat="48.010440" lon="7.494540"></trkpt><trkpt lat="48.016330" lon="7.502590"></trkpt><trkpt lat="48.022380" lon="7.512330"></trkpt><trkpt lat="48.029030" lon="7.507680"></trkpt><trkpt lat="48.031750" lon="7.517900"></trkpt><trkpt lat="48.038850" lon="7.521630"></trkpt><trkpt lat="48.047940" lon="7.525790"></trkpt><trkpt lat="48.054110" lon="7.531780"></trkpt><trkpt lat="48.064160" lon="7.539420"></trkpt><trkpt lat="48.073180" lon="7.541800"></trkpt><trkpt lat="48.078690" lon="7.549430"></trkpt><trkpt lat="48.086520" lon="7.556450"></trkpt><trkpt lat="48.091750" lon="7.566970"></trkpt><trkpt lat="48.100420" lon="7.567370"></trkpt><trkpt lat="48.108030" lon="7.573560"></trkpt><trkpt lat="48.118390" lon="7.575840"></trkpt><trkpt lat="48.129390" lon="7.576690"></trkpt><trkpt lat="48.136880" lon="7.586880"></trkpt><trkpt lat="48.144850" lon="7.592050"></trkpt><trkpt lat="48.148480" lon="7.603050"></trkpt><trkpt lat="48.156880" lon="7.603720"></trkpt><trkpt lat="48.165610" lon="7.613110"></trkpt><trkpt lat="48.170670" lon="7.620970"></trkpt><trkpt lat="48.179370" lon="7.624620"></trkpt><trkpt lat="48.188990" lon="7.635650"></trkpt><trkpt lat="48.197530" lon="7.640880"></trkpt><trkpt lat="48.209680" lon="7.652570"></trkpt><trkpt lat="48.219320" lon="7.665830"></trkpt><trkpt lat="48.232470" lon="7.670010"></trkpt><trkpt lat="48.241680" lon="7.674790"></trkpt><trkpt lat="48.233780" lon="7.681200"></trkpt><trkpt lat="48.244750" lon="7.684470"></trkpt><trkpt lat="48.251010" lon="7.691340"></trkpt><trkpt lat="48.260280" lon="7.696640"></trkpt><trkpt lat="48.268060" lon="7.697680"></trkpt><trkpt lat="48.273770" lon="7.706580"></trkpt><trkpt lat="48.280470" lon="7.713250"></trkpt><trkpt lat="48.288320" lon="7.711640"></trkpt><trkpt lat="48.294460" lon="7.720330"></trkpt><trkpt lat="48.295200" lon="7.733920"></trkpt><trkpt lat="48.301590" lon="7.742540"></trkpt><trkpt lat="48.309240" lon="7.747720"></trkpt><trkpt lat="48.314650" lon="7.754860"></trkpt><trkpt lat="48.322110" lon="7.744260"></trkpt><trkpt lat="48.325230" lon="7.758190"></trkpt><trkpt lat="48.318210" lon="7.767920"></trkpt><trkpt lat="48.314550" lon="7.780310"></trkpt><trkpt lat="48.326980" lon="7.785070"></trkpt><trkpt lat="48.325600" lon="7.774230"></trkpt><trkpt lat="48.333230" lon="7.784290"></trkpt><trkpt lat="48.344390" lon="7.785550"></trkpt><trkpt lat="48.354100" lon="7.786980"></trkpt><trkpt lat="48.361940" lon="7.792510"></trkpt><trkpt lat="48.370720" lon="7.796600"></trkpt><trkpt lat="48.376240" lon="7.807980"></trkpt><trkpt lat="48.381850" lon="7.815060"></trkpt><trkpt lat="48.393340" lon="7.819780"></trkpt><trkpt lat="48.398880" lon="7.829930"></trkpt><trkpt lat="48.394430" lon="7.839470"></trkpt><trkpt lat="48.396910" lon="7.856290"></trkpt><trkpt lat="48.405680" lon="7.862880"></trkpt><trkpt lat="48.408560" lon="7.872950"></trkpt><trkpt lat="48.417420" lon="7.870040"></trkpt><trkpt lat="48.425810" lon="7.882480"></trkpt><trkpt lat="48.435040" lon="7.879890"></trkpt><trkpt lat="48.443290" lon="7.883890"></trkpt><trkpt lat="48.452000" lon="7.896290"></trkpt><trkpt lat="48.459260" lon="7.904920"></trkpt><trkpt lat="48.464230" lon="7.915170"></trkpt><trkpt lat="48.472320" lon="7.925110"></trkpt><trkpt lat="48.480410" lon="7.927790"></trkpt><trkpt lat="48.490400" lon="7.932320"></trkpt><trkpt lat="48.496690" lon="7.938250"></trkpt><trkpt lat="48.504120" lon="7.941100"></trkpt><trkpt lat="48.516120" lon="7.940650"></trkpt><trkpt lat="48.520820" lon="7.950720"></trkpt><trkpt lat="48.526320" lon="7.962120"></trkpt><trkpt lat="48.534860" lon="7.966670"></trkpt><trkpt lat="48.542360" lon="7.973150"></trkpt><trkpt lat="48.552510" lon="7.978600"></trkpt><trkpt lat="48.560880" lon="7.975800"></trkpt><trkpt lat="48.570060" lon="7.981900"></trkpt><trkpt lat="48.577510" lon="7.980980"></trkpt><trkpt lat="48.584690" lon="7.991320"></trkpt><trkpt lat="48.590870" lon="7.983520"></trkpt><trkpt lat="48.601110" lon="7.987840"></trkpt><trkpt lat="48.611400" lon="7.989150"></trkpt><trkpt lat="48.619090" lon="7.996150"></trkpt><trkpt lat="48.624280" lon="8.009430"></trkpt><trkpt lat="48.630070" lon="8.018580"></trkpt><trkpt lat="48.637900" lon="8.024170"></trkpt><trkpt lat="48.643230" lon="8.040320"></trkpt><trkpt lat="48.655810" lon="8.043770"></trkpt><trkpt lat="48.665670" lon="8.051030"></trkpt><trkpt lat="48.675820" lon="8.050920"></trkpt><trkpt lat="48.683360" lon="8.058560"></trkpt><trkpt lat="48.690630" lon="8.065860"></trkpt><trkpt lat="48.700360" lon="8.073370"></trkpt><trkpt lat="48.704780" lon="8.085630"></trkpt><trkpt lat="48.713090" lon="8.089010"></trkpt><trkpt lat="48.704700" lon="8.092350"></trkpt><trkpt lat="48.708970" lon="8.105110"></trkpt><trkpt lat="48.719210" lon="8.105600"></trkpt><trkpt lat="48.720200" lon="8.121750"></trkpt><trkpt lat="48.728600" lon="8.126160"></trkpt><trkpt lat="48.736170" lon="8.130730"></trkpt><trkpt lat="48.742260" lon="8.141270"></trkpt><trkpt lat="48.751870" lon="8.148680"></trkpt><trkpt lat="48.760330" lon="8.155660"></trkpt><trkpt lat="48.766440" lon="8.161460"></trkpt><trkpt lat="48.767520" lon="8.176410"></trkpt><trkpt lat="48.776310" lon="8.184830"></trkpt><trkpt lat="48.786060" lon="8.188410"></trkpt><trkpt lat="48.792250" lon="8.201870"></trkpt><trkpt lat="48.801140" lon="8.207400"></trkpt><trkpt lat="48.807970" lon="8.214990"></trkpt><trkpt lat="48.806790" lon="8.227820"></trkpt><trkpt lat="48.816070" lon="8.234370"></trkpt><trkpt lat="48.824000" lon="8.237760"></trkpt><trkpt lat="48.832810" lon="8.238730"></trkpt><trkpt lat="48.842340" lon="8.246450"></trkpt><trkpt lat="48.843390" lon="8.257680"></trkpt><trkpt lat="48.858670" lon="8.255380"></trkpt><trkpt lat="48.869690" lon="8.263830"></trkpt><trkpt lat="48.880190" lon="8.261320"></trkpt><trkpt lat="48.887810" lon="8.273120"></trkpt><trkpt lat="48.896260" lon="8.275400"></trkpt><trkpt lat="48.909870" lon="8.290110"></trkpt><trkpt lat="48.911280" lon="8.301230"></trkpt><trkpt lat="48.920590" lon="8.297410"></trkpt><trkpt lat="48.925710" lon="8.309030"></trkpt><trkpt lat="48.936670" lon="8.314010"></trkpt><trkpt lat="48.943770" lon="8.321240"></trkpt><trkpt lat="48.950060" lon="8.331160"></trkpt><trkpt lat="48.951790" lon="8.349370"></trkpt><trkpt lat="48.964610" lon="8.394640"></trkpt><trkpt lat="48.971840" lon="8.397880"></trkpt><trkpt lat="48.981920" lon="8.405020"></trkpt><trkpt lat="48.990550" lon="8.406960"></trkpt><trkpt lat="48.996960" lon="8.420790"></trkpt><trkpt lat="49.003750" lon="8.411870"></trkpt><trkpt lat="49.011990" lon="8.416740"></trkpt><trkpt lat="49.018030" lon="8.423340"></trkpt><trkpt lat="49.019980" lon="8.436040"></trkpt><trkpt lat="49.023950" lon="8.445860"></trkpt><trkpt lat="49.034230" lon="8.450950"></trkpt><trkpt lat="49.035900" lon="8.463280"></trkpt><trkpt lat="49.045620" lon="8.465130"></trkpt><trkpt lat="49.055730" lon="8.471650"></trkpt><trkpt lat="49.063200" lon="8.480280"></trkpt><trkpt lat="49.071470" lon="8.492580"></trkpt><trkpt lat="49.084210" lon="8.498620"></trkpt><trkpt lat="49.095040" lon="8.499090"></trkpt><trkpt lat="49.109830" lon="8.508980"></trkpt><trkpt lat="49.117420" lon="8.517840"></trkpt><trkpt lat="49.115980" lon="8.529440"></trkpt><trkpt lat="49.123680" lon="8.533530"></trkpt><trkpt lat="49.122140" lon="8.559650"></trkpt><trkpt lat="49.139540" lon="8.558650"></trkpt><trkpt lat="49.143940" lon="8.573820"></trkpt><trkpt lat="49.154900" lon="8.574400"></trkpt><trkpt lat="49.159000" lon="8.585790"></trkpt><trkpt lat="49.178830" lon="8.601540"></trkpt><trkpt lat="49.187350" lon="8.601810"></trkpt><trkpt lat="49.195640" lon="8.607540"></trkpt><trkpt lat="49.201460" lon="8.615380"></trkpt><trkpt lat="49.204460" lon="8.627710"></trkpt><trkpt lat="49.212450" lon="8.625110"></trkpt><trkpt lat="49.229640" lon="8.639240"></trkpt><trkpt lat="49.254210" lon="8.653510"></trkpt><trkpt lat="49.253980" lon="8.665180"></trkpt><trkpt lat="49.261590" lon="8.669020"></trkpt><trkpt lat="49.263270" lon="8.680370"></trkpt><trkpt lat="49.259980" lon="8.691510"></trkpt><trkpt lat="49.262210" lon="8.702750"></trkpt><trkpt lat="49.265050" lon="8.715820"></trkpt><trkpt lat="49.275350" lon="8.720230"></trkpt><trkpt lat="49.275040" lon="8.735530"></trkpt><trkpt lat="49.286770" lon="8.735930"></trkpt><trkpt lat="49.287850" lon="8.752450"></trkpt><trkpt lat="49.294050" lon="8.771050"></trkpt><trkpt lat="49.296180" lon="8.788820"></trkpt><trkpt lat="49.300930" lon="8.804490"></trkpt><trkpt lat="49.307860" lon="8.808250"></trkpt><trkpt lat="49.313890" lon="8.815710"></trkpt><trkpt lat="49.315680" lon="8.832900"></trkpt><trkpt lat="49.320120" lon="8.843890"></trkpt><trkpt lat="49.329460" lon="8.838810"></trkpt><trkpt lat="49.337730" lon="8.844530"></trkpt><trkpt lat="49.344730" lon="8.851760"></trkpt><trkpt lat="49.354320" lon="8.846450"></trkpt><trkpt lat="49.363540" lon="8.849640"></trkpt><trkpt lat="49.371950" lon="8.855470"></trkpt><trkpt lat="49.382560" lon="8.856860"></trkpt><trkpt lat="49.395600" lon="8.860910"></trkpt><trkpt lat="49.400420" lon="8.871300"></trkpt><trkpt lat="49.403990" lon="8.881100"></trkpt><trkpt lat="49.410420" lon="8.890090"></trkpt><trkpt lat="49.418050" lon="8.896740"></trkpt><trkpt lat="49.429940" lon="8.891210"></trkpt><trkpt lat="49.439750" lon="8.890780"></trkpt><trkpt lat="49.436540" lon="8.902530"></trkpt><trkpt lat="49.446040" lon="8.902400"></trkpt><trkpt lat="49.452740" lon="8.909670"></trkpt><trkpt lat="49.460730" lon="8.913550"></trkpt><trkpt lat="49.465640" lon="8.923580"></trkpt><trkpt lat="49.474120" lon="8.930620"></trkpt><trkpt lat="49.481870" lon="8.932910"></trkpt><trkpt lat="49.488110" lon="8.939840"></trkpt><trkpt lat="49.492070" lon="8.953410"></trkpt><trkpt lat="49.498800" lon="8.960800"></trkpt><trkpt lat="49.506550" lon="8.973790"></trkpt><trkpt lat="49.515430" lon="8.980010"></trkpt><trkpt lat="49.526390" lon="8.984500"></trkpt><trkpt lat="49.534810" lon="8.993430"></trkpt><trkpt lat="49.544920" lon="8.990870"></trkpt><trkpt lat="49.551370" lon="8.997450"></trkpt><trkpt lat="49.557730" lon="9.009050"></trkpt><trkpt lat="49.562530" lon="9.020510"></trkpt><trkpt lat="49.571660" lon="9.033110"></trkpt><trkpt lat="49.574160" lon="9.021380"></trkpt><trkpt lat="49.565620" lon="9.011980"></trkpt><trkpt lat="49.557790" lon="9.011220"></trkpt><trkpt lat="49.570390" lon="9.013380"></trkpt><trkpt lat="49.582380" lon="9.015820"></trkpt><trkpt lat="49.603060" lon="9.022090"></trkpt><trkpt lat="49.608890" lon="9.029450"></trkpt><trkpt lat="49.621250" lon="9.024830"></trkpt><trkpt lat="49.615400" lon="9.034500"></trkpt><trkpt lat="49.611560" lon="9.046580"></trkpt><trkpt lat="49.673430" lon="9.032660"></trkpt><trkpt lat="49.686210" lon="9.033970"></trkpt><trkpt lat="49.696540" lon="9.039170"></trkpt><trkpt lat="49.705830" lon="9.074400"></trkpt><trkpt lat="49.721850" lon="9.070170"></trkpt><trkpt lat="49.726000" lon="9.084990"></trkpt><trkpt lat="49.719560" lon="9.092180"></trkpt><trkpt lat="49.710600" lon="9.104130"></trkpt><trkpt lat="49.718040" lon="9.098150"></trkpt><trkpt lat="49.727480" lon="9.096020"></trkpt><trkpt lat="49.736000" lon="9.094480"></trkpt><trkpt lat="49.745450" lon="9.099830"></trkpt><trkpt lat="49.786060" lon="9.124960"></trkpt><trkpt lat="49.823610" lon="9.127240"></trkpt><trkpt lat="49.830620" lon="9.131600"></trkpt><trkpt lat="49.827200" lon="9.142260"></trkpt><trkpt lat="49.837750" lon="9.139510"></trkpt><trkpt lat="49.845430" lon="9.153110"></trkpt><trkpt lat="49.859980" lon="9.142750"></trkpt><trkpt lat="49.854890" lon="9.158230"></trkpt><trkpt lat="49.861230" lon="9.166970"></trkpt><trkpt lat="49.907170" lon="9.173370"></trkpt><trkpt lat="49.939060" lon="9.174200"></trkpt><trkpt lat="49.959680" lon="9.183840"></trkpt><trkpt lat="49.982420" lon="9.195080"></trkpt><trkpt lat="49.986270" lon="9.215230"></trkpt><trkpt lat="50.007410" lon="9.216850"></trkpt><trkpt lat="50.013530" lon="9.227250"></trkpt><trkpt lat="50.019950" lon="9.236630"></trkpt><trkpt lat="50.026940" lon="9.214030"></trkpt><trkpt lat="50.035050" lon="9.214530"></trkpt><trkpt lat="50.042860" lon="9.214600"></trkpt><trkpt lat="50.053830" lon="9.215680"></trkpt><trkpt lat="50.065810" lon="9.220810"></trkpt><trkpt lat="50.068990" lon="9.232100"></trkpt><trkpt lat="50.064640" lon="9.253400"></trkpt><trkpt lat="50.058500" lon="9.240680"></trkpt><trkpt lat="50.051230" lon="9.248420"></trkpt><trkpt lat="50.059420" lon="9.215760"></trkpt><trkpt lat="50.052620" lon="9.209400"></trkpt><trkpt lat="50.044840" lon="9.202520"></trkpt><trkpt lat="50.101960" lon="9.190610"></trkpt><trkpt lat="50.112350" lon="9.195500"></trkpt><trkpt lat="50.115030" lon="9.210770"></trkpt><trkpt lat="50.123330" lon="9.220010"></trkpt><trkpt lat="50.132580" lon="9.226640"></trkpt><trkpt lat="50.143530" lon="9.230130"></trkpt><trkpt lat="50.173070" lon="9.260340"></trkpt><trkpt lat="50.188990" lon="9.245190"></trkpt><trkpt lat="50.197010" lon="9.253060"></trkpt><trkpt lat="50.203170" lon="9.282690"></trkpt><trkpt lat="50.213140" lon="9.291920"></trkpt><trkpt lat="50.218040" lon="9.309560"></trkpt><trkpt lat="50.238440" lon="9.323600"></trkpt><trkpt lat="50.259610" lon="9.337530"></trkpt><trkpt lat="50.273580" lon="9.339170"></trkpt><trkpt lat="50.282230" lon="9.345510"></trkpt><trkpt lat="50.275090" lon="9.347880"></trkpt><trkpt lat="50.279090" lon="9.332620"></trkpt><trkpt lat="50.290760" lon="9.338850"></trkpt><trkpt lat="50.300700" lon="9.339770"></trkpt><trkpt lat="50.304300" lon="9.353360"></trkpt><trkpt lat="50.312960" lon="9.363730"></trkpt><trkpt lat="50.333820" lon="9.364650"></trkpt><trkpt lat="50.339790" lon="9.375550"></trkpt><trkpt lat="50.346870" lon="9.381720"></trkpt><trkpt lat="50.354260" lon="9.391760"></trkpt><trkpt lat="50.357870" lon="9.401560"></trkpt><trkpt lat="50.339860" lon="9.409850"></trkpt><trkpt lat="50.344670" lon="9.422070"></trkpt><trkpt lat="50.358080" lon="9.423490"></trkpt><trkpt lat="50.363980" lon="9.433520"></trkpt><trkpt lat="50.355170" lon="9.434740"></trkpt><trkpt lat="50.362130" lon="9.443540"></trkpt><trkpt lat="50.372090" lon="9.470210"></trkpt><trkpt lat="50.363210" lon="9.470110"></trkpt><trkpt lat="50.387230" lon="9.457250"></trkpt><trkpt lat="50.391180" lon="9.469600"></trkpt><trkpt lat="50.372500" lon="9.470180"></trkpt><trkpt lat="50.388540" lon="9.476420"></trkpt><trkpt lat="50.390150" lon="9.489620"></trkpt><trkpt lat="50.407160" lon="9.492210"></trkpt><trkpt lat="50.416960" lon="9.485830"></trkpt><trkpt lat="50.426740" lon="9.488180"></trkpt><trkpt lat="50.427970" lon="9.473770"></trkpt><trkpt lat="50.429950" lon="9.487450"></trkpt><trkpt lat="50.439750" lon="9.487690"></trkpt><trkpt lat="50.450700" lon="9.509130"></trkpt><trkpt lat="50.461730" lon="9.516940"></trkpt><trkpt lat="50.469780" lon="9.518710"></trkpt><trkpt lat="50.455650" lon="9.519930"></trkpt><trkpt lat="50.455570" lon="9.507310"></trkpt><trkpt lat="50.446280" lon="9.511260"></trkpt><trkpt lat="50.436820" lon="9.525180"></trkpt><trkpt lat="50.443270" lon="9.519410"></trkpt><trkpt lat="50.450970" lon="9.524960"></trkpt><trkpt lat="50.440840" lon="9.526600"></trkpt><trkpt lat="50.448980" lon="9.531690"></trkpt><trkpt lat="50.460740" lon="9.537930"></trkpt><trkpt lat="50.464310" lon="9.550650"></trkpt><trkpt lat="50.472770" lon="9.553460"></trkpt><trkpt lat="50.483000" lon="9.565170"></trkpt><trkpt lat="50.490110" lon="9.569740"></trkpt><trkpt lat="50.496780" lon="9.576680"></trkpt><trkpt lat="50.502510" lon="9.584490"></trkpt><trkpt lat="50.510880" lon="9.591240"></trkpt><trkpt lat="50.504120" lon="9.582630"></trkpt><trkpt lat="50.494000" lon="9.577520"></trkpt><trkpt lat="50.487380" lon="9.585470"></trkpt><trkpt lat="50.495280" lon="9.589330"></trkpt><trkpt lat="50.509810" lon="9.593670"></trkpt><trkpt lat="50.516230" lon="9.601630"></trkpt><trkpt lat="50.507890" lon="9.598200"></trkpt><trkpt lat="50.515280" lon="9.602710"></trkpt><trkpt lat="50.506840" lon="9.598630"></trkpt><trkpt lat="50.514920" lon="9.600150"></trkpt><trkpt lat="50.512720" lon="9.624470"></trkpt><trkpt lat="50.520990" lon="9.621020"></trkpt><trkpt lat="50.513000" lon="9.619780"></trkpt><trkpt lat="50.502610" lon="9.609780"></trkpt><trkpt lat="50.502470" lon="9.597150"></trkpt><trkpt lat="50.496730" lon="9.585620"></trkpt><trkpt lat="50.504260" lon="9.576080"></trkpt><trkpt lat="50.498970" lon="9.563870"></trkpt><trkpt lat="50.491990" lon="9.552590"></trkpt><trkpt lat="50.499210" lon="9.553150"></trkpt><trkpt lat="50.504500" lon="9.566500"></trkpt><trkpt lat="50.499790" lon="9.550490"></trkpt><trkpt lat="50.490030" lon="9.546940"></trkpt><trkpt lat="50.499050" lon="9.552540"></trkpt><trkpt lat="50.510730" lon="9.550270"></trkpt><trkpt lat="50.530810" lon="9.559180"></trkpt><trkpt lat="50.536500" lon="9.570230"></trkpt><trkpt lat="50.547240" lon="9.571530"></trkpt><trkpt lat="50.551930" lon="9.580620"></trkpt><trkpt lat="50.559440" lon="9.593170"></trkpt><trkpt lat="50.566490" lon="9.600190"></trkpt><trkpt lat="50.577360" lon="9.602780"></trkpt><trkpt lat="50.583870" lon="9.611640"></trkpt><trkpt lat="50.584030" lon="9.627110"></trkpt><trkpt lat="50.577250" lon="9.635690"></trkpt><trkpt lat="50.584400" lon="9.627740"></trkpt><trkpt lat="50.584450" lon="9.639710"></trkpt><trkpt lat="50.592020" lon="9.643590"></trkpt><trkpt lat="50.599930" lon="9.649100"></trkpt><trkpt lat="50.609270" lon="9.647370"></trkpt><trkpt lat="50.622560" lon="9.654300"></trkpt><trkpt lat="50.624200" lon="9.641720"></trkpt><trkpt lat="50.605900" lon="9.645040"></trkpt><trkpt lat="50.617090" lon="9.647600"></trkpt><trkpt lat="50.625510" lon="9.656600"></trkpt><trkpt lat="50.637040" lon="9.664120"></trkpt><trkpt lat="50.644850" lon="9.666140"></trkpt><trkpt lat="50.634600" lon="9.669660"></trkpt><trkpt lat="50.639050" lon="9.679540"></trkpt><trkpt lat="50.626340" lon="9.675370"></trkpt><trkpt lat="50.622370" lon="9.663280"></trkpt><trkpt lat="50.631750" lon="9.668450"></trkpt><trkpt lat="50.635610" lon="9.680940"></trkpt><trkpt lat="50.644730" lon="9.687120"></trkpt><trkpt lat="50.645580" lon="9.702650"></trkpt><trkpt lat="50.652110" lon="9.687700"></trkpt><trkpt lat="50.641770" lon="9.688990"></trkpt><trkpt lat="50.632230" lon="9.694380"></trkpt><trkpt lat="50.631730" lon="9.718530"></trkpt><trkpt lat="50.639650" lon="9.716670"></trkpt><trkpt lat="50.647030" lon="9.726870"></trkpt><trkpt lat="50.654640" lon="9.735880"></trkpt><trkpt lat="50.663590" lon="9.744470"></trkpt><trkpt lat="50.640600" lon="9.747150"></trkpt><trkpt lat="50.650260" lon="9.746190"></trkpt><trkpt lat="50.644780" lon="9.730740"></trkpt><trkpt lat="50.653360" lon="9.734480"></trkpt><trkpt lat="50.661840" lon="9.735280"></trkpt><trkpt lat="50.668060" lon="9.741880"></trkpt><trkpt lat="50.676360" lon="9.751680"></trkpt><trkpt lat="50.682610" lon="9.741260"></trkpt><trkpt lat="50.697770" lon="9.748980"></trkpt><trkpt lat="50.689870" lon="9.745610"></trkpt><trkpt lat="50.683060" lon="9.730480"></trkpt><trkpt lat="50.689590" lon="9.750630"></trkpt><trkpt lat="50.700820" lon="9.752560"></trkpt><trkpt lat="50.707870" lon="9.760350"></trkpt><trkpt lat="50.717260" lon="9.768310"></trkpt><trkpt lat="50.729100" lon="9.778550"></trkpt><trkpt lat="50.730290" lon="9.766680"></trkpt><trkpt lat="50.737890" lon="9.773190"></trkpt><trkpt lat="50.745980" lon="9.780660"></trkpt><trkpt lat="50.738830" lon="9.784640"></trkpt><trkpt lat="50.735260" lon="9.766710"></trkpt><trkpt lat="50.743920" lon="9.772240"></trkpt><trkpt lat="50.749740" lon="9.781170"></trkpt><trkpt lat="50.757130" lon="9.787870"></trkpt><trkpt lat="50.765620" lon="9.796070"></trkpt><trkpt lat="50.771430" lon="9.804940"></trkpt><trkpt lat="50.780790" lon="9.818510"></trkpt><trkpt lat="50.767530" lon="9.824030"></trkpt><trkpt lat="50.779730" lon="9.799370"></trkpt><trkpt lat="50.769590" lon="9.801320"></trkpt><trkpt lat="50.774300" lon="9.810860"></trkpt><trkpt lat="50.782200" lon="9.819340"></trkpt><trkpt lat="50.793900" lon="9.829410"></trkpt><trkpt lat="50.804160" lon="9.834900"></trkpt><trkpt lat="50.803600" lon="9.846670"></trkpt><trkpt lat="50.812320" lon="9.852940"></trkpt><trkpt lat="50.820410" lon="9.863120"></trkpt><trkpt lat="50.826860" lon="9.872630"></trkpt><trkpt lat="50.832880" lon="9.882540"></trkpt><trkpt lat="50.840220" lon="9.889640"></trkpt><trkpt lat="50.848080" lon="9.901230"></trkpt><trkpt lat="50.857520" lon="9.907420"></trkpt><trkpt lat="50.864670" lon="9.910740"></trkpt><trkpt lat="50.869650" lon="9.934660"></trkpt><trkpt lat="50.888720" lon="9.935020"></trkpt><trkpt lat="50.896500" lon="9.938370"></trkpt><trkpt lat="50.894420" lon="9.926320"></trkpt><trkpt lat="50.902120" lon="9.931890"></trkpt><trkpt lat="50.910410" lon="9.933860"></trkpt><trkpt lat="50.920590" lon="9.944090"></trkpt><trkpt lat="50.925890" lon="9.957460"></trkpt><trkpt lat="50.935040" lon="9.965490"></trkpt><trkpt lat="50.929370" lon="9.956160"></trkpt><trkpt lat="50.916060" lon="9.954940"></trkpt><trkpt lat="50.921890" lon="9.984020"></trkpt><trkpt lat="50.929630" lon="9.996330"></trkpt><trkpt lat="50.921520" lon="9.986630"></trkpt><trkpt lat="50.930310" lon="9.991860"></trkpt><trkpt lat="50.932810" lon="10.003830"></trkpt><trkpt lat="50.925180" lon="10.003550"></trkpt><trkpt lat="50.932990" lon="10.003550"></trkpt><trkpt lat="50.946020" lon="10.008900"></trkpt><trkpt lat="50.953780" lon="10.018130"></trkpt><trkpt lat="50.964120" lon="10.027330"></trkpt><trkpt lat="50.971080" lon="10.033330"></trkpt><trkpt lat="50.981650" lon="10.038460"></trkpt><trkpt lat="50.988680" lon="10.041780"></trkpt><trkpt lat="50.939780" lon="10.033580"></trkpt><trkpt lat="50.948930" lon="10.038840"></trkpt><trkpt lat="50.956850" lon="10.046580"></trkpt><trkpt lat="50.964380" lon="10.060030"></trkpt><trkpt lat="50.974620" lon="10.065320"></trkpt><trkpt lat="51.012340" lon="10.060550"></trkpt><trkpt lat="51.020430" lon="10.066790"></trkpt><trkpt lat="51.021610" lon="10.083360"></trkpt><trkpt lat="51.044010" lon="10.183910"></trkpt><trkpt lat="51.051160" lon="10.176150"></trkpt><trkpt lat="51.059280" lon="10.191030"></trkpt><trkpt lat="51.070660" lon="10.198290"></trkpt><trkpt lat="51.077820" lon="10.196510"></trkpt><trkpt lat="51.087960" lon="10.199790"></trkpt><trkpt lat="51.094610" lon="10.208970"></trkpt><trkpt lat="51.103870" lon="10.212800"></trkpt><trkpt lat="51.109910" lon="10.232330"></trkpt><trkpt lat="51.157350" lon="10.233990"></trkpt><trkpt lat="51.165990" lon="10.232940"></trkpt><trkpt lat="51.174420" lon="10.244170"></trkpt><trkpt lat="51.177320" lon="10.260750"></trkpt><trkpt lat="51.184620" lon="10.213630"></trkpt><trkpt lat="51.168400" lon="10.215130"></trkpt><trkpt lat="51.159970" lon="10.212960"></trkpt><trkpt lat="51.148150" lon="10.209510"></trkpt><trkpt lat="51.144610" lon="10.195940"></trkpt><trkpt lat="51.128970" lon="10.197800"></trkpt><trkpt lat="51.095980" lon="10.204830"></trkpt><trkpt lat="51.106040" lon="10.217380"></trkpt><trkpt lat="51.112290" lon="10.223970"></trkpt><trkpt lat="51.119620" lon="10.231200"></trkpt><trkpt lat="51.112610" lon="10.227250"></trkpt><trkpt lat="51.123220" lon="10.207670"></trkpt><trkpt lat="51.114550" lon="10.212360"></trkpt><trkpt lat="51.122930" lon="10.218050"></trkpt><trkpt lat="51.133350" lon="10.246500"></trkpt><trkpt lat="51.174340" lon="10.255320"></trkpt><trkpt lat="51.177900" lon="10.269600"></trkpt><trkpt lat="51.193490" lon="10.312410"></trkpt><trkpt lat="51.207340" lon="10.316520"></trkpt><trkpt lat="51.208610" lon="10.331220"></trkpt><trkpt lat="51.219420" lon="10.343170"></trkpt><trkpt lat="51.220660" lon="10.331170"></trkpt><trkpt lat="51.214340" lon="10.346760"></trkpt><trkpt lat="51.216060" lon="10.327720"></trkpt><trkpt lat="51.203160" lon="10.331060"></trkpt><trkpt lat="51.197880" lon="10.316760"></trkpt><trkpt lat="51.204580" lon="10.328910"></trkpt><trkpt lat="51.181110" lon="10.339100"></trkpt><trkpt lat="51.191220" lon="10.335450"></trkpt><trkpt lat="51.197010" lon="10.345120"></trkpt><trkpt lat="51.177980" lon="10.365720"></trkpt><trkpt lat="51.183800" lon="10.354720"></trkpt><trkpt lat="51.193340" lon="10.361370"></trkpt><trkpt lat="51.212610" lon="10.361270"></trkpt><trkpt lat="51.201100" lon="10.374600"></trkpt><trkpt lat="51.222850" lon="10.379600"></trkpt><trkpt lat="51.226000" lon="10.393160"></trkpt><trkpt lat="51.232290" lon="10.398930"></trkpt><trkpt lat="51.237880" lon="10.411590"></trkpt><trkpt lat="51.246500" lon="10.420600"></trkpt><trkpt lat="51.255760" lon="10.418780"></trkpt><trkpt lat="51.262930" lon="10.416660"></trkpt><trkpt lat="51.270110" lon="10.427490"></trkpt><trkpt lat="51.278400" lon="10.431410"></trkpt><trkpt lat="51.285280" lon="10.435530"></trkpt><trkpt lat="51.276700" lon="10.483070"></trkpt><trkpt lat="51.281670" lon="10.497980"></trkpt><trkpt lat="51.286830" lon="10.528740"></trkpt><trkpt lat="51.294010" lon="10.532710"></trkpt><trkpt lat="51.263980" lon="10.533930"></trkpt><trkpt lat="51.262650" lon="10.520910"></trkpt><trkpt lat="51.255020" lon="10.515570"></trkpt><trkpt lat="51.246370" lon="10.519110"></trkpt><trkpt lat="51.255980" lon="10.523160"></trkpt><trkpt lat="51.260740" lon="10.537400"></trkpt><trkpt lat="51.250830" lon="10.542630"></trkpt><trkpt lat="51.256310" lon="10.550680"></trkpt><trkpt lat="51.261950" lon="10.565890"></trkpt><trkpt lat="51.289670" lon="10.566600"></trkpt><trkpt lat="51.291700" lon="10.583220"></trkpt><trkpt lat="51.298990" lon="10.584370"></trkpt><trkpt lat="51.306450" lon="10.591590"></trkpt><trkpt lat="51.312230" lon="10.603140"></trkpt><trkpt lat="51.328480" lon="10.611330"></trkpt><trkpt lat="51.348500" lon="10.612260"></trkpt><trkpt lat="51.356850" lon="10.625670"></trkpt><trkpt lat="51.349870" lon="10.616700"></trkpt><trkpt lat="51.357630" lon="10.624620"></trkpt><trkpt lat="51.365880" lon="10.633220"></trkpt><trkpt lat="51.373140" lon="10.639190"></trkpt><trkpt lat="51.384170" lon="10.648570"></trkpt><trkpt lat="51.394060" lon="10.652120"></trkpt><trkpt lat="51.399070" lon="10.660620"></trkpt><trkpt lat="51.410200" lon="10.663180"></trkpt><trkpt lat="51.419880" lon="10.662070"></trkpt><trkpt lat="51.428850" lon="10.665630"></trkpt><trkpt lat="51.435670" lon="10.670960"></trkpt><trkpt lat="51.439490" lon="10.683370"></trkpt><trkpt lat="51.452860" lon="10.689550"></trkpt><trkpt lat="51.460730" lon="10.703160"></trkpt><trkpt lat="51.468290" lon="10.700590"></trkpt><trkpt lat="51.456260" lon="10.702510"></trkpt><trkpt lat="51.463970" lon="10.699600"></trkpt><trkpt lat="51.463660" lon="10.714230"></trkpt><trkpt lat="51.473000" lon="10.716150"></trkpt><trkpt lat="51.464160" lon="10.713850"></trkpt><trkpt lat="51.471410" lon="10.710890"></trkpt><trkpt lat="51.461710" lon="10.714890"></trkpt><trkpt lat="51.472830" lon="10.718820"></trkpt><trkpt lat="51.485700" lon="10.719740"></trkpt><trkpt lat="51.495460" lon="10.718970"></trkpt><trkpt lat="51.497430" lon="10.706940"></trkpt><trkpt lat="51.502680" lon="10.716600"></trkpt><trkpt lat="51.509400" lon="10.723010"></trkpt><trkpt lat="51.507570" lon="10.736930"></trkpt><trkpt lat="51.517020" lon="10.737670"></trkpt><trkpt lat="51.508480" lon="10.731140"></trkpt><trkpt lat="51.514900" lon="10.738740"></trkpt><trkpt lat="51.527090" lon="10.747380"></trkpt><trkpt lat="51.538750" lon="10.751840"></trkpt><trkpt lat="51.535460" lon="10.741210"></trkpt><trkpt lat="51.523220" lon="10.750110"></trkpt><trkpt lat="51.537080" lon="10.747120"></trkpt><trkpt lat="51.546740" lon="10.740550"></trkpt><trkpt lat="51.552990" lon="10.746620"></trkpt><trkpt lat="51.562610" lon="10.756220"></trkpt><trkpt lat="51.572010" lon="10.763590"></trkpt><trkpt lat="51.577220" lon="10.786630"></trkpt><trkpt lat="51.584830" lon="10.788900"></trkpt><trkpt lat="51.590240" lon="10.801370"></trkpt><trkpt lat="51.595290" lon="10.793070"></trkpt><trkpt lat="51.604160" lon="10.804480"></trkpt><trkpt lat="51.610590" lon="10.795590"></trkpt><trkpt lat="51.601930" lon="10.804790"></trkpt><trkpt lat="51.592230" lon="10.801160"></trkpt><trkpt lat="51.589840" lon="10.789200"></trkpt><trkpt lat="51.576250" lon="10.789450"></trkpt><trkpt lat="51.568990" lon="10.788120"></trkpt><trkpt lat="51.581270" lon="10.793910"></trkpt><trkpt lat="51.576100" lon="10.804940"></trkpt><trkpt lat="51.567500" lon="10.800070"></trkpt><trkpt lat="51.576310" lon="10.798330"></trkpt><trkpt lat="51.568560" lon="10.788090"></trkpt><trkpt lat="51.578690" lon="10.788070"></trkpt><trkpt lat="51.596590" lon="10.784530"></trkpt><trkpt lat="51.589770" lon="10.798710"></trkpt><trkpt lat="51.581120" lon="10.795810"></trkpt><trkpt lat="51.573030" lon="10.788620"></trkpt><trkpt lat="51.565650" lon="10.783170"></trkpt><trkpt lat="51.557700" lon="10.785390"></trkpt><trkpt lat="51.550200" lon="10.778500"></trkpt><trkpt lat="51.543080" lon="10.769410"></trkpt><trkpt lat="51.540810" lon="10.756060"></trkpt><trkpt lat="51.529080" lon="10.755460"></trkpt><trkpt lat="51.524700" lon="10.745610"></trkpt><trkpt lat="51.515790" lon="10.740850"></trkpt><trkpt lat="51.505980" lon="10.742010"></trkpt><trkpt lat="51.497150" lon="10.742070"></trkpt><trkpt lat="51.488830" lon="10.737350"></trkpt><trkpt lat="51.494970" lon="10.730590"></trkpt><trkpt lat="51.501280" lon="10.737900"></trkpt><trkpt lat="51.510700" lon="10.736530"></trkpt><trkpt lat="51.516350" lon="10.749050"></trkpt><trkpt lat="51.523490" lon="10.753230"></trkpt><trkpt lat="51.521830" lon="10.764890"></trkpt><trkpt lat="51.517080" lon="10.753630"></trkpt><trkpt lat="51.503920" lon="10.754890"></trkpt><trkpt lat="51.512900" lon="10.755070"></trkpt><trkpt lat="51.502340" lon="10.754510"></trkpt><trkpt lat="51.498810" lon="10.768620"></trkpt><trkpt lat="51.498370" lon="10.780650"></trkpt><trkpt lat="51.508140" lon="10.785130"></trkpt><trkpt lat="51.517200" lon="10.791390"></trkpt><trkpt lat="51.508840" lon="10.786870"></trkpt><trkpt lat="51.498040" lon="10.782320"></trkpt><trkpt lat="51.506870" lon="10.788420"></trkpt><trkpt lat="51.513070" lon="10.798340"></trkpt><trkpt lat="51.522680" lon="10.812820"></trkpt><trkpt lat="51.531310" lon="10.816330"></trkpt><trkpt lat="51.544580" lon="10.819090"></trkpt><trkpt lat="51.552920" lon="10.820450"></trkpt><trkpt lat="51.561340" lon="10.824840"></trkpt><trkpt lat="51.570470" lon="10.829550"></trkpt><trkpt lat="51.560820" lon="10.827050"></trkpt><trkpt lat="51.562810" lon="10.814260"></trkpt><trkpt lat="51.573110" lon="10.816300"></trkpt><trkpt lat="51.583960" lon="10.816280"></trkpt><trkpt lat="51.584850" lon="10.801450"></trkpt><trkpt lat="51.593320" lon="10.797980"></trkpt><trkpt lat="51.587580" lon="10.808860"></trkpt><trkpt lat="51.578740" lon="10.811860"></trkpt><trkpt lat="51.595580" lon="10.798300"></trkpt><trkpt lat="51.603250" lon="10.793040"></trkpt><trkpt lat="51.607660" lon="10.808850"></trkpt><trkpt lat="51.612980" lon="10.818760"></trkpt><trkpt lat="51.624960" lon="10.819630"></trkpt><trkpt lat="51.630600" lon="10.828030"></trkpt><trkpt lat="51.635580" lon="10.838100"></trkpt><trkpt lat="51.648490" lon="10.844110"></trkpt><trkpt lat="51.656020" lon="10.849260"></trkpt><trkpt lat="51.662540" lon="10.861540"></trkpt><trkpt lat="51.672910" lon="10.862800"></trkpt><trkpt lat="51.690440" lon="10.872650"></trkpt><trkpt lat="51.682290" lon="10.875480"></trkpt><trkpt lat="51.686970" lon="10.885620"></trkpt><trkpt lat="51.702010" lon="10.897660"></trkpt><trkpt lat="51.710900" lon="10.897720"></trkpt><trkpt lat="51.719770" lon="10.903280"></trkpt><trkpt lat="51.742550" lon="10.902030"></trkpt><trkpt lat="51.746140" lon="10.919150"></trkpt><trkpt lat="51.755280" lon="10.927690"></trkpt><trkpt lat="51.770450" lon="10.944150"></trkpt><trkpt lat="51.761130" lon="10.945320"></trkpt><trkpt lat="51.772260" lon="10.954720"></trkpt><trkpt lat="51.780650" lon="10.966290"></trkpt><trkpt lat="51.790640" lon="10.977020"></trkpt><trkpt lat="51.801030" lon="10.986470"></trkpt><trkpt lat="51.808430" lon="10.992620"></trkpt><trkpt lat="51.838420" lon="10.999500"></trkpt><trkpt lat="51.846030" lon="11.012550"></trkpt><trkpt lat="51.848230" lon="11.028020"></trkpt><trkpt lat="51.862370" lon="11.040700"></trkpt><trkpt lat="51.874170" lon="11.045850"></trkpt><trkpt lat="51.880490" lon="11.056040"></trkpt><trkpt lat="51.884360" lon="11.066870"></trkpt><trkpt lat="51.898140" lon="11.074060"></trkpt><trkpt lat="51.901960" lon="11.085110"></trkpt><trkpt lat="51.909180" lon="11.093520"></trkpt><trkpt lat="51.916580" lon="11.111180"></trkpt><trkpt lat="51.919840" lon="11.124480"></trkpt><trkpt lat="51.921720" lon="11.144730"></trkpt><trkpt lat="51.937410" lon="11.149150"></trkpt><trkpt lat="51.945990" lon="11.156060"></trkpt><trkpt lat="51.945130" lon="11.169810"></trkpt><trkpt lat="51.955850" lon="11.171390"></trkpt><trkpt lat="51.943390" lon="11.176290"></trkpt><trkpt lat="51.950710" lon="11.177190"></trkpt><trkpt lat="51.969850" lon="11.184800"></trkpt><trkpt lat="51.954490" lon="11.186870"></trkpt><trkpt lat="51.956190" lon="11.206310"></trkpt><trkpt lat="51.968100" lon="11.214430"></trkpt><trkpt lat="51.976570" lon="11.221060"></trkpt><trkpt lat="51.985250" lon="11.230480"></trkpt><trkpt lat="51.991840" lon="11.244440"></trkpt><trkpt lat="52.007780" lon="11.250210"></trkpt><trkpt lat="52.016370" lon="11.256550"></trkpt><trkpt lat="52.025660" lon="11.261410"></trkpt><trkpt lat="52.035790" lon="11.267850"></trkpt><trkpt lat="52.046830" lon="11.277480"></trkpt><trkpt lat="52.054820" lon="11.283930"></trkpt><trkpt lat="52.056810" lon="11.301160"></trkpt><trkpt lat="52.069570" lon="11.303430"></trkpt><trkpt lat="52.076650" lon="11.308740"></trkpt><trkpt lat="52.073110" lon="11.320920"></trkpt><trkpt lat="52.082360" lon="11.327070"></trkpt><trkpt lat="52.082140" lon="11.338980"></trkpt><trkpt lat="52.069140" lon="11.342410"></trkpt><trkpt lat="52.067980" lon="11.328960"></trkpt><trkpt lat="52.071850" lon="11.316190"></trkpt><trkpt lat="52.085050" lon="11.326190"></trkpt><trkpt lat="52.069960" lon="11.327310"></trkpt><trkpt lat="52.074900" lon="11.342980"></trkpt><trkpt lat="52.074950" lon="11.359100"></trkpt><trkpt lat="52.071300" lon="11.343640"></trkpt><trkpt lat="52.088680" lon="11.343170"></trkpt><trkpt lat="52.068980" lon="11.346910"></trkpt><trkpt lat="52.063800" lon="11.362230"></trkpt><trkpt lat="52.071430" lon="11.365540"></trkpt><trkpt lat="52.083680" lon="11.354240"></trkpt><trkpt lat="52.062450" lon="11.348640"></trkpt><trkpt lat="52.070630" lon="11.347710"></trkpt><trkpt lat="52.061350" lon="11.345230"></trkpt><trkpt lat="52.065690" lon="11.334780"></trkpt><trkpt lat="52.082670" lon="11.338610"></trkpt><trkpt lat="52.089450" lon="11.346240"></trkpt><trkpt lat="52.092200" lon="11.332490"></trkpt><trkpt lat="52.096620" lon="11.343070"></trkpt><trkpt lat="52.105210" lon="11.340650"></trkpt><trkpt lat="52.094160" lon="11.335990"></trkpt><trkpt lat="52.083260" lon="11.336780"></trkpt><trkpt lat="52.072910" lon="11.327720"></trkpt><trkpt lat="52.083170" lon="11.320610"></trkpt><trkpt lat="52.091000" lon="11.328580"></trkpt><trkpt lat="52.097740" lon="11.338650"></trkpt><trkpt lat="52.104610" lon="11.343980"></trkpt><trkpt lat="52.114840" lon="11.352800"></trkpt><trkpt lat="52.117620" lon="11.363690"></trkpt><trkpt lat="52.096390" lon="11.372610"></trkpt><trkpt lat="52.106900" lon="11.372720"></trkpt><trkpt lat="52.113910" lon="11.380970"></trkpt><trkpt lat="52.122560" lon="11.383760"></trkpt><trkpt lat="52.127720" lon="11.394030"></trkpt><trkpt lat="52.136380" lon="11.402210"></trkpt><trkpt lat="52.129580" lon="11.412340"></trkpt><trkpt lat="52.136090" lon="11.424600"></trkpt><trkpt lat="52.144150" lon="11.436260"></trkpt><trkpt lat="52.152150" lon="11.440740"></trkpt><trkpt lat="52.158350" lon="11.448310"></trkpt><trkpt lat="52.163960" lon="11.458740"></trkpt><trkpt lat="52.170730" lon="11.468920"></trkpt><trkpt lat="52.179960" lon="11.476060"></trkpt><trkpt lat="52.187670" lon="11.476760"></trkpt><trkpt lat="52.192330" lon="11.486060"></trkpt><trkpt lat="52.200980" lon="11.492640"></trkpt><trkpt lat="52.208020" lon="11.489760"></trkpt><trkpt lat="52.217850" lon="11.494900"></trkpt><trkpt lat="52.225830" lon="11.498170"></trkpt><trkpt lat="52.236600" lon="11.502350"></trkpt><trkpt lat="52.245200" lon="11.501560"></trkpt><trkpt lat="52.259460" lon="11.501170"></trkpt><trkpt lat="52.267630" lon="11.503790"></trkpt><trkpt lat="52.272960" lon="11.511960"></trkpt><trkpt lat="52.281290" lon="11.522010"></trkpt><trkpt lat="52.288290" lon="11.530660"></trkpt><trkpt lat="52.295180" lon="11.543640"></trkpt><trkpt lat="52.303580" lon="11.544550"></trkpt><trkpt lat="52.314070" lon="11.548970"></trkpt><trkpt lat="52.322350" lon="11.551440"></trkpt><trkpt lat="52.333330" lon="11.562340"></trkpt><trkpt lat="52.341410" lon="11.566110"></trkpt><trkpt lat="52.350050" lon="11.575860"></trkpt><trkpt lat="52.353850" lon="11.587280"></trkpt><trkpt lat="52.363920" lon="11.589740"></trkpt><trkpt lat="52.358200" lon="11.597720"></trkpt><trkpt lat="52.365880" lon="11.608130"></trkpt><trkpt lat="52.373580" lon="11.611330"></trkpt><trkpt lat="52.379400" lon="11.621680"></trkpt><trkpt lat="52.384610" lon="11.630360"></trkpt><trkpt lat="52.391770" lon="11.641030"></trkpt><trkpt lat="52.398990" lon="11.647830"></trkpt><trkpt lat="52.407160" lon="11.655390"></trkpt><trkpt lat="52.416390" lon="11.663660"></trkpt><trkpt lat="52.426520" lon="11.667700"></trkpt><trkpt lat="52.430620" lon="11.679390"></trkpt><trkpt lat="52.439040" lon="11.685720"></trkpt><trkpt lat="52.446560" lon="11.696350"></trkpt><trkpt lat="52.449890" lon="11.707800"></trkpt><trkpt lat="52.439940" lon="11.704620"></trkpt><trkpt lat="52.435440" lon="11.689060"></trkpt><trkpt lat="52.428980" lon="11.678310"></trkpt><trkpt lat="52.421270" lon="11.670560"></trkpt><trkpt lat="52.408350" lon="11.678130"></trkpt><trkpt lat="52.397910" lon="11.674920"></trkpt><trkpt lat="52.410670" lon="11.680880"></trkpt><trkpt lat="52.400840" lon="11.673190"></trkpt><trkpt lat="52.407130" lon="11.661010"></trkpt><trkpt lat="52.399050" lon="11.662950"></trkpt><trkpt lat="52.389310" lon="11.661650"></trkpt><trkpt lat="52.399470" lon="11.661710"></trkpt><trkpt lat="52.387890" lon="11.658490"></trkpt><trkpt lat="52.395570" lon="11.652170"></trkpt><trkpt lat="52.392170" lon="11.667430"></trkpt><trkpt lat="52.382500" lon="11.659070"></trkpt><trkpt lat="52.390730" lon="11.654950"></trkpt><trkpt lat="52.403450" lon="11.646870"></trkpt><trkpt lat="52.396290" lon="11.640720"></trkpt><trkpt lat="52.404830" lon="11.632240"></trkpt><trkpt lat="52.410810" lon="11.640930"></trkpt><trkpt lat="52.418640" lon="11.646230"></trkpt><trkpt lat="52.424180" lon="11.656600"></trkpt><trkpt lat="52.422460" lon="11.668350"></trkpt><trkpt lat="52.430440" lon="11.676480"></trkpt><trkpt lat="52.447530" lon="11.684110"></trkpt><trkpt lat="52.457220" lon="11.688750"></trkpt><trkpt lat="52.446140" lon="11.687660"></trkpt><trkpt lat="52.438650" lon="11.689520"></trkpt><trkpt lat="52.430490" lon="11.697110"></trkpt><trkpt lat="52.439620" lon="11.694790"></trkpt><trkpt lat="52.451360" lon="11.695790"></trkpt><trkpt lat="52.462640" lon="11.694990"></trkpt><trkpt lat="52.473010" lon="11.698790"></trkpt><trkpt lat="52.480470" lon="11.692130"></trkpt><trkpt lat="52.472980" lon="11.692800"></trkpt><trkpt lat="52.483070" lon="11.697140"></trkpt><trkpt lat="52.490840" lon="11.699790"></trkpt><trkpt lat="52.497780" lon="11.708350"></trkpt><trkpt lat="52.506670" lon="11.719140"></trkpt><trkpt lat="52.514250" lon="11.726430"></trkpt><trkpt lat="52.521890" lon="11.731110"></trkpt><trkpt lat="52.535180" lon="11.732100"></trkpt><trkpt lat="52.543840" lon="11.738360"></trkpt><trkpt lat="52.549540" lon="11.748590"></trkpt><trkpt lat="52.555950" lon="11.755900"></trkpt><trkpt lat="52.563330" lon="11.763710"></trkpt><trkpt lat="52.573350" lon="11.766920"></trkpt><trkpt lat="52.580860" lon="11.780410"></trkpt><trkpt lat="52.585380" lon="11.790550"></trkpt><trkpt lat="52.584340" lon="11.803870"></trkpt><trkpt lat="52.591500" lon="11.809870"></trkpt><trkpt lat="52.589970" lon="11.824880"></trkpt><trkpt lat="52.580910" lon="11.847960"></trkpt><trkpt lat="52.585480" lon="11.857540"></trkpt><trkpt lat="52.585200" lon="11.869390"></trkpt><trkpt lat="52.594310" lon="11.871290"></trkpt><trkpt lat="52.600210" lon="11.878490"></trkpt><trkpt lat="52.607040" lon="11.888860"></trkpt><trkpt lat="52.617060" lon="11.892390"></trkpt><trkpt lat="52.623160" lon="11.902880"></trkpt><trkpt lat="52.631310" lon="11.909000"></trkpt><trkpt lat="52.638930" lon="11.914590"></trkpt><trkpt lat="52.642490" lon="11.925360"></trkpt><trkpt lat="52.649130" lon="11.935120"></trkpt><trkpt lat="52.657130" lon="11.945600"></trkpt><trkpt lat="52.664080" lon="11.957970"></trkpt><trkpt lat="52.654390" lon="11.960740"></trkpt><trkpt lat="52.662530" lon="11.959870"></trkpt><trkpt lat="52.670970" lon="11.962860"></trkpt><trkpt lat="52.674360" lon="11.977340"></trkpt><trkpt lat="52.674710" lon="11.964040"></trkpt><trkpt lat="52.683680" lon="11.968600"></trkpt><trkpt lat="52.695070" lon="11.971880"></trkpt><trkpt lat="52.701930" lon="11.981320"></trkpt><trkpt lat="52.709180" lon="11.991130"></trkpt><trkpt lat="52.718550" lon="12.002130"></trkpt><trkpt lat="52.724930" lon="12.012220"></trkpt><trkpt lat="52.733420" lon="12.021040"></trkpt><trkpt lat="52.741150" lon="12.036190"></trkpt><trkpt lat="52.751240" lon="12.043140"></trkpt><trkpt lat="52.742590" lon="12.046240"></trkpt><trkpt lat="52.751050" lon="12.053640"></trkpt><trkpt lat="52.759880" lon="12.060500"></trkpt><trkpt lat="52.765810" lon="12.070450"></trkpt><trkpt lat="52.772480" lon="12.083470"></trkpt><trkpt lat="52.779950" lon="12.088610"></trkpt><trkpt lat="52.786260" lon="12.096890"></trkpt><trkpt lat="52.794720" lon="12.104070"></trkpt><trkpt lat="52.785530" lon="12.105340"></trkpt><trkpt lat="52.795320" lon="12.113030"></trkpt><trkpt lat="52.803580" lon="12.122730"></trkpt><trkpt lat="52.809100" lon="12.134390"></trkpt><trkpt lat="52.824100" lon="12.132380"></trkpt><trkpt lat="52.816700" lon="12.144130"></trkpt><trkpt lat="52.823820" lon="12.135410"></trkpt><trkpt lat="52.815300" lon="12.133410"></trkpt><trkpt lat="52.824760" lon="12.124520"></trkpt><trkpt lat="52.816980" lon="12.123500"></trkpt><trkpt lat="52.807330" lon="12.114350"></trkpt><trkpt lat="52.813560" lon="12.122050"></trkpt><trkpt lat="52.824850" lon="12.129640"></trkpt><trkpt lat="52.830940" lon="12.140550"></trkpt><trkpt lat="52.837220" lon="12.153760"></trkpt><trkpt lat="52.844260" lon="12.163250"></trkpt><trkpt lat="52.849360" lon="12.172100"></trkpt><trkpt lat="52.851150" lon="12.188110"></trkpt><trkpt lat="52.870780" lon="12.202820"></trkpt><trkpt lat="52.877580" lon="12.213430"></trkpt><trkpt lat="52.891030" lon="12.225280"></trkpt><trkpt lat="52.894050" lon="12.238070"></trkpt><trkpt lat="52.903600" lon="12.240830"></trkpt><trkpt lat="52.909990" lon="12.252480"></trkpt><trkpt lat="52.918330" lon="12.260510"></trkpt><trkpt lat="52.924290" lon="12.268680"></trkpt><trkpt lat="52.932410" lon="12.279120"></trkpt><trkpt lat="52.942720" lon="12.283940"></trkpt><trkpt lat="52.946350" lon="12.295680"></trkpt><trkpt lat="52.954650" lon="12.301680"></trkpt><trkpt lat="52.953090" lon="12.316490"></trkpt><trkpt lat="52.962950" lon="12.320220"></trkpt><trkpt lat="52.957000" lon="12.335380"></trkpt><trkpt lat="52.972240" lon="12.328090"></trkpt><trkpt lat="52.979380" lon="12.330670"></trkpt><trkpt lat="52.976680" lon="12.349150"></trkpt><trkpt lat="52.982860" lon="12.337960"></trkpt><trkpt lat="52.992780" lon="12.340930"></trkpt><trkpt lat="53.003470" lon="12.346400"></trkpt><trkpt lat="53.010890" lon="12.349310"></trkpt><trkpt lat="53.029120" lon="12.351020"></trkpt><trkpt lat="53.036230" lon="12.363480"></trkpt><trkpt lat="53.045000" lon="12.371800"></trkpt><trkpt lat="53.052210" lon="12.380170"></trkpt><trkpt lat="53.060390" lon="12.388210"></trkpt><trkpt lat="53.067640" lon="12.397360"></trkpt><trkpt lat="53.073760" lon="12.407380"></trkpt><trkpt lat="53.081370" lon="12.409890"></trkpt><trkpt lat="53.089960" lon="12.411350"></trkpt><trkpt lat="53.097500" lon="12.423550"></trkpt><trkpt lat="53.108530" lon="12.426090"></trkpt><trkpt lat="53.116130" lon="12.433470"></trkpt><trkpt lat="53.122770" lon="12.441850"></trkpt><trkpt lat="53.130040" lon="12.450800"></trkpt><trkpt lat="53.144100" lon="12.458040"></trkpt><trkpt lat="53.146940" lon="12.469860"></trkpt><trkpt lat="53.156500" lon="12.482240"></trkpt><trkpt lat="53.165000" lon="12.489500"></trkpt><trkpt lat="53.173370" lon="12.494930"></trkpt><trkpt lat="53.185690" lon="12.502110"></trkpt><trkpt lat="53.191720" lon="12.511120"></trkpt><trkpt lat="53.184430" lon="12.512960"></trkpt><trkpt lat="53.194520" lon="12.519600"></trkpt><trkpt lat="53.215530" lon="12.528570"></trkpt><trkpt lat="53.233040" lon="12.535080"></trkpt><trkpt lat="53.240860" lon="12.541270"></trkpt><trkpt lat="53.246950" lon="12.549430"></trkpt><trkpt lat="53.252990" lon="12.562140"></trkpt><trkpt lat="53.254890" lon="12.573930"></trkpt><trkpt lat="53.264270" lon="12.583750"></trkpt><trkpt lat="53.275580" lon="12.585140"></trkpt><trkpt lat="53.282000" lon="12.596730"></trkpt><trkpt lat="53.287860" lon="12.614220"></trkpt><trkpt lat="53.292570" lon="12.625520"></trkpt><trkpt lat="53.304170" lon="12.633640"></trkpt><trkpt lat="53.310980" lon="12.637810"></trkpt><trkpt lat="53.307970" lon="12.623130"></trkpt><trkpt lat="53.300060" lon="12.619380"></trkpt><trkpt lat="53.308120" lon="12.615000"></trkpt><trkpt lat="53.316030" lon="12.627160"></trkpt><trkpt lat="53.307000" lon="12.618060"></trkpt><trkpt lat="53.315210" lon="12.618670"></trkpt><trkpt lat="53.321540" lon="12.626370"></trkpt><trkpt lat="53.326780" lon="12.634870"></trkpt><trkpt lat="53.337840" lon="12.636280"></trkpt><trkpt lat="53.344920" lon="12.641280"></trkpt><trkpt lat="53.353860" lon="12.650540"></trkpt><trkpt lat="53.365160" lon="12.654210"></trkpt><trkpt lat="53.373550" lon="12.656730"></trkpt><trkpt lat="53.384010" lon="12.666800"></trkpt><trkpt lat="53.374190" lon="12.663810"></trkpt><trkpt lat="53.385770" lon="12.661070"></trkpt><trkpt lat="53.393100" lon="12.672240"></trkpt><trkpt lat="53.402840" lon="12.685540"></trkpt><trkpt lat="53.411970" lon="12.694250"></trkpt><trkpt lat="53.422020" lon="12.700890"></trkpt><trkpt lat="53.429210" lon="12.707350"></trkpt><trkpt lat="53.435000" lon="12.714670"></trkpt><trkpt lat="53.443500" lon="12.723680"></trkpt><trkpt lat="53.451510" lon="12.733410"></trkpt><trkpt lat="53.461800" lon="12.740750"></trkpt><trkpt lat="53.450440" lon="12.741190"></trkpt><trkpt lat="53.444220" lon="12.732820"></trkpt><trkpt lat="53.451970" lon="12.728580"></trkpt><trkpt lat="53.459350" lon="12.737530"></trkpt><trkpt lat="53.468570" lon="12.748400"></trkpt><trkpt lat="53.477440" lon="12.751040"></trkpt><trkpt lat="53.483810" lon="12.758640"></trkpt><trkpt lat="53.498630" lon="12.763210"></trkpt><trkpt lat="53.515160" lon="12.769660"></trkpt><trkpt lat="53.520450" lon="12.782930"></trkpt><trkpt lat="53.529350" lon="12.789230"></trkpt><trkpt lat="53.533070" lon="12.800810"></trkpt><trkpt lat="53.540700" lon="12.813250"></trkpt><trkpt lat="53.553340" lon="12.812660"></trkpt><trkpt lat="53.562620" lon="12.818710"></trkpt><trkpt lat="53.565460" lon="12.832960"></trkpt><trkpt lat="53.577400" lon="12.835790"></trkpt><trkpt lat="53.584870" lon="12.845350"></trkpt><trkpt lat="53.592950" lon="12.850280"></trkpt><trkpt lat="53.583940" lon="12.846560"></trkpt><trkpt lat="53.587570" lon="12.860550"></trkpt><trkpt lat="53.595240" lon="12.865510"></trkpt><trkpt lat="53.603250" lon="12.867510"></trkpt><trkpt lat="53.611890" lon="12.872010"></trkpt><trkpt lat="53.603110" lon="12.867070"></trkpt><trkpt lat="53.612580" lon="12.871490"></trkpt><trkpt lat="53.619890" lon="12.865750"></trkpt><trkpt lat="53.627870" lon="12.878510"></trkpt><trkpt lat="53.634070" lon="12.892220"></trkpt><trkpt lat="53.641050" lon="12.904420"></trkpt><trkpt lat="53.628260" lon="12.894710"></trkpt><trkpt lat="53.619970" lon="12.888150"></trkpt><trkpt lat="53.629540" lon="12.858620"></trkpt><trkpt lat="53.653830" lon="12.859300"></trkpt><trkpt lat="53.657580" lon="12.844530"></trkpt><trkpt lat="53.639810" lon="12.845420"></trkpt><trkpt lat="53.638060" lon="12.828820"></trkpt><trkpt lat="53.630470" lon="12.834150"></trkpt><trkpt lat="53.618810" lon="12.830190"></trkpt><trkpt lat="53.625730" lon="12.834550"></trkpt><trkpt lat="53.633510" lon="12.842810"></trkpt><trkpt lat="53.642340" lon="12.843220"></trkpt><trkpt lat="53.647450" lon="12.859610"></trkpt><trkpt lat="53.657990" lon="12.864020"></trkpt><trkpt lat="53.650900" lon="12.857030"></trkpt><trkpt lat="53.643970" lon="12.849520"></trkpt><trkpt lat="53.634650" lon="12.842030"></trkpt><trkpt lat="53.635050" lon="12.827420"></trkpt><trkpt lat="53.630670" lon="12.815120"></trkpt><trkpt lat="53.621580" lon="12.813730"></trkpt><trkpt lat="53.611010" lon="12.808220"></trkpt><trkpt lat="53.603620" lon="12.802670"></trkpt><trkpt lat="53.595560" lon="12.809410"></trkpt><trkpt lat="53.594660" lon="12.797040"></trkpt><trkpt lat="53.587020" lon="12.778830"></trkpt><trkpt lat="53.596510" lon="12.780570"></trkpt><trkpt lat="53.606530" lon="12.782240"></trkpt><trkpt lat="53.606310" lon="12.795090"></trkpt><trkpt lat="53.615740" lon="12.795470"></trkpt><trkpt lat="53.625880" lon="12.797350"></trkpt><trkpt lat="53.635720" lon="12.798780"></trkpt><trkpt lat="53.645600" lon="12.795350"></trkpt><trkpt lat="53.657830" lon="12.800820"></trkpt><trkpt lat="53.666130" lon="12.796270"></trkpt><trkpt lat="53.674130" lon="12.788790"></trkpt><trkpt lat="53.674100" lon="12.807730"></trkpt><trkpt lat="53.683070" lon="12.809900"></trkpt><trkpt lat="53.674970" lon="12.830210"></trkpt><trkpt lat="53.683420" lon="12.841910"></trkpt><trkpt lat="53.687560" lon="12.853100"></trkpt><trkpt lat="53.679950" lon="12.854590"></trkpt><trkpt lat="53.689490" lon="12.860750"></trkpt><trkpt lat="53.698830" lon="12.863000"></trkpt><trkpt lat="53.705020" lon="12.873340"></trkpt><trkpt lat="53.714680" lon="12.882480"></trkpt><trkpt lat="53.722900" lon="12.885140"></trkpt><trkpt lat="53.730000" lon="12.895310"></trkpt><trkpt lat="53.737120" lon="12.901430"></trkpt><trkpt lat="53.746790" lon="12.905900"></trkpt><trkpt lat="53.755770" lon="12.920120"></trkpt><trkpt lat="53.763830" lon="12.922860"></trkpt><trkpt lat="53.773370" lon="12.928480"></trkpt><trkpt lat="53.764900" lon="12.929710"></trkpt><trkpt lat="53.771200" lon="12.936220"></trkpt><trkpt lat="53.778980" lon="12.940380"></trkpt><trkpt lat="53.789480" lon="12.943630"></trkpt><trkpt lat="53.797790" lon="12.950260"></trkpt><trkpt lat="53.805730" lon="12.956120"></trkpt><trkpt lat="53.814370" lon="12.964790"></trkpt><trkpt lat="53.821270" lon="12.972700"></trkpt><trkpt lat="53.826790" lon="12.982040"></trkpt><trkpt lat="53.836630" lon="12.988580"></trkpt><trkpt lat="53.845610" lon="12.997030"></trkpt><trkpt lat="53.850110" lon="13.010540"></trkpt><trkpt lat="53.855080" lon="12.998720"></trkpt><trkpt lat="53.848360" lon="13.010680"></trkpt><trkpt lat="53.857010" lon="12.981980"></trkpt><trkpt lat="53.864750" lon="12.991490"></trkpt><trkpt lat="53.872700" lon="12.999700"></trkpt><trkpt lat="53.880680" lon="13.009530"></trkpt><trkpt lat="53.885630" lon="13.020780"></trkpt><trkpt lat="53.892590" lon="13.027010"></trkpt><trkpt lat="53.901830" lon="13.038600"></trkpt><trkpt lat="53.909460" lon="13.042560"></trkpt><trkpt lat="53.916270" lon="13.048060"></trkpt><trkpt lat="53.922700" lon="13.042150"></trkpt><trkpt lat="53.930820" lon="13.043570"></trkpt><trkpt lat="53.924240" lon="13.038400"></trkpt><trkpt lat="53.917730" lon="13.025980"></trkpt><trkpt lat="53.927950" lon="13.036270"></trkpt><trkpt lat="53.931880" lon="13.046790"></trkpt><trkpt lat="53.943150" lon="13.065660"></trkpt><trkpt lat="53.951690" lon="13.071670"></trkpt><trkpt lat="53.961510" lon="13.079490"></trkpt><trkpt lat="53.969250" lon="13.087070"></trkpt><trkpt lat="53.977790" lon="13.088300"></trkpt><trkpt lat="53.985730" lon="13.094670"></trkpt><trkpt lat="53.986200" lon="13.110050"></trkpt><trkpt lat="53.991090" lon="13.125600"></trkpt><trkpt lat="53.999270" lon="13.133350"></trkpt><trkpt lat="54.006500" lon="13.140900"></trkpt><trkpt lat="53.993320" lon="13.143830"></trkpt><trkpt lat="54.008430" lon="13.143980"></trkpt><trkpt lat="54.006030" lon="13.159690"></trkpt><trkpt lat="54.010840" lon="13.169650"></trkpt><trkpt lat="54.014030" lon="13.209870"></trkpt><trkpt lat="54.019560" lon="13.225130"></trkpt><trkpt lat="54.031410" lon="13.230340"></trkpt><trkpt lat="54.042410" lon="13.236840"></trkpt><trkpt lat="54.047460" lon="13.247330"></trkpt><trkpt lat="54.039200" lon="13.252290"></trkpt><trkpt lat="54.047160" lon="13.257620"></trkpt><trkpt lat="54.055720" lon="13.260370"></trkpt><trkpt lat="54.048000" lon="13.267210"></trkpt><trkpt lat="54.056580" lon="13.264000"></trkpt><trkpt lat="54.067670" lon="13.264200"></trkpt><trkpt lat="54.071690" lon="13.276010"></trkpt><trkpt lat="54.078930" lon="13.269970"></trkpt><trkpt lat="54.088260" lon="13.270470"></trkpt><trkpt lat="54.098390" lon="13.272490"></trkpt><trkpt lat="54.087380" lon="13.279360"></trkpt><trkpt lat="54.097230" lon="13.277380"></trkpt><trkpt lat="54.104430" lon="13.288580"></trkpt><trkpt lat="54.113190" lon="13.293600"></trkpt><trkpt lat="54.119420" lon="13.303750"></trkpt><trkpt lat="54.127740" lon="13.310860"></trkpt><trkpt lat="54.135750" lon="13.315400"></trkpt><trkpt lat="54.140600" lon="13.334320"></trkpt><trkpt lat="54.151450" lon="13.336250"></trkpt><trkpt lat="54.144210" lon="13.341530"></trkpt><trkpt lat="54.139980" lon="13.353830"></trkpt><trkpt lat="54.147580" lon="13.367010"></trkpt><trkpt lat="54.153750" lon="13.377290"></trkpt><trkpt lat="54.149520" lon="13.398070"></trkpt><trkpt lat="54.151560" lon="13.413920"></trkpt><trkpt lat="54.160200" lon="13.413170"></trkpt><trkpt lat="54.154180" lon="13.426110"></trkpt><trkpt lat="54.164730" lon="13.423000"></trkpt><trkpt lat="54.149580" lon="13.418680"></trkpt><trkpt lat="54.148630" lon="13.433220"></trkpt><trkpt lat="54.156300" lon="13.434340"></trkpt><trkpt lat="54.163480" lon="13.436140"></trkpt><trkpt lat="54.162350" lon="13.423050"></trkpt><trkpt lat="54.161660" lon="13.405940"></trkpt><trkpt lat="54.147140" lon="13.413500"></trkpt><trkpt lat="54.148110" lon="13.849670"></trkpt><trkpt lat="52.322270" lon="13.855250"></trkpt><trkpt lat="52.328850" lon="13.837040"></trkpt><trkpt lat="52.314100" lon="13.845170"></trkpt><trkpt lat="52.323780" lon="13.831230"></trkpt><trkpt lat="52.311480" lon="13.841470"></trkpt><trkpt lat="52.341320" lon="13.810460"></trkpt><trkpt lat="52.333670" lon="13.814080"></trkpt><trkpt lat="52.316860" lon="13.813940"></trkpt><trkpt lat="52.318340" lon="13.827650"></trkpt><trkpt lat="52.318440" lon="13.840220"></trkpt><trkpt lat="52.310780" lon="13.825090"></trkpt><trkpt lat="52.303960" lon="13.821080"></trkpt><trkpt lat="52.311650" lon="13.818620"></trkpt><trkpt lat="52.312120" lon="13.832660"></trkpt><trkpt lat="52.329380" lon="13.835290"></trkpt><trkpt lat="52.325760" lon="13.822840"></trkpt><trkpt lat="52.334510" lon="13.823730"></trkpt><trkpt lat="52.318020" lon="13.818340"></trkpt><trkpt lat="52.310070" lon="13.815250"></trkpt><trkpt lat="52.299790" lon="13.807410"></trkpt><trkpt lat="52.291830" lon="13.804740"></trkpt><trkpt lat="52.288810" lon="13.791730"></trkpt><trkpt lat="52.277200" lon="13.788830"></trkpt><trkpt lat="52.274840" lon="13.769860"></trkpt><trkpt lat="52.268260" lon="13.759800"></trkpt><trkpt lat="52.259270" lon="13.755530"></trkpt><trkpt lat="52.252590" lon="13.764670"></trkpt><trkpt lat="52.247850" lon="13.753440"></trkpt><trkpt lat="52.257730" lon="13.751500"></trkpt><trkpt lat="52.267990" lon="13.752270"></trkpt><trkpt lat="52.258010" lon="13.751440"></trkpt><trkpt lat="52.261350" lon="13.739040"></trkpt><trkpt lat="52.268830" lon="13.737280"></trkpt><trkpt lat="52.289230" lon="13.744120"></trkpt><trkpt lat="52.305360" lon="13.738380"></trkpt><trkpt lat="52.298560" lon="13.760820"></trkpt><trkpt lat="52.308830" lon="13.749170"></trkpt><trkpt lat="52.316500" lon="13.757110"></trkpt><trkpt lat="52.303680" lon="13.754860"></trkpt><trkpt lat="52.297400" lon="13.742890"></trkpt><trkpt lat="52.287960" lon="13.739520"></trkpt><trkpt lat="52.284920" lon="13.727820"></trkpt><trkpt lat="52.276780" lon="13.723600"></trkpt><trkpt lat="52.268640" lon="13.713730"></trkpt><trkpt lat="52.275710" lon="13.709170"></trkpt><trkpt lat="52.284080" lon="13.704890"></trkpt><trkpt lat="52.291670" lon="13.704140"></trkpt><trkpt lat="52.300970" lon="13.703190"></trkpt><trkpt lat="52.307730" lon="13.709860"></trkpt><trkpt lat="52.305710" lon="13.723940"></trkpt><trkpt lat="52.320750" lon="13.724130"></trkpt><trkpt lat="52.328330" lon="13.732350"></trkpt><trkpt lat="52.336790" lon="13.744430"></trkpt><trkpt lat="52.345790" lon="13.747360"></trkpt><trkpt lat="52.352660" lon="13.750980"></trkpt><trkpt lat="52.344100" lon="13.752340"></trkpt><trkpt lat="52.352500" lon="13.746260"></trkpt><trkpt lat="52.369580" lon="13.753330"></trkpt><trkpt lat="52.361620" lon="13.749200"></trkpt><trkpt lat="52.357020" lon="13.758350"></trkpt><trkpt lat="52.350110" lon="13.750670"></trkpt><trkpt lat="52.343890" lon="13.743450"></trkpt><trkpt lat="52.337370" lon="13.734130"></trkpt><trkpt lat="52.328530" lon="13.741260"></trkpt><trkpt lat="52.315310" lon="13.735500"></trkpt><trkpt lat="52.300730" lon="13.733640"></trkpt><trkpt lat="52.292680" lon="13.725350"></trkpt><trkpt lat="52.285550" lon="13.718840"></trkpt><trkpt lat="52.269640" lon="13.710340"></trkpt><trkpt lat="52.261610" lon="13.700650"></trkpt><trkpt lat="52.255200" lon="13.691960"></trkpt><trkpt lat="52.246440" lon="13.692580"></trkpt><trkpt lat="52.239340" lon="13.684910"></trkpt><trkpt lat="52.234740" lon="13.674070"></trkpt><trkpt lat="52.227900" lon="13.665570"></trkpt><trkpt lat="52.224100" lon="13.652830"></trkpt><trkpt lat="52.215620" lon="13.649140"></trkpt><trkpt lat="52.206700" lon="13.640170"></trkpt><trkpt lat="52.199680" lon="13.635720"></trkpt><trkpt lat="52.191850" lon="13.628940"></trkpt><trkpt lat="52.185950" lon="13.613850"></trkpt><trkpt lat="52.181230" lon="13.603450"></trkpt><trkpt lat="52.170650" lon="13.595210"></trkpt><trkpt lat="52.158160" lon="13.589650"></trkpt><trkpt lat="52.165810" lon="13.595980"></trkpt><trkpt lat="52.159550" lon="13.587690"></trkpt><trkpt lat="52.160740" lon="13.600380"></trkpt><trkpt lat="52.153750" lon="13.590070"></trkpt><trkpt lat="52.162900" lon="13.588540"></trkpt><trkpt lat="52.178420" lon="13.593710"></trkpt><trkpt lat="52.175330" lon="13.575140"></trkpt><trkpt lat="52.172230" lon="13.592170"></trkpt><trkpt lat="52.190160" lon="13.598630"></trkpt><trkpt lat="52.205420" lon="13.608450"></trkpt><trkpt lat="52.211590" lon="13.618240"></trkpt><trkpt lat="52.218380" lon="13.625720"></trkpt><trkpt lat="52.228470" lon="13.624340"></trkpt><trkpt lat="52.231890" lon="13.635500"></trkpt><trkpt lat="52.225190" lon="13.647800"></trkpt><trkpt lat="52.218020" lon="13.638460"></trkpt><trkpt lat="52.207920" lon="13.635130"></trkpt><trkpt lat="52.215680" lon="13.642880"></trkpt><trkpt lat="52.206140" lon="13.638700"></trkpt><trkpt lat="52.196240" lon="13.637300"></trkpt><trkpt lat="52.193160" lon="13.625320"></trkpt><trkpt lat="52.183430" lon="13.622330"></trkpt><trkpt lat="52.176160" lon="13.616150"></trkpt><trkpt lat="52.170640" lon="13.606470"></trkpt><trkpt lat="52.163630" lon="13.593280"></trkpt><trkpt lat="52.150240" lon="13.587000"></trkpt><trkpt lat="52.146180" lon="13.574850"></trkpt><trkpt lat="52.139260" lon="13.564270"></trkpt><trkpt lat="52.131350" lon="13.563540"></trkpt><trkpt lat="52.120840" lon="13.555250"></trkpt><trkpt lat="52.116380" lon="13.542600"></trkpt><trkpt lat="52.111320" lon="13.533430"></trkpt><trkpt lat="52.103550" lon="13.526970"></trkpt><trkpt lat="52.090660" lon="13.516620"></trkpt><trkpt lat="52.081640" lon="13.512520"></trkpt><trkpt lat="52.078540" lon="13.497080"></trkpt><trkpt lat="52.072260" lon="13.491300"></trkpt><trkpt lat="52.063150" lon="13.489890"></trkpt><trkpt lat="52.060480" lon="13.477270"></trkpt><trkpt lat="52.050680" lon="13.471670"></trkpt><trkpt lat="52.043490" lon="13.467050"></trkpt><trkpt lat="52.034530" lon="13.458540"></trkpt><trkpt lat="52.045260" lon="13.456650"></trkpt><trkpt lat="52.035120" lon="13.455570"></trkpt><trkpt lat="52.027360" lon="13.446920"></trkpt><trkpt lat="52.018630" lon="13.441700"></trkpt><trkpt lat="52.026120" lon="13.437670"></trkpt><trkpt lat="52.019290" lon="13.432790"></trkpt><trkpt lat="52.009280" lon="13.425200"></trkpt><trkpt lat="52.003510" lon="13.417490"></trkpt><trkpt lat="51.996060" lon="13.411740"></trkpt><trkpt lat="52.000620" lon="13.422770"></trkpt><trkpt lat="51.993320" lon="13.421010"></trkpt><trkpt lat="51.984390" lon="13.415520"></trkpt><trkpt lat="51.976690" lon="13.410110"></trkpt><trkpt lat="51.981450" lon="13.401330"></trkpt><trkpt lat="51.976050" lon="13.388850"></trkpt><trkpt lat="51.969920" lon="13.378960"></trkpt><trkpt lat="51.965080" lon="13.367230"></trkpt><trkpt lat="51.958000" lon="13.364900"></trkpt><trkpt lat="51.949140" lon="13.362780"></trkpt><trkpt lat="51.952230" lon="13.374090"></trkpt><trkpt lat="51.962020" lon="13.367460"></trkpt><trkpt lat="51.951840" lon="13.367900"></trkpt><trkpt lat="51.942380" lon="13.366870"></trkpt><trkpt lat="51.949640" lon="13.371590"></trkpt><trkpt lat="51.958490" lon="13.373920"></trkpt><trkpt lat="51.948230" lon="13.374990"></trkpt><trkpt lat="51.940580" lon="13.376250"></trkpt><trkpt lat="51.953280" lon="13.379970"></trkpt><trkpt lat="51.945070" lon="13.372700"></trkpt><trkpt lat="51.938880" lon="13.362040"></trkpt><trkpt lat="51.930370" lon="13.356200"></trkpt><trkpt lat="51.934540" lon="13.372360"></trkpt><trkpt lat="51.945870" lon="13.375550"></trkpt><trkpt lat="51.950790" lon="13.386990"></trkpt><trkpt lat="51.960050" lon="13.386700"></trkpt><trkpt lat="51.953600" lon="13.374500"></trkpt><trkpt lat="51.948730" lon="13.365190"></trkpt><trkpt lat="51.939580" lon="13.361250"></trkpt><trkpt lat="51.932990" lon="13.352940"></trkpt><trkpt lat="51.926340" lon="13.347450"></trkpt><trkpt lat="51.919420" lon="13.337110"></trkpt><trkpt lat="51.909070" lon="13.334340"></trkpt><trkpt lat="51.917370" lon="13.341420"></trkpt><trkpt lat="51.907890" lon="13.340900"></trkpt><trkpt lat="51.900810" lon="13.332390"></trkpt><trkpt lat="51.891510" lon="13.325920"></trkpt><trkpt lat="51.882960" lon="13.311620"></trkpt><trkpt lat="51.877380" lon="13.300610"></trkpt><trkpt lat="51.870940" lon="13.293820"></trkpt><trkpt lat="51.872480" lon="13.313820"></trkpt><trkpt lat="51.853250" lon="13.310950"></trkpt><trkpt lat="51.860610" lon="13.309780"></trkpt><trkpt lat="51.858430" lon="13.297430"></trkpt><trkpt lat="51.852080" lon="13.313310"></trkpt><trkpt lat="51.863770" lon="13.315400"></trkpt><trkpt lat="51.851990" lon="13.316960"></trkpt><trkpt lat="51.843620" lon="13.312770"></trkpt><trkpt lat="51.852110" lon="13.315400"></trkpt><trkpt lat="51.855540" lon="13.332150"></trkpt><trkpt lat="51.865080" lon="13.332340"></trkpt><trkpt lat="51.857040" lon="13.333590"></trkpt><trkpt lat="51.849100" lon="13.326370"></trkpt><trkpt lat="51.826690" lon="13.326050"></trkpt><trkpt lat="51.815240" lon="13.324230"></trkpt><trkpt lat="51.808430" lon="13.318530"></trkpt><trkpt lat="51.804070" lon="13.308270"></trkpt><trkpt lat="51.797280" lon="13.300440"></trkpt><trkpt lat="51.786750" lon="13.300310"></trkpt><trkpt lat="51.781900" lon="13.289710"></trkpt><trkpt lat="51.774100" lon="13.284020"></trkpt><trkpt lat="51.781630" lon="13.285540"></trkpt><trkpt lat="51.784660" lon="13.269750"></trkpt><trkpt lat="51.775550" lon="13.261560"></trkpt><trkpt lat="51.782940" lon="13.264560"></trkpt><trkpt lat="51.790980" lon="13.270800"></trkpt><trkpt lat="51.799390" lon="13.272150"></trkpt><trkpt lat="51.810910" lon="13.267690"></trkpt><trkpt lat="51.817990" lon="13.280000"></trkpt><trkpt lat="51.827660" lon="13.290150"></trkpt><trkpt lat="51.819690" lon="13.287760"></trkpt><trkpt lat="51.828740" lon="13.299740"></trkpt><trkpt lat="51.836110" lon="13.312020"></trkpt><trkpt lat="51.837260" lon="13.342270"></trkpt><trkpt lat="51.843260" lon="13.358410"></trkpt><trkpt lat="51.836640" lon="13.345880"></trkpt><trkpt lat="51.825200" lon="13.345820"></trkpt><trkpt lat="51.823090" lon="13.331900"></trkpt><trkpt lat="51.826630" lon="13.345780"></trkpt><trkpt lat="51.807770" lon="13.344150"></trkpt><trkpt lat="51.822210" lon="13.353110"></trkpt><trkpt lat="51.809740" lon="13.347310"></trkpt><trkpt lat="51.818920" lon="13.351620"></trkpt><trkpt lat="51.823440" lon="13.364960"></trkpt><trkpt lat="51.806490" lon="13.363890"></trkpt><trkpt lat="51.818360" lon="13.369100"></trkpt><trkpt lat="51.824820" lon="13.381170"></trkpt><trkpt lat="51.831080" lon="13.393190"></trkpt><trkpt lat="51.821630" lon="13.391100"></trkpt><trkpt lat="51.829520" lon="13.390740"></trkpt><trkpt lat="51.845080" lon="13.389910"></trkpt><trkpt lat="51.855880" lon="13.392290"></trkpt><trkpt lat="51.844080" lon="13.392890"></trkpt><trkpt lat="51.839260" lon="13.382690"></trkpt><trkpt lat="51.855860" lon="13.384640"></trkpt><trkpt lat="51.846050" lon="13.385780"></trkpt><trkpt lat="51.855750" lon="13.376210"></trkpt><trkpt lat="51.863970" lon="13.373370"></trkpt><trkpt lat="51.871130" lon="13.384260"></trkpt><trkpt lat="51.880400" lon="13.396760"></trkpt><trkpt lat="51.871780" lon="13.390560"></trkpt><trkpt lat="51.866100" lon="13.368720"></trkpt><trkpt lat="51.876170" lon="13.368500"></trkpt><trkpt lat="51.868950" lon="13.363060"></trkpt><trkpt lat="51.891760" lon="13.366620"></trkpt><trkpt lat="51.880310" lon="13.365240"></trkpt><trkpt lat="51.874820" lon="13.356630"></trkpt><trkpt lat="51.862590" lon="13.347740"></trkpt><trkpt lat="51.853950" lon="13.346260"></trkpt><trkpt lat="51.862060" lon="13.355990"></trkpt><trkpt lat="51.869600" lon="13.369840"></trkpt><trkpt lat="51.878530" lon="13.375990"></trkpt><trkpt lat="51.887990" lon="13.383750"></trkpt><trkpt lat="51.896490" lon="13.390450"></trkpt><trkpt lat="51.903650" lon="13.401190"></trkpt><trkpt lat="51.913960" lon="13.402980"></trkpt><trkpt lat="51.917040" lon="13.424990"></trkpt><trkpt lat="51.925670" lon="13.436490"></trkpt><trkpt lat="51.929910" lon="13.446700"></trkpt><trkpt lat="51.936220" lon="13.461610"></trkpt><trkpt lat="51.943220" lon="13.469530"></trkpt><trkpt lat="51.934660" lon="13.470560"></trkpt><trkpt lat="51.927760" lon="13.466710"></trkpt><trkpt lat="51.920330" lon="13.449640"></trkpt><trkpt lat="51.911940" lon="13.443870"></trkpt><trkpt lat="51.905890" lon="13.433390"></trkpt><trkpt lat="51.903050" lon="13.421950"></trkpt><trkpt lat="51.893930" lon="13.421630"></trkpt><trkpt lat="51.882600" lon="13.415250"></trkpt><trkpt lat="51.877840" lon="13.406150"></trkpt><trkpt lat="51.871390" lon="13.393820"></trkpt><trkpt lat="51.860410" lon="13.390400"></trkpt><trkpt lat="51.851260" lon="13.385130"></trkpt><trkpt lat="51.845560" lon="13.361680"></trkpt><trkpt lat="51.838020" lon="13.367360"></trkpt><trkpt lat="51.831410" lon="13.359960"></trkpt><trkpt lat="51.839000" lon="13.361670"></trkpt><trkpt lat="51.847450" lon="13.371010"></trkpt><trkpt lat="51.839510" lon="13.366570"></trkpt><trkpt lat="51.836880" lon="13.387660"></trkpt><trkpt lat="51.827340" lon="13.378170"></trkpt><trkpt lat="51.833260" lon="13.389000"></trkpt><trkpt lat="51.842230" lon="13.386090"></trkpt><trkpt lat="51.851190" lon="13.397690"></trkpt><trkpt lat="51.859220" lon="13.413080"></trkpt><trkpt lat="51.857820" lon="13.428650"></trkpt><trkpt lat="51.868590" lon="13.431090"></trkpt><trkpt lat="51.868900" lon="13.445320"></trkpt><trkpt lat="51.876340" lon="13.452300"></trkpt><trkpt lat="51.887110" lon="13.451720"></trkpt><trkpt lat="51.897400" lon="13.463190"></trkpt><trkpt lat="51.895430" lon="13.490340"></trkpt><trkpt lat="51.900570" lon="13.499510"></trkpt><trkpt lat="51.909120" lon="13.506500"></trkpt><trkpt lat="51.918170" lon="13.510420"></trkpt><trkpt lat="51.910100" lon="13.510280"></trkpt><trkpt lat="51.932160" lon="13.504180"></trkpt><trkpt lat="51.922100" lon="13.497010"></trkpt><trkpt lat="51.907510" lon="13.493630"></trkpt><trkpt lat="51.900200" lon="13.485000"></trkpt><trkpt lat="51.887790" lon="13.475960"></trkpt><trkpt lat="51.886690" lon="13.460090"></trkpt><trkpt lat="51.893280" lon="13.472120"></trkpt><trkpt lat="51.906950" lon="13.475450"></trkpt><trkpt lat="51.917850" lon="13.479880"></trkpt><trkpt lat="51.921950" lon="13.489720"></trkpt><trkpt lat="51.929110" lon="13.497240"></trkpt><trkpt lat="51.929830" lon="13.510500"></trkpt><trkpt lat="51.920760" lon="13.507960"></trkpt><trkpt lat="51.913530" lon="13.493220"></trkpt><trkpt lat="51.909100" lon="13.476690"></trkpt><trkpt lat="51.903670" lon="13.457910"></trkpt><trkpt lat="51.884720" lon="13.451230"></trkpt><trkpt lat="51.877200" lon="13.448540"></trkpt><trkpt lat="51.872250" lon="13.439930"></trkpt><trkpt lat="51.858050" lon="13.439040"></trkpt><trkpt lat="51.849680" lon="13.429970"></trkpt><trkpt lat="51.840490" lon="13.420520"></trkpt><trkpt lat="51.827660" lon="13.420550"></trkpt><trkpt lat="51.823170" lon="13.405900"></trkpt><trkpt lat="51.814120" lon="13.400900"></trkpt><trkpt lat="51.813520" lon="13.387940"></trkpt><trkpt lat="51.802830" lon="13.382390"></trkpt><trkpt lat="51.796330" lon="13.375420"></trkpt><trkpt lat="51.809720" lon="13.377730"></trkpt><trkpt lat="51.814960" lon="13.389710"></trkpt><trkpt lat="51.814320" lon="13.409510"></trkpt><trkpt lat="51.807580" lon="13.433820"></trkpt><trkpt lat="51.798730" lon="13.423390"></trkpt><trkpt lat="51.806270" lon="13.422950"></trkpt><trkpt lat="51.779950" lon="13.423460"></trkpt><trkpt lat="51.772310" lon="13.416090"></trkpt><trkpt lat="51.752220" lon="13.412970"></trkpt><trkpt lat="51.746920" lon="13.403720"></trkpt><trkpt lat="51.739620" lon="13.399550"></trkpt><trkpt lat="51.733760" lon="13.389290"></trkpt><trkpt lat="51.721180" lon="13.397570"></trkpt><trkpt lat="51.729050" lon="13.396010"></trkpt><trkpt lat="51.711610" lon="13.393360"></trkpt><trkpt lat="51.704140" lon="13.388580"></trkpt><trkpt lat="51.712490" lon="13.380800"></trkpt><trkpt lat="51.720480" lon="13.386540"></trkpt><trkpt lat="51.728630" lon="13.395220"></trkpt><trkpt lat="51.738340" lon="13.399330"></trkpt><trkpt lat="51.752910" lon="13.409690"></trkpt><trkpt lat="51.759270" lon="13.416300"></trkpt><trkpt lat="51.764310" lon="13.427390"></trkpt><trkpt lat="51.762940" lon="13.415760"></trkpt><trkpt lat="51.771370" lon="13.419030"></trkpt><trkpt lat="51.778800" lon="13.429740"></trkpt><trkpt lat="51.794700" lon="13.432520"></trkpt><trkpt lat="51.804610" lon="13.427940"></trkpt><trkpt lat="51.822760" lon="13.436300"></trkpt><trkpt lat="51.812640" lon="13.431710"></trkpt><trkpt lat="51.808540" lon="13.416970"></trkpt><trkpt lat="51.825290" lon="13.407720"></trkpt><trkpt lat="51.830870" lon="13.422670"></trkpt><trkpt lat="51.840040" lon="13.430220"></trkpt><trkpt lat="51.847900" lon="13.432840"></trkpt><trkpt lat="51.838850" lon="13.431580"></trkpt><trkpt lat="51.832620" lon="13.415090"></trkpt><trkpt lat="51.823760" lon="13.401610"></trkpt><trkpt lat="51.815260" lon="13.394150"></trkpt><trkpt lat="51.808460" lon="13.388310"></trkpt><trkpt lat="51.808660" lon="13.376090"></trkpt><trkpt lat="51.802390" lon="13.359510"></trkpt><trkpt lat="51.792110" lon="13.338680"></trkpt><trkpt lat="51.810820" lon="13.333190"></trkpt><trkpt lat="51.809410" lon="13.311780"></trkpt><trkpt lat="51.800290" lon="13.306500"></trkpt><trkpt lat="51.796010" lon="13.295930"></trkpt><trkpt lat="51.787620" lon="13.289690"></trkpt><trkpt lat="51.777060" lon="13.285490"></trkpt><trkpt lat="51.768480" lon="13.273920"></trkpt><trkpt lat="51.774990" lon="13.284350"></trkpt><trkpt lat="51.785250" lon="13.287170"></trkpt><trkpt lat="51.777210" lon="13.290710"></trkpt><trkpt lat="51.763180" lon="13.277920"></trkpt><trkpt lat="51.755570" lon="13.276020"></trkpt><trkpt lat="51.746200" lon="13.272510"></trkpt><trkpt lat="51.738460" lon="13.271660"></trkpt><trkpt lat="51.717490" lon="13.262560"></trkpt><trkpt lat="51.709590" lon="13.257680"></trkpt><trkpt lat="51.722960" lon="13.253490"></trkpt><trkpt lat="51.713510" lon="13.249120"></trkpt><trkpt lat="51.707870" lon="13.238500"></trkpt><trkpt lat="51.715520" lon="13.245670"></trkpt><trkpt lat="51.722950" lon="13.252340"></trkpt><trkpt lat="51.730780" lon="13.255200"></trkpt><trkpt lat="51.736000" lon="13.266520"></trkpt><trkpt lat="51.745260" lon="13.266000"></trkpt><trkpt lat="51.737660" lon="13.254260"></trkpt><trkpt lat="51.749500" lon="13.258620"></trkpt><trkpt lat="51.758770" lon="13.263750"></trkpt><trkpt lat="51.764450" lon="13.275230"></trkpt><trkpt lat="51.760250" lon="13.301460"></trkpt><trkpt lat="51.749450" lon="13.301000"></trkpt><trkpt lat="51.745370" lon="13.290670"></trkpt><trkpt lat="51.752810" lon="13.290650"></trkpt><trkpt lat="51.758030" lon="13.298820"></trkpt><trkpt lat="51.762300" lon="13.310800"></trkpt><trkpt lat="51.770290" lon="13.309450"></trkpt><trkpt lat="51.782480" lon="13.303730"></trkpt><trkpt lat="51.769500" lon="13.300770"></trkpt><trkpt lat="51.767880" lon="13.325060"></trkpt><trkpt lat="51.781000" lon="13.331830"></trkpt><trkpt lat="51.764450" lon="13.322500"></trkpt><trkpt lat="51.758890" lon="13.312160"></trkpt><trkpt lat="51.748520" lon="13.307810"></trkpt><trkpt lat="51.734940" lon="13.299530"></trkpt><trkpt lat="51.761010" lon="13.291360"></trkpt><trkpt lat="51.756610" lon="13.262520"></trkpt><trkpt lat="51.735660" lon="13.256000"></trkpt><trkpt lat="51.725530" lon="13.255180"></trkpt><trkpt lat="51.725490" lon="13.234070"></trkpt><trkpt lat="51.713680" lon="13.226800"></trkpt><trkpt lat="51.709980" lon="13.216660"></trkpt><trkpt lat="51.705530" lon="13.200140"></trkpt><trkpt lat="51.702150" lon="13.187460"></trkpt><trkpt lat="51.702270" lon="13.199710"></trkpt><trkpt lat="51.702900" lon="13.185980"></trkpt><trkpt lat="51.687960" lon="13.185420"></trkpt><trkpt lat="51.677580" lon="13.176620"></trkpt><trkpt lat="51.666300" lon="13.167650"></trkpt><trkpt lat="51.658120" lon="13.158440"></trkpt><trkpt lat="51.665710" lon="13.168210"></trkpt><trkpt lat="51.674760" lon="13.175150"></trkpt><trkpt lat="51.664330" lon="13.181430"></trkpt><trkpt lat="51.662200" lon="13.165310"></trkpt><trkpt lat="51.654930" lon="13.160080"></trkpt><trkpt lat="51.668290" lon="13.161900"></trkpt><trkpt lat="51.655990" lon="13.169130"></trkpt><trkpt lat="51.646910" lon="13.155180"></trkpt><trkpt lat="51.652940" lon="13.164300"></trkpt><trkpt lat="51.661420" lon="13.162770"></trkpt><trkpt lat="51.668530" lon="13.167040"></trkpt><trkpt lat="51.662220" lon="13.154010"></trkpt><trkpt lat="51.650890" lon="13.153110"></trkpt><trkpt lat="51.637350" lon="13.147430"></trkpt><trkpt lat="51.650140" lon="13.145550"></trkpt><trkpt lat="51.625390" lon="13.145910"></trkpt><trkpt lat="51.619080" lon="13.151910"></trkpt><trkpt lat="51.611100" lon="13.149980"></trkpt><trkpt lat="51.601720" lon="13.144740"></trkpt><trkpt lat="51.611740" lon="13.142610"></trkpt><trkpt lat="51.617270" lon="13.154360"></trkpt><trkpt lat="51.624400" lon="13.160050"></trkpt><trkpt lat="51.638220" lon="13.164680"></trkpt><trkpt lat="51.647160" lon="13.170100"></trkpt><trkpt lat="51.655890" lon="13.173880"></trkpt><trkpt lat="51.665370" lon="13.179540"></trkpt><trkpt lat="51.694660" lon="13.182010"></trkpt><trkpt lat="51.696140" lon="13.193530"></trkpt><trkpt lat="51.691590" lon="13.182200"></trkpt><trkpt lat="51.701030" lon="13.186790"></trkpt><trkpt lat="51.711840" lon="13.193210"></trkpt><trkpt lat="51.718430" lon="13.203130"></trkpt><trkpt lat="51.729330" lon="13.212460"></trkpt><trkpt lat="51.714520" lon="13.212050"></trkpt><trkpt lat="51.723010" lon="13.217030"></trkpt><trkpt lat="51.733460" lon="13.223340"></trkpt><trkpt lat="51.723630" lon="13.216820"></trkpt><trkpt lat="51.717940" lon="13.208730"></trkpt><trkpt lat="51.705750" lon="13.203420"></trkpt><trkpt lat="51.698300" lon="13.201230"></trkpt><trkpt lat="51.690620" lon="13.201250"></trkpt><trkpt lat="51.682840" lon="13.200210"></trkpt><trkpt lat="51.675970" lon="13.193910"></trkpt><trkpt lat="51.669010" lon="13.190480"></trkpt><trkpt lat="51.662760" lon="13.174000"></trkpt><trkpt lat="51.652180" lon="13.165260"></trkpt><trkpt lat="51.644000" lon="13.158720"></trkpt><trkpt lat="51.631930" lon="13.157750"></trkpt><trkpt lat="51.615720" lon="13.151040"></trkpt><trkpt lat="51.608250" lon="13.147240"></trkpt><trkpt lat="51.604190" lon="13.137110"></trkpt><trkpt lat="51.596200" lon="13.130030"></trkpt><trkpt lat="51.591020" lon="13.119450"></trkpt><trkpt lat="51.583400" lon="13.110870"></trkpt><trkpt lat="51.577080" lon="13.100760"></trkpt><trkpt lat="51.582420" lon="13.113670"></trkpt><trkpt lat="51.586380" lon="13.094180"></trkpt><trkpt lat="51.602570" lon="13.094850"></trkpt><trkpt lat="51.610660" lon="13.090350"></trkpt><trkpt lat="51.595550" lon="13.090950"></trkpt><trkpt lat="51.609990" lon="13.094060"></trkpt><trkpt lat="51.602340" lon="13.104760"></trkpt><trkpt lat="51.607880" lon="13.113490"></trkpt><trkpt lat="51.615910" lon="13.114070"></trkpt><trkpt lat="51.623880" lon="13.123480"></trkpt><trkpt lat="51.638030" lon="13.132190"></trkpt><trkpt lat="51.646170" lon="13.141000"></trkpt><trkpt lat="51.678050" lon="13.141570"></trkpt><trkpt lat="51.674930" lon="13.156110"></trkpt><trkpt lat="51.679790" lon="13.145250"></trkpt><trkpt lat="51.688730" lon="13.152050"></trkpt><trkpt lat="51.690820" lon="13.164260"></trkpt><trkpt lat="51.700650" lon="13.168800"></trkpt><trkpt lat="51.676830" lon="13.165480"></trkpt><trkpt lat="51.665060" lon="13.154580"></trkpt><trkpt lat="51.657970" lon="13.151630"></trkpt><trkpt lat="51.648470" lon="13.145850"></trkpt><trkpt lat="51.644050" lon="13.117580"></trkpt><trkpt lat="51.608480" lon="13.111400"></trkpt><trkpt lat="51.600910" lon="13.101550"></trkpt><trkpt lat="51.592510" lon="13.099590"></trkpt><trkpt lat="51.599250" lon="13.091430"></trkpt><trkpt lat="51.591750" lon="13.077360"></trkpt><trkpt lat="51.583000" lon="13.071040"></trkpt><trkpt lat="51.573050" lon="13.070900"></trkpt><trkpt lat="51.564330" lon="13.067290"></trkpt><trkpt lat="51.575680" lon="13.065320"></trkpt><trkpt lat="51.563680" lon="13.070320"></trkpt><trkpt lat="51.554860" lon="13.058260"></trkpt><trkpt lat="51.546940" lon="13.050320"></trkpt><trkpt lat="51.535320" lon="13.049310"></trkpt><trkpt lat="51.545960" lon="13.053930"></trkpt><trkpt lat="51.535350" lon="13.049120"></trkpt><trkpt lat="51.529780" lon="13.038020"></trkpt><trkpt lat="51.521310" lon="13.035540"></trkpt><trkpt lat="51.529540" lon="13.030720"></trkpt><trkpt lat="51.521490" lon="13.029970"></trkpt><trkpt lat="51.534830" lon="13.034860"></trkpt><trkpt lat="51.542130" lon="13.044310"></trkpt><trkpt lat="51.553680" lon="13.044670"></trkpt><trkpt lat="51.566170" lon="13.049230"></trkpt><trkpt lat="51.576540" lon="13.046820"></trkpt><trkpt lat="51.584250" lon="13.049440"></trkpt><trkpt lat="51.591520" lon="13.052810"></trkpt><trkpt lat="51.595870" lon="13.064960"></trkpt><trkpt lat="51.603580" lon="13.068230"></trkpt><trkpt lat="51.595040" lon="13.064970"></trkpt><trkpt lat="51.585030" lon="13.064500"></trkpt><trkpt lat="51.582390" lon="13.052260"></trkpt><trkpt lat="51.575870" lon="13.045680"></trkpt><trkpt lat="51.556500" lon="13.045640"></trkpt><trkpt lat="51.550520" lon="13.038530"></trkpt><trkpt lat="51.541630" lon="13.032490"></trkpt><trkpt lat="51.537680" lon="13.020130"></trkpt><trkpt lat="51.527860" lon="13.015690"></trkpt><trkpt lat="51.520110" lon="13.018450"></trkpt><trkpt lat="51.515000" lon="13.006030"></trkpt><trkpt lat="51.506500" lon="13.000020"></trkpt><trkpt lat="51.496910" lon="12.996030"></trkpt><trkpt lat="51.487410" lon="12.991280"></trkpt><trkpt lat="51.479450" lon="12.988680"></trkpt><trkpt lat="51.471650" lon="12.983210"></trkpt><trkpt lat="51.478090" lon="12.991400"></trkpt><trkpt lat="51.482130" lon="13.005700"></trkpt><trkpt lat="51.471020" lon="13.009350"></trkpt><trkpt lat="51.485070" lon="13.006570"></trkpt><trkpt lat="51.477720" lon="12.996260"></trkpt><trkpt lat="51.485500" lon="13.003140"></trkpt><trkpt lat="51.476140" lon="13.003970"></trkpt><trkpt lat="51.468710" lon="12.999560"></trkpt><trkpt lat="51.457470" lon="12.996540"></trkpt><trkpt lat="51.468310" lon="12.992980"></trkpt><trkpt lat="51.476820" lon="12.998210"></trkpt><trkpt lat="51.500740" lon="13.004250"></trkpt><trkpt lat="51.513060" lon="13.008140"></trkpt><trkpt lat="51.523860" lon="13.006560"></trkpt><trkpt lat="51.529720" lon="13.013500"></trkpt><trkpt lat="51.525340" lon="13.003210"></trkpt><trkpt lat="51.518420" lon="12.994070"></trkpt><trkpt lat="51.508530" lon="12.989210"></trkpt><trkpt lat="51.502720" lon="13.001770"></trkpt><trkpt lat="51.496800" lon="12.991050"></trkpt><trkpt lat="51.489630" lon="12.979610"></trkpt><trkpt lat="51.483020" lon="12.963540"></trkpt><trkpt lat="51.471330" lon="12.955910"></trkpt><trkpt lat="51.463180" lon="12.950160"></trkpt><trkpt lat="51.455320" lon="12.943190"></trkpt><trkpt lat="51.441920" lon="12.946720"></trkpt><trkpt lat="51.434140" lon="12.948320"></trkpt><trkpt lat="51.433090" lon="12.936370"></trkpt><trkpt lat="51.424020" lon="12.932310"></trkpt><trkpt lat="51.417980" lon="12.920370"></trkpt><trkpt lat="51.421590" lon="12.932850"></trkpt><trkpt lat="51.430060" lon="12.939430"></trkpt><trkpt lat="51.423090" lon="12.930480"></trkpt><trkpt lat="51.415180" lon="12.926980"></trkpt><trkpt lat="51.405790" lon="12.921740"></trkpt><trkpt lat="51.401370" lon="12.912580"></trkpt><trkpt lat="51.408530" lon="12.921030"></trkpt><trkpt lat="51.417120" lon="12.926540"></trkpt><trkpt lat="51.410810" lon="12.918660"></trkpt><trkpt lat="51.403600" lon="12.923510"></trkpt><trkpt lat="51.400790" lon="12.908470"></trkpt><trkpt lat="51.385400" lon="12.908190"></trkpt><trkpt lat="51.366120" lon="12.913010"></trkpt><trkpt lat="51.357760" lon="12.905080"></trkpt><trkpt lat="51.350310" lon="12.892270"></trkpt><trkpt lat="51.338780" lon="12.890140"></trkpt><trkpt lat="51.348140" lon="12.884820"></trkpt><trkpt lat="51.343890" lon="12.897680"></trkpt><trkpt lat="51.359110" lon="12.891160"></trkpt><trkpt lat="51.364210" lon="12.904930"></trkpt><trkpt lat="51.374070" lon="12.897990"></trkpt><trkpt lat="51.366530" lon="12.890460"></trkpt><trkpt lat="51.378630" lon="12.891130"></trkpt><trkpt lat="51.374190" lon="12.901450"></trkpt><trkpt lat="51.370060" lon="12.910950"></trkpt><trkpt lat="51.362550" lon="12.917680"></trkpt><trkpt lat="51.373220" lon="12.929420"></trkpt><trkpt lat="51.383620" lon="12.936070"></trkpt><trkpt lat="51.376210" lon="12.923250"></trkpt><trkpt lat="51.380690" lon="12.934130"></trkpt><trkpt lat="51.392840" lon="12.924100"></trkpt><trkpt lat="51.398520" lon="12.936160"></trkpt><trkpt lat="51.405770" lon="12.943130"></trkpt><trkpt lat="51.397190" lon="12.943650"></trkpt><trkpt lat="51.404930" lon="12.951130"></trkpt><trkpt lat="51.397610" lon="12.950300"></trkpt><trkpt lat="51.400710" lon="12.962500"></trkpt><trkpt lat="51.405260" lon="12.948360"></trkpt><trkpt lat="51.411450" lon="12.962630"></trkpt><trkpt lat="51.426910" lon="12.962720"></trkpt><trkpt lat="51.419630" lon="12.953180"></trkpt><trkpt lat="51.429560" lon="12.955120"></trkpt><trkpt lat="51.437760" lon="12.965670"></trkpt><trkpt lat="51.446840" lon="12.979730"></trkpt><trkpt lat="51.451740" lon="12.990990"></trkpt><trkpt lat="51.462390" lon="13.003320"></trkpt><trkpt lat="51.469200" lon="13.014530"></trkpt><trkpt lat="51.475840" lon="13.024430"></trkpt><trkpt lat="51.482190" lon="13.032530"></trkpt><trkpt lat="51.488490" lon="13.038460"></trkpt><trkpt lat="51.495250" lon="13.046270"></trkpt><trkpt lat="51.502310" lon="13.055820"></trkpt><trkpt lat="51.505860" lon="13.069060"></trkpt><trkpt lat="51.513730" lon="13.071960"></trkpt><trkpt lat="51.520660" lon="13.078980"></trkpt><trkpt lat="51.521730" lon="13.064470"></trkpt><trkpt lat="51.514330" lon="13.066240"></trkpt><trkpt lat="51.518170" lon="13.079800"></trkpt><trkpt lat="51.526390" lon="13.085840"></trkpt><trkpt lat="51.537060" lon="13.093490"></trkpt><trkpt lat="51.544530" lon="13.094050"></trkpt><trkpt lat="51.552580" lon="13.106520"></trkpt><trkpt lat="51.557490" lon="13.122660"></trkpt><trkpt lat="51.565960" lon="13.129080"></trkpt><trkpt lat="51.576030" lon="13.140130"></trkpt><trkpt lat="51.568680" lon="13.143190"></trkpt><trkpt lat="51.559830" lon="13.136730"></trkpt><trkpt lat="51.564590" lon="13.149460"></trkpt><trkpt lat="51.558050" lon="13.140480"></trkpt><trkpt lat="51.551490" lon="13.146990"></trkpt><trkpt lat="51.541460" lon="13.147250"></trkpt><trkpt lat="51.534650" lon="13.137320"></trkpt><trkpt lat="51.542870" lon="13.128770"></trkpt><trkpt lat="51.534150" lon="13.129230"></trkpt><trkpt lat="51.536860" lon="13.118140"></trkpt><trkpt lat="51.545710" lon="13.126410"></trkpt><trkpt lat="51.566470" lon="13.157110"></trkpt><trkpt lat="51.575810" lon="13.167910"></trkpt><trkpt lat="51.583120" lon="13.168120"></trkpt><trkpt lat="51.590450" lon="13.168900"></trkpt><trkpt lat="51.597440" lon="13.177540"></trkpt><trkpt lat="51.607750" lon="13.192550"></trkpt><trkpt lat="51.615500" lon="13.196950"></trkpt><trkpt lat="51.622930" lon="13.196150"></trkpt><trkpt lat="51.630830" lon="13.191260"></trkpt><trkpt lat="51.622420" lon="13.192400"></trkpt><trkpt lat="51.614460" lon="13.185270"></trkpt><trkpt lat="51.602930" lon="13.181130"></trkpt><trkpt lat="51.595970" lon="13.171190"></trkpt><trkpt lat="51.590180" lon="13.161590"></trkpt><trkpt lat="51.598860" lon="13.161360"></trkpt><trkpt lat="51.592550" lon="13.154110"></trkpt><trkpt lat="51.582980" lon="13.147860"></trkpt><trkpt lat="51.595740" lon="13.072370"></trkpt><trkpt lat="51.584910" lon="13.074910"></trkpt><trkpt lat="51.587240" lon="13.060920"></trkpt><trkpt lat="51.578350" lon="13.054860"></trkpt><trkpt lat="51.588900" lon="13.057670"></trkpt><trkpt lat="51.598190" lon="13.057490"></trkpt><trkpt lat="51.604070" lon="13.066010"></trkpt><trkpt lat="51.612220" lon="13.061440"></trkpt><trkpt lat="51.619300" lon="13.067080"></trkpt><trkpt lat="51.627410" lon="13.068180"></trkpt><trkpt lat="51.640500" lon="13.071860"></trkpt><trkpt lat="51.629710" lon="13.067040"></trkpt><trkpt lat="51.621260" lon="13.063450"></trkpt><trkpt lat="51.629830" lon="13.068140"></trkpt><trkpt lat="51.641440" lon="13.075110"></trkpt><trkpt lat="51.651400" lon="13.084670"></trkpt><trkpt lat="51.651160" lon="13.097280"></trkpt><trkpt lat="51.668860" lon="13.097350"></trkpt><trkpt lat="51.675330" lon="13.088150"></trkpt><trkpt lat="51.668610" lon="13.081720"></trkpt><trkpt lat="51.658830" lon="13.080920"></trkpt><trkpt lat="51.668370" lon="13.082450"></trkpt><trkpt lat="51.676500" lon="13.093860"></trkpt><trkpt lat="51.683090" lon="13.103550"></trkpt><trkpt lat="51.680850" lon="13.092290"></trkpt><trkpt lat="51.689010" lon="13.102340"></trkpt><trkpt lat="51.699330" lon="13.108120"></trkpt><trkpt lat="51.706810" lon="13.122360"></trkpt><trkpt lat="51.713970" lon="13.132490"></trkpt><trkpt lat="51.722560" lon="13.137390"></trkpt><trkpt lat="51.726110" lon="13.150850"></trkpt><trkpt lat="51.732970" lon="13.162340"></trkpt><trkpt lat="51.724370" lon="13.164010"></trkpt><trkpt lat="51.728910" lon="13.175390"></trkpt><trkpt lat="51.737330" lon="13.184430"></trkpt><trkpt lat="51.744100" lon="13.193040"></trkpt><trkpt lat="51.750420" lon="13.200660"></trkpt><trkpt lat="51.759320" lon="13.209710"></trkpt><trkpt lat="51.749670" lon="13.200130"></trkpt><trkpt lat="51.740800" lon="13.197940"></trkpt><trkpt lat="51.751500" lon="13.201090"></trkpt><trkpt lat="51.759470" lon="13.206260"></trkpt><trkpt lat="51.752440" lon="13.212280"></trkpt><trkpt lat="51.760370" lon="13.208990"></trkpt><trkpt lat="51.767310" lon="13.212420"></trkpt><trkpt lat="51.776710" lon="13.215940"></trkpt><trkpt lat="51.768490" lon="13.214850"></trkpt><trkpt lat="51.776580" lon="13.211420"></trkpt><trkpt lat="51.784190" lon="13.219270"></trkpt><trkpt lat="51.775380" lon="13.215690"></trkpt><trkpt lat="51.789500" lon="13.218500"></trkpt><trkpt lat="51.796610" lon="13.221730"></trkpt><trkpt lat="51.780070" lon="13.218180"></trkpt><trkpt lat="51.784560" lon="13.229210"></trkpt><trkpt lat="51.794910" lon="13.234040"></trkpt><trkpt lat="51.799840" lon="13.246400"></trkpt><trkpt lat="51.802680" lon="13.234740"></trkpt><trkpt lat="51.793610" lon="13.220210"></trkpt><trkpt lat="51.785910" lon="13.226910"></trkpt><trkpt lat="51.791410" lon="13.240870"></trkpt><trkpt lat="51.810730" lon="13.249240"></trkpt><trkpt lat="51.815940" lon="13.258310"></trkpt><trkpt lat="51.829160" lon="13.258640"></trkpt><trkpt lat="51.850470" lon="13.267200"></trkpt><trkpt lat="51.842230" lon="13.261030"></trkpt><trkpt lat="51.837960" lon="13.245580"></trkpt><trkpt lat="51.834120" lon="13.226900"></trkpt><trkpt lat="51.841910" lon="13.236710"></trkpt><trkpt lat="51.851110" lon="13.246860"></trkpt><trkpt lat="51.838200" lon="13.248940"></trkpt><trkpt lat="51.830320" lon="13.250560"></trkpt><trkpt lat="51.820980" lon="13.241440"></trkpt><trkpt lat="51.827600" lon="13.249450"></trkpt><trkpt lat="51.832500" lon="13.260350"></trkpt><trkpt lat="51.841710" lon="13.267940"></trkpt><trkpt lat="51.847470" lon="13.280340"></trkpt><trkpt lat="51.856070" lon="13.278030"></trkpt><trkpt lat="51.861400" lon="13.287590"></trkpt><trkpt lat="51.866590" lon="13.296140"></trkpt><trkpt lat="51.857650" lon="13.293280"></trkpt><trkpt lat="51.852770" lon="13.306780"></trkpt><trkpt lat="51.859490" lon="13.319790"></trkpt><trkpt lat="51.866860" lon="13.324950"></trkpt><trkpt lat="51.858040" lon="13.321580"></trkpt><trkpt lat="51.850230" lon="13.317400"></trkpt><trkpt lat="51.843560" lon="13.312900"></trkpt><trkpt lat="51.852740" lon="13.314730"></trkpt><trkpt lat="51.860160" lon="13.322750"></trkpt><trkpt lat="51.867060" lon="13.318080"></trkpt><trkpt lat="51.873530" lon="13.325850"></trkpt><trkpt lat="51.880360" lon="13.333520"></trkpt><trkpt lat="51.887860" lon="13.340820"></trkpt><trkpt lat="51.893980" lon="13.348300"></trkpt><trkpt lat="51.895540" lon="13.365710"></trkpt><trkpt lat="51.901320" lon="13.377350"></trkpt><trkpt lat="51.913300" lon="13.385260"></trkpt><trkpt lat="51.921320" lon="13.396590"></trkpt><trkpt lat="51.927720" lon="13.403680"></trkpt><trkpt lat="51.936610" lon="13.402870"></trkpt><trkpt lat="51.928820" lon="13.406260"></trkpt><trkpt lat="51.919280" lon="13.398050"></trkpt><trkpt lat="51.908800" lon="13.391300"></trkpt><trkpt lat="51.907250" lon="13.370790"></trkpt><trkpt lat="51.897840" lon="13.371560"></trkpt><trkpt lat="51.879790" lon="13.368430"></trkpt><trkpt lat="51.870360" lon="13.363960"></trkpt><trkpt lat="51.875620" lon="13.373420"></trkpt><trkpt lat="51.880060" lon="13.383170"></trkpt><trkpt lat="51.888420" lon="13.386890"></trkpt><trkpt lat="51.892100" lon="13.398860"></trkpt><trkpt lat="51.892200" lon="13.382310"></trkpt><trkpt lat="51.898610" lon="13.388800"></trkpt><trkpt lat="51.894470" lon="13.408280"></trkpt><trkpt lat="51.899890" lon="13.418910"></trkpt><trkpt lat="51.907510" lon="13.418770"></trkpt><trkpt lat="51.909910" lon="13.431540"></trkpt><trkpt lat="51.919570" lon="13.438310"></trkpt><trkpt lat="51.933780" lon="13.440590"></trkpt><trkpt lat="51.940760" lon="13.450220"></trkpt><trkpt lat="51.945810" lon="13.463690"></trkpt><trkpt lat="51.955490" lon="13.466900"></trkpt><trkpt lat="51.959450" lon="13.485170"></trkpt><trkpt lat="51.981750" lon="13.485090"></trkpt><trkpt lat="51.991830" lon="13.486230"></trkpt><trkpt lat="52.008220" lon="13.495390"></trkpt><trkpt lat="52.018140" lon="13.519690"></trkpt><trkpt lat="52.026220" lon="13.531690"></trkpt><trkpt lat="52.032770" lon="13.554920"></trkpt><trkpt lat="52.041470" lon="13.562210"></trkpt><trkpt lat="52.052260" lon="13.563380"></trkpt><trkpt lat="52.056980" lon="13.572890"></trkpt><trkpt lat="52.066790" lon="13.579380"></trkpt><trkpt lat="52.077900" lon="13.584090"></trkpt><trkpt lat="52.094480" lon="13.594000"></trkpt><trkpt lat="52.107340" lon="13.598910"></trkpt><trkpt lat="52.103070" lon="13.589340"></trkpt><trkpt lat="52.089680" lon="13.584540"></trkpt><trkpt lat="52.074740" lon="13.582130"></trkpt><trkpt lat="52.070850" lon="13.566330"></trkpt><trkpt lat="52.058150" lon="13.569140"></trkpt><trkpt lat="52.064460" lon="13.575470"></trkpt><trkpt lat="52.066660" lon="13.560590"></trkpt><trkpt lat="52.060670" lon="13.552510"></trkpt><trkpt lat="52.053900" lon="13.545790"></trkpt><trkpt lat="52.056780" lon="13.557520"></trkpt><trkpt lat="52.094640" lon="13.554600"></trkpt><trkpt lat="52.090830" lon="13.540450"></trkpt><trkpt lat="52.083360" lon="13.531430"></trkpt><trkpt lat="52.074830" lon="13.524900"></trkpt><trkpt lat="52.066570" lon="13.527810"></trkpt><trkpt lat="52.059400" lon="13.519930"></trkpt><trkpt lat="52.052390" lon="13.512010"></trkpt><trkpt lat="52.046260" lon="13.500380"></trkpt><trkpt lat="52.053760" lon="13.496100"></trkpt><trkpt lat="52.061020" lon="13.500860"></trkpt><trkpt lat="52.059120" lon="13.487320"></trkpt><trkpt lat="52.050810" lon="13.481490"></trkpt><trkpt lat="52.041210" lon="13.478190"></trkpt><trkpt lat="52.035890" lon="13.490140"></trkpt><trkpt lat="52.026240" lon="13.486730"></trkpt><trkpt lat="52.019880" lon="13.477650"></trkpt><trkpt lat="52.011400" lon="13.469040"></trkpt><trkpt lat="52.020610" lon="13.468140"></trkpt><trkpt lat="52.023050" lon="13.483220"></trkpt><trkpt lat="52.034750" lon="13.488480"></trkpt><trkpt lat="52.027950" lon="13.492370"></trkpt><trkpt lat="52.022140" lon="13.483460"></trkpt><trkpt lat="52.035140" lon="13.489280"></trkpt><trkpt lat="52.034440" lon="13.503670"></trkpt><trkpt lat="52.022930" lon="13.508800"></trkpt><trkpt lat="52.028880" lon="13.516200"></trkpt><trkpt lat="52.035820" lon="13.520860"></trkpt><trkpt lat="52.051320" lon="13.523180"></trkpt><trkpt lat="52.061780" lon="13.525520"></trkpt><trkpt lat="52.071300" lon="13.524820"></trkpt><trkpt lat="52.076530" lon="13.515900"></trkpt><trkpt lat="52.083160" lon="13.508990"></trkpt><trkpt lat="52.084030" lon="13.523910"></trkpt><trkpt lat="52.093800" lon="13.527950"></trkpt><trkpt lat="52.101790" lon="13.529640"></trkpt><trkpt lat="52.111050" lon="13.534370"></trkpt><trkpt lat="52.121870" lon="13.541710"></trkpt><trkpt lat="52.130610" lon="13.541770"></trkpt><trkpt lat="52.139640" lon="13.552350"></trkpt><trkpt lat="52.128830" lon="13.548680"></trkpt><trkpt lat="52.151240" lon="13.540030"></trkpt><trkpt lat="52.159770" lon="13.548330"></trkpt><trkpt lat="52.178020" lon="13.567990"></trkpt><trkpt lat="52.183580" lon="13.577180"></trkpt><trkpt lat="52.191260" lon="13.577530"></trkpt><trkpt lat="52.208140" lon="13.576910"></trkpt><trkpt lat="52.215230" lon="13.584650"></trkpt><trkpt lat="52.229590" lon="13.586710"></trkpt><trkpt lat="52.237760" lon="13.588750"></trkpt><trkpt lat="52.242580" lon="13.601510"></trkpt><trkpt lat="52.248180" lon="13.615120"></trkpt><trkpt lat="52.256210" lon="13.628430"></trkpt><trkpt lat="52.270270" lon="13.637280"></trkpt><trkpt lat="52.280560" lon="13.641640"></trkpt><trkpt lat="52.289140" lon="13.648710"></trkpt><trkpt lat="52.283150" lon="13.634500"></trkpt><trkpt lat="52.276160" lon="13.625720"></trkpt><trkpt lat="52.275040" lon="13.605320"></trkpt><trkpt lat="52.272060" lon="13.630730"></trkpt><trkpt lat="52.281770" lon="13.633770"></trkpt><trkpt lat="52.281940" lon="13.620670"></trkpt><trkpt lat="52.253160" lon="13.621390"></trkpt><trkpt lat="52.261260" lon="13.624420"></trkpt><trkpt lat="52.247960" lon="13.626840"></trkpt><trkpt lat="52.254250" lon="13.638840"></trkpt><trkpt lat="52.262620" lon="13.636720"></trkpt><trkpt lat="52.255230" lon="13.639530"></trkpt><trkpt lat="52.262600" lon="13.649660"></trkpt><trkpt lat="52.271590" lon="13.657790"></trkpt><trkpt lat="52.279700" lon="13.659210"></trkpt><trkpt lat="52.287880" lon="13.663440"></trkpt><trkpt lat="52.294940" lon="13.672440"></trkpt><trkpt lat="52.301510" lon="13.679070"></trkpt><trkpt lat="52.308920" lon="13.682410"></trkpt><trkpt lat="52.324420" lon="13.691380"></trkpt><trkpt lat="52.330020" lon="13.702490"></trkpt><trkpt lat="52.339400" lon="13.703540"></trkpt><trkpt lat="52.345170" lon="13.716860"></trkpt><trkpt lat="52.352780" lon="13.724720"></trkpt><trkpt lat="52.357380" lon="13.737690"></trkpt><trkpt lat="52.366490" lon="13.739800"></trkpt><trkpt lat="52.371010" lon="13.749300"></trkpt><trkpt lat="52.384050" lon="13.756860"></trkpt><trkpt lat="52.388100" lon="13.776450"></trkpt><trkpt lat="52.400270" lon="13.776260"></trkpt><trkpt lat="52.412430" lon="13.779710"></trkpt><trkpt lat="52.419380" lon="13.787520"></trkpt><trkpt lat="52.429230" lon="13.793960"></trkpt><trkpt lat="52.439590" lon="13.800150"></trkpt><trkpt lat="52.448290" lon="13.807440"></trkpt><trkpt lat="52.440490" lon="13.797770"></trkpt><trkpt lat="52.450030" lon="13.801120"></trkpt><trkpt lat="52.456720" lon="13.811290"></trkpt><trkpt lat="52.465340" lon="13.815380"></trkpt><trkpt lat="52.456290" lon="13.807480"></trkpt><trkpt lat="52.449050" lon="13.802750"></trkpt><trkpt lat="52.438080" lon="13.796450"></trkpt><trkpt lat="52.431280" lon="13.784110"></trkpt><trkpt lat="52.425840" lon="13.770550"></trkpt><trkpt lat="52.416340" lon="13.765300"></trkpt><trkpt lat="52.411070" lon="13.757200"></trkpt><trkpt lat="52.402840" lon="13.749920"></trkpt><trkpt lat="52.393220" lon="13.743210"></trkpt><trkpt lat="52.384120" lon="13.740330"></trkpt><trkpt lat="52.379150" lon="13.726460"></trkpt><trkpt lat="52.371290" lon="13.720400"></trkpt><trkpt lat="52.367730" lon="13.702500"></trkpt><trkpt lat="52.352130" lon="13.699540"></trkpt><trkpt lat="52.352690" lon="13.683560"></trkpt><trkpt lat="52.335110" lon="13.683670"></trkpt><trkpt lat="52.327820" lon="13.668720"></trkpt><trkpt lat="52.315230" lon="13.672850"></trkpt><trkpt lat="52.313890" lon="13.656750"></trkpt><trkpt lat="52.304650" lon="13.647180"></trkpt><trkpt lat="52.312930" lon="13.649350"></trkpt><trkpt lat="52.308090" lon="13.658510"></trkpt><trkpt lat="52.322850" lon="13.669670"></trkpt><trkpt lat="52.325880" lon="13.680970"></trkpt><trkpt lat="52.337430" lon="13.675310"></trkpt><trkpt lat="52.329010" lon="13.672530"></trkpt><trkpt lat="52.337930" lon="13.676200"></trkpt><trkpt lat="52.350490" lon="13.680390"></trkpt><trkpt lat="52.340300" lon="13.685480"></trkpt><trkpt lat="52.348660" lon="13.693330"></trkpt><trkpt lat="52.341520" lon="13.690600"></trkpt><trkpt lat="52.347270" lon="13.697780"></trkpt><trkpt lat="52.354420" lon="13.707690"></trkpt><trkpt lat="52.366420" lon="13.712650"></trkpt><trkpt lat="52.366000" lon="13.725990"></trkpt><trkpt lat="52.379390" lon="13.729150"></trkpt><trkpt lat="52.372240" lon="13.735320"></trkpt><trkpt lat="52.366500" lon="13.726330"></trkpt><trkpt lat="52.357470" lon="13.720280"></trkpt><trkpt lat="52.356700" lon="13.668960"></trkpt><trkpt lat="52.334640" lon="13.671210"></trkpt><trkpt lat="52.330210" lon="13.656700"></trkpt><trkpt lat="52.335660" lon="13.671000"></trkpt><trkpt lat="52.340750" lon="13.681620"></trkpt><trkpt lat="52.356870" lon="13.684140"></trkpt><trkpt lat="52.371240" lon="13.685460"></trkpt><trkpt lat="52.360620" lon="13.686530"></trkpt><trkpt lat="52.365710" lon="13.703300"></trkpt><trkpt lat="52.373670" lon="13.704060"></trkpt><trkpt lat="52.380940" lon="13.703570"></trkpt><trkpt lat="52.382880" lon="13.718090"></trkpt><trkpt lat="52.377240" lon="13.704250"></trkpt><trkpt lat="52.366800" lon="13.699860"></trkpt><trkpt lat="52.361870" lon="13.688860"></trkpt><trkpt lat="52.370160" lon="13.700870"></trkpt><trkpt lat="52.368730" lon="13.722300"></trkpt><trkpt lat="52.374010" lon="13.740800"></trkpt><trkpt lat="52.371920" lon="13.756250"></trkpt><trkpt lat="52.360100" lon="13.757140"></trkpt><trkpt lat="52.337450" lon="13.753290"></trkpt><trkpt lat="52.338760" lon="13.770500"></trkpt><trkpt lat="52.342300" lon="13.782090"></trkpt><trkpt lat="52.351340" lon="13.782860"></trkpt><trkpt lat="52.361420" lon="13.784060"></trkpt><trkpt lat="52.384340" lon="13.791220"></trkpt><trkpt lat="52.395400" lon="13.795360"></trkpt><trkpt lat="52.405050" lon="13.801270"></trkpt><trkpt lat="52.409470" lon="13.790750"></trkpt><trkpt lat="52.395620" lon="13.783770"></trkpt><trkpt lat="52.394740" lon="13.768010"></trkpt><trkpt lat="52.386570" lon="13.765660"></trkpt><trkpt lat="52.380640" lon="13.752610"></trkpt><trkpt lat="52.373460" lon="13.745470"></trkpt><trkpt lat="52.369210" lon="13.735240"></trkpt><trkpt lat="52.363510" lon="13.748140"></trkpt><trkpt lat="52.358070" lon="13.736080"></trkpt><trkpt lat="52.351740" lon="13.726810"></trkpt><trkpt lat="52.360990" lon="13.734200"></trkpt><trkpt lat="52.368740" lon="13.738970"></trkpt><trkpt lat="52.358570" lon="13.731810"></trkpt><trkpt lat="52.368550" lon="13.735710"></trkpt><trkpt lat="52.374980" lon="13.742810"></trkpt><trkpt lat="52.375760" lon="13.761330"></trkpt><trkpt lat="52.371540" lon="13.750290"></trkpt><trkpt lat="52.376850" lon="13.759650"></trkpt><trkpt lat="52.384600" lon="13.759760"></trkpt><trkpt lat="52.412080" lon="13.764190"></trkpt><trkpt lat="52.429320" lon="13.772270"></trkpt><trkpt lat="52.436440" lon="13.778050"></trkpt><trkpt lat="52.433420" lon="13.788950"></trkpt><trkpt lat="52.434510" lon="13.803820"></trkpt><trkpt lat="52.425760" lon="13.797260"></trkpt><trkpt lat="52.420140" lon="13.787930"></trkpt><trkpt lat="52.415470" lon="13.776390"></trkpt><trkpt lat="52.408810" lon="13.769190"></trkpt><trkpt lat="52.401250" lon="13.762970"></trkpt><trkpt lat="52.387290" lon="13.754680"></trkpt><trkpt lat="52.377640" lon="13.749280"></trkpt><trkpt lat="52.362030" lon="13.741220"></trkpt><trkpt lat="52.353010" lon="13.736710"></trkpt><trkpt lat="52.340400" lon="13.729800"></trkpt><trkpt lat="52.334500" lon="13.722070"></trkpt><trkpt lat="52.329330" lon="13.711780"></trkpt><trkpt lat="52.318890" lon="13.706960"></trkpt><trkpt lat="52.304920" lon="13.702570"></trkpt><trkpt lat="52.297690" lon="13.691890"></trkpt><trkpt lat="52.313100" lon="13.692920"></trkpt><trkpt lat="52.326500" lon="13.698810"></trkpt><trkpt lat="52.318220" lon="13.700230"></trkpt><trkpt lat="52.310470" lon="13.692880"></trkpt><trkpt lat="52.304160" lon="13.686900"></trkpt><trkpt lat="52.308150" lon="13.698210"></trkpt><trkpt lat="52.324310" lon="13.701700"></trkpt><trkpt lat="52.329070" lon="13.692110"></trkpt><trkpt lat="52.318190" lon="13.697150"></trkpt><trkpt lat="52.329580" lon="13.697670"></trkpt><trkpt lat="52.334620" lon="13.708790"></trkpt><trkpt lat="52.342770" lon="13.712310"></trkpt><trkpt lat="52.348290" lon="13.722590"></trkpt><trkpt lat="52.345380" lon="13.736840"></trkpt><trkpt lat="52.354320" lon="13.738870"></trkpt><trkpt lat="52.364800" lon="13.745940"></trkpt><trkpt lat="52.362160" lon="13.732360"></trkpt><trkpt lat="52.343560" lon="13.725410"></trkpt><trkpt lat="52.336760" lon="13.718250"></trkpt><trkpt lat="52.322450" lon="13.712190"></trkpt><trkpt lat="52.315150" lon="13.703710"></trkpt><trkpt lat="52.299060" lon="13.700670"></trkpt><trkpt lat="52.309790" lon="13.703350"></trkpt><trkpt lat="52.312370" lon="13.715330"></trkpt><trkpt lat="52.320820" lon="13.716490"></trkpt><trkpt lat="52.331490" lon="13.722130"></trkpt><trkpt lat="52.321560" lon="13.716200"></trkpt><trkpt lat="52.321500" lon="13.728160"></trkpt><trkpt lat="52.354590" lon="13.728040"></trkpt><trkpt lat="52.345000" lon="13.726400"></trkpt><trkpt lat="52.336140" lon="13.717910"></trkpt><trkpt lat="52.328880" lon="13.709110"></trkpt><trkpt lat="52.335210" lon="13.716610"></trkpt><trkpt lat="52.346180" lon="13.719790"></trkpt><trkpt lat="52.353500" lon="13.725850"></trkpt><trkpt lat="52.357810" lon="13.736000"></trkpt><trkpt lat="52.366030" lon="13.740260"></trkpt><trkpt lat="52.373330" lon="13.742610"></trkpt><trkpt lat="52.379100" lon="13.750870"></trkpt><trkpt lat="52.389210" lon="13.752050"></trkpt><trkpt lat="52.398350" lon="13.759900"></trkpt><trkpt lat="52.405500" lon="13.763210"></trkpt><trkpt lat="52.416490" lon="13.774860"></trkpt><trkpt lat="52.417460" lon="13.792700"></trkpt><trkpt lat="52.424920" lon="13.793910"></trkpt><trkpt lat="52.415120" lon="13.792230"></trkpt><trkpt lat="52.426240" lon="13.796940"></trkpt><trkpt lat="52.415080" lon="13.801640"></trkpt><trkpt lat="52.411630" lon="13.790220"></trkpt><trkpt lat="52.404000" lon="13.790180"></trkpt><trkpt lat="52.396100" lon="13.778240"></trkpt><trkpt lat="52.384570" lon="13.771970"></trkpt><trkpt lat="52.372880" lon="13.765680"></trkpt><trkpt lat="52.371960" lon="13.752840"></trkpt><trkpt lat="52.366730" lon="13.741280"></trkpt><trkpt lat="52.359390" lon="13.732330"></trkpt><trkpt lat="52.368230" lon="13.736010"></trkpt><trkpt lat="52.360940" lon="13.730730"></trkpt><trkpt lat="52.366290" lon="13.744370"></trkpt><trkpt lat="52.357630" lon="13.740710"></trkpt><trkpt lat="52.349690" lon="13.740230"></trkpt><trkpt lat="52.360080" lon="13.745370"></trkpt><trkpt lat="52.363520" lon="13.756700"></trkpt><trkpt lat="52.370720" lon="13.763510"></trkpt><trkpt lat="52.396030" lon="13.768570"></trkpt><trkpt lat="52.387380" lon="13.770520"></trkpt><trkpt lat="52.396030" lon="13.778940"></trkpt><trkpt lat="52.402220" lon="13.793210"></trkpt><trkpt lat="52.394930" lon="13.787670"></trkpt><trkpt lat="52.395730" lon="13.771810"></trkpt><trkpt lat="52.383430" lon="13.768280"></trkpt><trkpt lat="52.374680" lon="13.768500"></trkpt><trkpt lat="52.385750" lon="13.770860"></trkpt><trkpt lat="52.402010" lon="13.775900"></trkpt><trkpt lat="52.395320" lon="13.764850"></trkpt><trkpt lat="52.411270" lon="13.773740"></trkpt><trkpt lat="52.408220" lon="13.758470"></trkpt><trkpt lat="52.398990" lon="13.751260"></trkpt><trkpt lat="52.415760" lon="13.756200"></trkpt><trkpt lat="52.421880" lon="13.762430"></trkpt><trkpt lat="52.407640" lon="13.765150"></trkpt><trkpt lat="52.415410" lon="13.775440"></trkpt><trkpt lat="52.413260" lon="13.762230"></trkpt><trkpt lat="52.412840" lon="13.778000"></trkpt><trkpt lat="52.403040" lon="13.768900"></trkpt><trkpt lat="52.413270" lon="13.773440"></trkpt><trkpt lat="52.411240" lon="13.760570"></trkpt><trkpt lat="52.400610" lon="13.756600"></trkpt><trkpt lat="52.393760" lon="13.751470"></trkpt><trkpt lat="52.384830" lon="13.745730"></trkpt><trkpt lat="52.392210" lon="13.749670"></trkpt><trkpt lat="52.393070" lon="13.776560"></trkpt><trkpt lat="52.412840" lon="13.779650"></trkpt><trkpt lat="52.421940" lon="13.787580"></trkpt><trkpt lat="52.419980" lon="13.812540"></trkpt><trkpt lat="52.414280" lon="13.801660"></trkpt><trkpt lat="52.406210" lon="13.799580"></trkpt><trkpt lat="52.398670" lon="13.802440"></trkpt><trkpt lat="52.407670" lon="13.807930"></trkpt><trkpt lat="52.404140" lon="13.819330"></trkpt><trkpt lat="52.417850" lon="13.822760"></trkpt><trkpt lat="52.430230" lon="13.833490"></trkpt><trkpt lat="52.435520" lon="13.843760"></trkpt><trkpt lat="52.453670" lon="13.842650"></trkpt><trkpt lat="52.468570" lon="13.842430"></trkpt><trkpt lat="52.460250" lon="13.847520"></trkpt><trkpt lat="52.455600" lon="13.838010"></trkpt><trkpt lat="52.457330" lon="13.857230"></trkpt><trkpt lat="52.449320" lon="13.851210"></trkpt><trkpt lat="52.446770" lon="13.830880"></trkpt><trkpt lat="52.426640" lon="13.822920"></trkpt><trkpt lat="52.418860" lon="13.818030"></trkpt><trkpt lat="52.413750" lon="13.805300"></trkpt><trkpt lat="52.404220" lon="13.800130"></trkpt><trkpt lat="52.396940" lon="13.790290"></trkpt><trkpt lat="52.390060" lon="13.783100"></trkpt><trkpt lat="52.383140" lon="13.770390"></trkpt><trkpt lat="52.373260" lon="13.757570"></trkpt><trkpt lat="52.364370" lon="13.760940"></trkpt><trkpt lat="52.357520" lon="13.756710"></trkpt><trkpt lat="52.357770" lon="13.774200"></trkpt><trkpt lat="52.346750" lon="13.776350"></trkpt><trkpt lat="52.362920" lon="13.774020"></trkpt><trkpt lat="52.347550" lon="13.766810"></trkpt><trkpt lat="52.352060" lon="13.781380"></trkpt><trkpt lat="52.350320" lon="13.768290"></trkpt><trkpt lat="52.346290" lon="13.753460"></trkpt><trkpt lat="52.343610" lon="13.764980"></trkpt><trkpt lat="52.350480" lon="13.771270"></trkpt><trkpt lat="52.338970" lon="13.768710"></trkpt><trkpt lat="52.334940" lon="13.757650"></trkpt><trkpt lat="52.345810" lon="13.756680"></trkpt><trkpt lat="52.352230" lon="13.772170"></trkpt><trkpt lat="52.348850" lon="13.760730"></trkpt><trkpt lat="52.340710" lon="13.753900"></trkpt><trkpt lat="52.331050" lon="13.743430"></trkpt><trkpt lat="52.333220" lon="13.759240"></trkpt><trkpt lat="52.333430" lon="13.745610"></trkpt><trkpt lat="52.327850" lon="13.758250"></trkpt><trkpt lat="52.324490" lon="13.739660"></trkpt><trkpt lat="52.323780" lon="13.755780"></trkpt><trkpt lat="52.315330" lon="13.750340"></trkpt><trkpt lat="52.329410" lon="13.754410"></trkpt><trkpt lat="52.321030" lon="13.754500"></trkpt><trkpt lat="52.311230" lon="13.751100"></trkpt><trkpt lat="52.306250" lon="13.738270"></trkpt><trkpt lat="52.295750" lon="13.734240"></trkpt><trkpt lat="52.296990" lon="13.755380"></trkpt><trkpt lat="52.293130" lon="13.745390"></trkpt><trkpt lat="52.282620" lon="13.741040"></trkpt><trkpt lat="52.289750" lon="13.739250"></trkpt><trkpt lat="52.290630" lon="13.719350"></trkpt><trkpt lat="52.287540" lon="13.730040"></trkpt><trkpt lat="52.274670" lon="13.727560"></trkpt><trkpt lat="52.287550" lon="13.721610"></trkpt><trkpt lat="52.297230" lon="13.731860"></trkpt><trkpt lat="52.284120" lon="13.728460"></trkpt><trkpt lat="52.274400" lon="13.726570"></trkpt><trkpt lat="52.252440" lon="13.684640"></trkpt><trkpt lat="52.245720" lon="13.678270"></trkpt><trkpt lat="52.237840" lon="13.669330"></trkpt><trkpt lat="52.245670" lon="13.669860"></trkpt><trkpt lat="52.254000" lon="13.672730"></trkpt><trkpt lat="52.262540" lon="13.683290"></trkpt><trkpt lat="52.270780" lon="13.688320"></trkpt><trkpt lat="52.279990" lon="13.695070"></trkpt><trkpt lat="52.282400" lon="13.712380"></trkpt><trkpt lat="52.289490" lon="13.709980"></trkpt><trkpt lat="52.302550" lon="13.713110"></trkpt><trkpt lat="52.310220" lon="13.723680"></trkpt><trkpt lat="52.308490" lon="13.742560"></trkpt><trkpt lat="52.319610" lon="13.745010"></trkpt><trkpt lat="52.319120" lon="13.757610"></trkpt><trkpt lat="52.316690" lon="13.741050"></trkpt><trkpt lat="52.299700" lon="13.731320"></trkpt><trkpt lat="52.293800" lon="13.721030"></trkpt><trkpt lat="52.286590" lon="13.718650"></trkpt><trkpt lat="52.284770" lon="13.731450"></trkpt><trkpt lat="52.271440" lon="13.728230"></trkpt><trkpt lat="52.264860" lon="13.714270"></trkpt><trkpt lat="52.257220" lon="13.711710"></trkpt><trkpt lat="52.246010" lon="13.706930"></trkpt><trkpt lat="52.238820" lon="13.695940"></trkpt><trkpt lat="52.229750" lon="13.696840"></trkpt><trkpt lat="52.240350" lon="13.701770"></trkpt><trkpt lat="52.232840" lon="13.695920"></trkpt><trkpt lat="52.259370" lon="13.695290"></trkpt><trkpt lat="52.266960" lon="13.703040"></trkpt><trkpt lat="52.271100" lon="13.691110"></trkpt><trkpt lat="52.262640" lon="13.680880"></trkpt><trkpt lat="52.267770" lon="13.672060"></trkpt><trkpt lat="52.287490" lon="13.666230"></trkpt><trkpt lat="52.280830" lon="13.660050"></trkpt><trkpt lat="52.272640" lon="13.656220"></trkpt><trkpt lat="52.266380" lon="13.645510"></trkpt><trkpt lat="52.260060" lon="13.638710"></trkpt><trkpt lat="52.252160" lon="13.633110"></trkpt><trkpt lat="52.248270" lon="13.622450"></trkpt><trkpt lat="52.238130" lon="13.622380"></trkpt><trkpt lat="52.233130" lon="13.602550"></trkpt><trkpt lat="52.222240" lon="13.593200"></trkpt><trkpt lat="52.221520" lon="13.575940"></trkpt><trkpt lat="52.212520" lon="13.571680"></trkpt><trkpt lat="52.224950" lon="13.566560"></trkpt><trkpt lat="52.234300" lon="13.572360"></trkpt><trkpt lat="52.246490" lon="13.575920"></trkpt><trkpt lat="52.256840" lon="13.569310"></trkpt><trkpt lat="52.249250" lon="13.572520"></trkpt><trkpt lat="52.240550" lon="13.567430"></trkpt><trkpt lat="52.231620" lon="13.564920"></trkpt><trkpt lat="52.216020" lon="13.557460"></trkpt><trkpt lat="52.208080" lon="13.552240"></trkpt><trkpt lat="52.193990" lon="13.557560"></trkpt><trkpt lat="52.204340" lon="13.562120"></trkpt><trkpt lat="52.213720" lon="13.564880"></trkpt><trkpt lat="52.204600" lon="13.555140"></trkpt><trkpt lat="52.197580" lon="13.545710"></trkpt><trkpt lat="52.217790" lon="13.558680"></trkpt><trkpt lat="52.236510" lon="13.550250"></trkpt><trkpt lat="52.248150" lon="13.558140"></trkpt><trkpt lat="52.254890" lon="13.562950"></trkpt><trkpt lat="52.266290" lon="13.572770"></trkpt><trkpt lat="52.252050" lon="13.573330"></trkpt><trkpt lat="52.252830" lon="13.558020"></trkpt><trkpt lat="52.245530" lon="13.558840"></trkpt><trkpt lat="52.244510" lon="13.538260"></trkpt><trkpt lat="52.257310" lon="13.544770"></trkpt><trkpt lat="52.257830" lon="13.557750"></trkpt><trkpt lat="52.262170" lon="13.568710"></trkpt><trkpt lat="52.269260" lon="13.574180"></trkpt><trkpt lat="52.282930" lon="13.571960"></trkpt><trkpt lat="52.282060" lon="13.585420"></trkpt><trkpt lat="52.295850" lon="13.591530"></trkpt><trkpt lat="52.303690" lon="13.600840"></trkpt><trkpt lat="52.310890" lon="13.611410"></trkpt><trkpt lat="52.320200" lon="13.620490"></trkpt><trkpt lat="52.326260" lon="13.627680"></trkpt><trkpt lat="52.327440" lon="13.612390"></trkpt><trkpt lat="52.321810" lon="13.604900"></trkpt><trkpt lat="52.310810" lon="13.599910"></trkpt><trkpt lat="52.327700" lon="13.594510"></trkpt><trkpt lat="52.319570" lon="13.593500"></trkpt><trkpt lat="52.311040" lon="13.585170"></trkpt><trkpt lat="52.292200" lon="13.581440"></trkpt><trkpt lat="52.286260" lon="13.563380"></trkpt><trkpt lat="52.258200" lon="13.559470"></trkpt><trkpt lat="52.254330" lon="13.547470"></trkpt><trkpt lat="52.261260" lon="13.557030"></trkpt><trkpt lat="52.268530" lon="13.559310"></trkpt><trkpt lat="52.277230" lon="13.563950"></trkpt><trkpt lat="52.283540" lon="13.572730"></trkpt><trkpt lat="52.284490" lon="13.585000"></trkpt><trkpt lat="52.291750" lon="13.591580"></trkpt><trkpt lat="52.304230" lon="13.601540"></trkpt><trkpt lat="52.312760" lon="13.612740"></trkpt><trkpt lat="52.325140" lon="13.619570"></trkpt><trkpt lat="52.331150" lon="13.628400"></trkpt><trkpt lat="52.339070" lon="13.636760"></trkpt><trkpt lat="52.343780" lon="13.646230"></trkpt><trkpt lat="52.352070" lon="13.646210"></trkpt><trkpt lat="52.336280" lon="13.639420"></trkpt><trkpt lat="52.316430" lon="13.636940"></trkpt><trkpt lat="52.321530" lon="13.648200"></trkpt><trkpt lat="52.322090" lon="13.663670"></trkpt><trkpt lat="52.330290" lon="13.668570"></trkpt><trkpt lat="52.322200" lon="13.660510"></trkpt><trkpt lat="52.333400" lon="13.661200"></trkpt><trkpt lat="52.326760" lon="13.652250"></trkpt><trkpt lat="52.333880" lon="13.657840"></trkpt><trkpt lat="52.349610" lon="13.680130"></trkpt><trkpt lat="52.342890" lon="13.671180"></trkpt><trkpt lat="52.353230" lon="13.677770"></trkpt><trkpt lat="52.360660" lon="13.687710"></trkpt><trkpt lat="52.368130" lon="13.694220"></trkpt><trkpt lat="52.379710" lon="13.700210"></trkpt><trkpt lat="52.388130" lon="13.703860"></trkpt><trkpt lat="52.395810" lon="13.705840"></trkpt><trkpt lat="52.405060" lon="13.712080"></trkpt><trkpt lat="52.410870" lon="13.720150"></trkpt><trkpt lat="52.417720" lon="13.730300"></trkpt><trkpt lat="52.429070" lon="13.733740"></trkpt><trkpt lat="52.434760" lon="13.743190"></trkpt><trkpt lat="52.442690" lon="13.751550"></trkpt><trkpt lat="52.450170" lon="13.757730"></trkpt><trkpt lat="52.459100" lon="13.759100"></trkpt><trkpt lat="52.442830" lon="13.752500"></trkpt><trkpt lat="52.432600" lon="13.742770"></trkpt><trkpt lat="52.419020" lon="13.749850"></trkpt><trkpt lat="52.431960" lon="13.754830"></trkpt><trkpt lat="52.437000" lon="13.742350"></trkpt><trkpt lat="52.445680" lon="13.752600"></trkpt><trkpt lat="52.458970" lon="13.752530"></trkpt><trkpt lat="52.466010" lon="13.755440"></trkpt><trkpt lat="52.461180" lon="13.744940"></trkpt><trkpt lat="52.476000" lon="13.747410"></trkpt><trkpt lat="52.487100" lon="13.743740"></trkpt><trkpt lat="52.489100" lon="13.755260"></trkpt><trkpt lat="52.481390" lon="13.745960"></trkpt><trkpt lat="52.494780" lon="13.745640"></trkpt><trkpt lat="52.496130" lon="13.767650"></trkpt><trkpt lat="52.509640" lon="13.768690"></trkpt><trkpt lat="52.510250" lon="13.791260"></trkpt><trkpt lat="52.515950" lon="13.782280"></trkpt><trkpt lat="52.506220" lon="13.779630"></trkpt><trkpt lat="52.519330" lon="13.785170"></trkpt><trkpt lat="52.520130" lon="13.801030"></trkpt><trkpt lat="52.514730" lon="13.792990"></trkpt><trkpt lat="52.506540" lon="13.789390"></trkpt><trkpt lat="52.507970" lon="13.770490"></trkpt><trkpt lat="52.506450" lon="13.784430"></trkpt><trkpt lat="52.511070" lon="13.793670"></trkpt><trkpt lat="52.518460" lon="13.793950"></trkpt><trkpt lat="52.519480" lon="13.816040"></trkpt><trkpt lat="52.496860" lon="13.814130"></trkpt><trkpt lat="52.486630" lon="13.812780"></trkpt><trkpt lat="52.495870" lon="13.820030"></trkpt><trkpt lat="52.501130" lon="13.831700"></trkpt><trkpt lat="52.507460" lon="13.837340"></trkpt><trkpt lat="52.515560" lon="13.839520"></trkpt><trkpt lat="52.523540" lon="13.848720"></trkpt><trkpt lat="52.523990" lon="13.825830"></trkpt><trkpt lat="52.531200" lon="13.832360"></trkpt><trkpt lat="52.533920" lon="13.846480"></trkpt><trkpt lat="52.561810" lon="13.848530"></trkpt><trkpt lat="52.554450" lon="13.845060"></trkpt><trkpt lat="52.558350" lon="13.826850"></trkpt><trkpt lat="52.566150" lon="13.835590"></trkpt><trkpt lat="52.580670" lon="13.839160"></trkpt><trkpt lat="52.595740" lon="13.838780"></trkpt><trkpt lat="52.605740" lon="13.844390"></trkpt><trkpt lat="52.609640" lon="13.854560"></trkpt><trkpt lat="52.627080" lon="13.859380"></trkpt><trkpt lat="52.653430" lon="13.867220"></trkpt><trkpt lat="52.665730" lon="13.872570"></trkpt><trkpt lat="52.673560" lon="13.879770"></trkpt><trkpt lat="52.695790" lon="13.880600"></trkpt><trkpt lat="52.702640" lon="13.885930"></trkpt><trkpt lat="52.701920" lon="13.910840"></trkpt><trkpt lat="52.711640" lon="13.916960"></trkpt><trkpt lat="52.718380" lon="13.922580"></trkpt><trkpt lat="52.726830" lon="13.930180"></trkpt><trkpt lat="52.726550" lon="13.943640"></trkpt><trkpt lat="52.737310" lon="13.948160"></trkpt><trkpt lat="52.752250" lon="13.948650"></trkpt><trkpt lat="52.759610" lon="13.960090"></trkpt><trkpt lat="52.771090" lon="13.968140"></trkpt><trkpt lat="52.770450" lon="13.983590"></trkpt><trkpt lat="52.781400" lon="13.985640"></trkpt><trkpt lat="52.792510" lon="13.996290"></trkpt><trkpt lat="52.798550" lon="14.006260"></trkpt><trkpt lat="52.813070" lon="14.009040"></trkpt><trkpt lat="52.817070" lon="14.025600"></trkpt><trkpt lat="52.822830" lon="14.033370"></trkpt><trkpt lat="52.838670" lon="14.042120"></trkpt><trkpt lat="52.840630" lon="14.054740"></trkpt><trkpt lat="52.839550" lon="14.023460"></trkpt><trkpt lat="52.835340" lon="14.013750"></trkpt><trkpt lat="52.827320" lon="14.020830"></trkpt><trkpt lat="52.834460" lon="14.018000"></trkpt><trkpt lat="52.833160" lon="14.004680"></trkpt><trkpt lat="52.817560" lon="14.002060"></trkpt><trkpt lat="52.809330" lon="13.997370"></trkpt><trkpt lat="52.803420" lon="13.980460"></trkpt><trkpt lat="52.795050" lon="13.975540"></trkpt><trkpt lat="52.786580" lon="13.965130"></trkpt><trkpt lat="52.771520" lon="13.961280"></trkpt><trkpt lat="52.767210" lon="13.950320"></trkpt><trkpt lat="52.761380" lon="13.941720"></trkpt><trkpt lat="52.754900" lon="13.933500"></trkpt><trkpt lat="52.732300" lon="13.932620"></trkpt><trkpt lat="52.726250" lon="13.920430"></trkpt><trkpt lat="52.723130" lon="13.905800"></trkpt><trkpt lat="52.717350" lon="13.879270"></trkpt><trkpt lat="52.712510" lon="13.865790"></trkpt><trkpt lat="52.711540" lon="13.841220"></trkpt><trkpt lat="52.719260" lon="13.845550"></trkpt><trkpt lat="52.712000" lon="13.837920"></trkpt><trkpt lat="52.711290" lon="13.825440"></trkpt><trkpt lat="52.681480" lon="13.822650"></trkpt><trkpt lat="52.673540" lon="13.822590"></trkpt><trkpt lat="52.669320" lon="13.800770"></trkpt><trkpt lat="52.663650" lon="13.791830"></trkpt><trkpt lat="52.656400" lon="13.791840"></trkpt><trkpt lat="52.647330" lon="13.789540"></trkpt><trkpt lat="52.654810" lon="13.789850"></trkpt><trkpt lat="52.647460" lon="13.789810"></trkpt><trkpt lat="52.637540" lon="13.792180"></trkpt><trkpt lat="52.633780" lon="13.781710"></trkpt><trkpt lat="52.627150" lon="13.771110"></trkpt><trkpt lat="52.623510" lon="13.760660"></trkpt><trkpt lat="52.631070" lon="13.771970"></trkpt><trkpt lat="52.641450" lon="13.772810"></trkpt><trkpt lat="52.630990" lon="13.775490"></trkpt><trkpt lat="52.639370" lon="13.777230"></trkpt><trkpt lat="52.646050" lon="13.789350"></trkpt><trkpt lat="52.627150" lon="13.789130"></trkpt><trkpt lat="52.640210" lon="13.792920"></trkpt><trkpt lat="52.645320" lon="13.801400"></trkpt><trkpt lat="52.637060" lon="13.805050"></trkpt><trkpt lat="52.648490" lon="13.807630"></trkpt><trkpt lat="52.653310" lon="13.823570"></trkpt><trkpt lat="52.661230" lon="13.824370"></trkpt><trkpt lat="52.662770" lon="13.836760"></trkpt><trkpt lat="52.669050" lon="13.823650"></trkpt><trkpt lat="52.667400" lon="13.836930"></trkpt><trkpt lat="52.680480" lon="13.837870"></trkpt><trkpt lat="52.683610" lon="13.849140"></trkpt><trkpt lat="52.684730" lon="13.832670"></trkpt><trkpt lat="52.667290" lon="13.834420"></trkpt><trkpt lat="52.657120" lon="13.834290"></trkpt><trkpt lat="52.666480" lon="13.834180"></trkpt><trkpt lat="52.656900" lon="13.840670"></trkpt><trkpt lat="52.656430" lon="13.823520"></trkpt><trkpt lat="52.669510" lon="13.832050"></trkpt><trkpt lat="52.678620" lon="13.851540"></trkpt><trkpt lat="52.687970" lon="13.849980"></trkpt><trkpt lat="52.680770" lon="13.853380"></trkpt><trkpt lat="52.687230" lon="13.861740"></trkpt><trkpt lat="52.693350" lon="13.854500"></trkpt><trkpt lat="52.707110" lon="13.855620"></trkpt><trkpt lat="52.713270" lon="13.845160"></trkpt><trkpt lat="52.745080" lon="13.848750"></trkpt><trkpt lat="52.744980" lon="13.873360"></trkpt><trkpt lat="52.723070" lon="13.861920"></trkpt><trkpt lat="52.729180" lon="13.875230"></trkpt><trkpt lat="52.734490" lon="13.885760"></trkpt><trkpt lat="52.740850" lon="13.893640"></trkpt><trkpt lat="52.748810" lon="13.910040"></trkpt><trkpt lat="52.760380" lon="13.911200"></trkpt><trkpt lat="52.767170" lon="13.919880"></trkpt><trkpt lat="52.774880" lon="13.922770"></trkpt><trkpt lat="52.785010" lon="13.928680"></trkpt><trkpt lat="52.794710" lon="13.940750"></trkpt><trkpt lat="52.798560" lon="13.955100"></trkpt><trkpt lat="52.806840" lon="13.959330"></trkpt><trkpt lat="52.813960" lon="13.968450"></trkpt><trkpt lat="52.804850" lon="13.965340"></trkpt><trkpt lat="52.813490" lon="13.964150"></trkpt><trkpt lat="52.810620" lon="13.949260"></trkpt><trkpt lat="52.815560" lon="13.964570"></trkpt><trkpt lat="52.828650" lon="13.965160"></trkpt><trkpt lat="52.839550" lon="13.974310"></trkpt><trkpt lat="52.848820" lon="13.974790"></trkpt><trkpt lat="52.850420" lon="13.999510"></trkpt><trkpt lat="52.861990" lon="14.000520"></trkpt><trkpt lat="52.874210" lon="14.007660"></trkpt><trkpt lat="52.880410" lon="13.996650"></trkpt><trkpt lat="52.871610" lon="13.998190"></trkpt><trkpt lat="52.878540" lon="14.006090"></trkpt><trkpt lat="52.878940" lon="14.026940"></trkpt><trkpt lat="52.890730" lon="14.033790"></trkpt><trkpt lat="52.898960" lon="14.045300"></trkpt><trkpt lat="52.878750" lon="14.045490"></trkpt><trkpt lat="52.894020" lon="14.045990"></trkpt><trkpt lat="52.894260" lon="14.096160"></trkpt><trkpt lat="52.874330" lon="14.086180"></trkpt><trkpt lat="52.874400" lon="14.067700"></trkpt><trkpt lat="52.881720" lon="14.070980"></trkpt><trkpt lat="52.890400" lon="14.078000"></trkpt><trkpt lat="52.897980" lon="14.085520"></trkpt><trkpt lat="52.906040" lon="14.088510"></trkpt><trkpt lat="52.915170" lon="14.093790"></trkpt><trkpt lat="52.927680" lon="14.094880"></trkpt><trkpt lat="52.934320" lon="14.105610"></trkpt><trkpt lat="52.941820" lon="14.110880"></trkpt><trkpt lat="52.947980" lon="14.120410"></trkpt><trkpt lat="52.953580" lon="14.129920"></trkpt><trkpt lat="52.974030" lon="14.134130"></trkpt><trkpt lat="52.980230" lon="14.143250"></trkpt><trkpt lat="52.984950" lon="14.154350"></trkpt><trkpt lat="52.994200" lon="14.158880"></trkpt><trkpt lat="52.995380" lon="14.143270"></trkpt><trkpt lat="53.004120" lon="14.148890"></trkpt><trkpt lat="53.000630" lon="14.138390"></trkpt><trkpt lat="53.008040" lon="14.143910"></trkpt><trkpt lat="53.016030" lon="14.144510"></trkpt><trkpt lat="53.022490" lon="14.156870"></trkpt><trkpt lat="53.031830" lon="14.163930"></trkpt><trkpt lat="53.046310" lon="14.171200"></trkpt><trkpt lat="53.053510" lon="14.181120"></trkpt><trkpt lat="53.061030" lon="14.182570"></trkpt><trkpt lat="53.064850" lon="14.193950"></trkpt><trkpt lat="53.077790" lon="14.198580"></trkpt><trkpt lat="53.091880" lon="14.204290"></trkpt><trkpt lat="53.099040" lon="14.213780"></trkpt><trkpt lat="53.107830" lon="14.222660"></trkpt><trkpt lat="53.113250" lon="14.230810"></trkpt><trkpt lat="53.102180" lon="14.230750"></trkpt><trkpt lat="53.114240" lon="14.231730"></trkpt><trkpt lat="53.128530" lon="14.237210"></trkpt><trkpt lat="53.136580" lon="14.245580"></trkpt><trkpt lat="53.142890" lon="14.253800"></trkpt><trkpt lat="53.150020" lon="14.274270"></trkpt><trkpt lat="53.157680" lon="14.278530"></trkpt><trkpt lat="53.164650" lon="14.282690"></trkpt><trkpt lat="53.176000" lon="14.286860"></trkpt><trkpt lat="53.181960" lon="14.294540"></trkpt><trkpt lat="53.192120" lon="14.299530"></trkpt><trkpt lat="53.183670" lon="14.298810"></trkpt><trkpt lat="53.167220" lon="14.291960"></trkpt><trkpt lat="53.161600" lon="14.275020"></trkpt><trkpt lat="53.153790" lon="14.276000"></trkpt><trkpt lat="53.143110" lon="14.271060"></trkpt><trkpt lat="53.134810" lon="14.261970"></trkpt><trkpt lat="53.117780" lon="14.256870"></trkpt><trkpt lat="53.120070" lon="14.242720"></trkpt><trkpt lat="53.105990" lon="14.244450"></trkpt><trkpt lat="53.107670" lon="14.225890"></trkpt><trkpt lat="53.096620" lon="14.220710"></trkpt><trkpt lat="53.079720" lon="14.211360"></trkpt><trkpt lat="53.072080" lon="14.203940"></trkpt><trkpt lat="53.078880" lon="14.213610"></trkpt><trkpt lat="53.071910" lon="14.205050"></trkpt><trkpt lat="53.049580" lon="14.203180"></trkpt><trkpt lat="53.040840" lon="14.194100"></trkpt><trkpt lat="53.031720" lon="14.187920"></trkpt><trkpt lat="53.042530" lon="14.200370"></trkpt><trkpt lat="53.048800" lon="14.210600"></trkpt><trkpt lat="53.035100" lon="14.223310"></trkpt><trkpt lat="53.027180" lon="14.211560"></trkpt><trkpt lat="53.020360" lon="14.202220"></trkpt><trkpt lat="53.012780" lon="14.202830"></trkpt><trkpt lat="53.008460" lon="14.189820"></trkpt><trkpt lat="52.989790" lon="14.190030"></trkpt><trkpt lat="52.982230" lon="14.180890"></trkpt><trkpt lat="52.962110" lon="14.173890"></trkpt><trkpt lat="52.942710" lon="14.167010"></trkpt><trkpt lat="52.931180" lon="14.162460"></trkpt><trkpt lat="52.924890" lon="14.148090"></trkpt><trkpt lat="52.913230" lon="14.148080"></trkpt><trkpt lat="52.911270" lon="14.115790"></trkpt><trkpt lat="52.900790" lon="14.108940"></trkpt><trkpt lat="52.878700" lon="14.116290"></trkpt><trkpt lat="52.868980" lon="14.111260"></trkpt><trkpt lat="52.863410" lon="14.101630"></trkpt><trkpt lat="52.849720" lon="14.091920"></trkpt><trkpt lat="52.842550" lon="14.082000"></trkpt><trkpt lat="52.838730" lon="14.069950"></trkpt><trkpt lat="52.824210" lon="14.069330"></trkpt><trkpt lat="52.832160" lon="14.077980"></trkpt><trkpt lat="52.812910" lon="14.078280"></trkpt><trkpt lat="52.808300" lon="14.065110"></trkpt><trkpt lat="52.800360" lon="14.066010"></trkpt><trkpt lat="52.804640" lon="14.077120"></trkpt><trkpt lat="52.812780" lon="14.072100"></trkpt><trkpt lat="52.822490" lon="14.080350"></trkpt><trkpt lat="52.836860" lon="14.087210"></trkpt><trkpt lat="52.828400" lon="14.092560"></trkpt><trkpt lat="52.832530" lon="14.103750"></trkpt><trkpt lat="52.839880" lon="14.106590"></trkpt><trkpt lat="52.845680" lon="14.116730"></trkpt><trkpt lat="52.853650" lon="14.115670"></trkpt><trkpt lat="52.868380" lon="14.140980"></trkpt><trkpt lat="52.875420" lon="14.149510"></trkpt><trkpt lat="52.884050" lon="14.157270"></trkpt><trkpt lat="52.892130" lon="14.160530"></trkpt><trkpt lat="52.894890" lon="14.143830"></trkpt><trkpt lat="52.883780" lon="14.144630"></trkpt><trkpt lat="52.874240" lon="14.141100"></trkpt><trkpt lat="52.863280" lon="14.133130"></trkpt><trkpt lat="52.857810" lon="14.124010"></trkpt><trkpt lat="52.869140" lon="14.124150"></trkpt><trkpt lat="52.873210" lon="14.137120"></trkpt><trkpt lat="52.889020" lon="14.137860"></trkpt><trkpt lat="52.893690" lon="14.148970"></trkpt><trkpt lat="52.897900" lon="14.159580"></trkpt><trkpt lat="52.904670" lon="14.167250"></trkpt><trkpt lat="52.914720" lon="14.173930"></trkpt><trkpt lat="52.921550" lon="14.180760"></trkpt><trkpt lat="52.895240" lon="14.186830"></trkpt><trkpt lat="52.888850" lon="14.195110"></trkpt><trkpt lat="52.873290" lon="14.197340"></trkpt><trkpt lat="52.882810" lon="14.198600"></trkpt><trkpt lat="52.890880" lon="14.193400"></trkpt><trkpt lat="52.881140" lon="14.198030"></trkpt><trkpt lat="52.890930" lon="14.203980"></trkpt><trkpt lat="52.896470" lon="14.226650"></trkpt><trkpt lat="52.885860" lon="14.225730"></trkpt><trkpt lat="52.894760" lon="14.216810"></trkpt><trkpt lat="52.906260" lon="14.225250"></trkpt><trkpt lat="52.913580" lon="14.225970"></trkpt><trkpt lat="52.929350" lon="14.229430"></trkpt><trkpt lat="52.922330" lon="14.238300"></trkpt><trkpt lat="52.912840" lon="14.241910"></trkpt><trkpt lat="52.919250" lon="14.261810"></trkpt><trkpt lat="52.923930" lon="14.272340"></trkpt><trkpt lat="52.923250" lon="14.300210"></trkpt><trkpt lat="52.915280" lon="14.299430"></trkpt><trkpt lat="52.921040" lon="14.240880"></trkpt><trkpt lat="52.926130" lon="14.250650"></trkpt><trkpt lat="52.940950" lon="14.257260"></trkpt><trkpt lat="52.951650" lon="14.262150"></trkpt><trkpt lat="52.946590" lon="14.270780"></trkpt><trkpt lat="52.947710" lon="14.252950"></trkpt><trkpt lat="52.936170" lon="14.253930"></trkpt><trkpt lat="52.925420" lon="14.249020"></trkpt><trkpt lat="52.930340" lon="14.259920"></trkpt><trkpt lat="52.915000" lon="14.263790"></trkpt><trkpt lat="52.926270" lon="14.273700"></trkpt><trkpt lat="52.936000" lon="14.284710"></trkpt><trkpt lat="52.956280" lon="14.286660"></trkpt><trkpt lat="52.937020" lon="14.281970"></trkpt><trkpt lat="52.949130" lon="14.291950"></trkpt><trkpt lat="52.938540" lon="14.297460"></trkpt><trkpt lat="52.951360" lon="14.306610"></trkpt><trkpt lat="52.960470" lon="14.319000"></trkpt><trkpt lat="52.958040" lon="14.342200"></trkpt><trkpt lat="52.964130" lon="14.350500"></trkpt><trkpt lat="52.952350" lon="14.354450"></trkpt><trkpt lat="52.955590" lon="14.338640"></trkpt><trkpt lat="52.938490" lon="14.339960"></trkpt><trkpt lat="52.930840" lon="14.336510"></trkpt><trkpt lat="52.940520" lon="14.354460"></trkpt><trkpt lat="52.929230" lon="14.357380"></trkpt><trkpt lat="52.921270" lon="14.355990"></trkpt><trkpt lat="52.913710" lon="14.353010"></trkpt><trkpt lat="52.909960" lon="14.341960"></trkpt><trkpt lat="52.941500" lon="14.251920"></trkpt><trkpt lat="52.946950" lon="14.264210"></trkpt><trkpt lat="52.911850" lon="14.266570"></trkpt><trkpt lat="52.920190" lon="14.259190"></trkpt><trkpt lat="52.929650" lon="14.268710"></trkpt><trkpt lat="52.919030" lon="14.270370"></trkpt><trkpt lat="52.927620" lon="14.275660"></trkpt><trkpt lat="52.937330" lon="14.276990"></trkpt><trkpt lat="52.942650" lon="14.287880"></trkpt><trkpt lat="52.952860" lon="14.287310"></trkpt><trkpt lat="52.954400" lon="14.270760"></trkpt><trkpt lat="52.957510" lon="14.302790"></trkpt><trkpt lat="52.964960" lon="14.285800"></trkpt><trkpt lat="52.954880" lon="14.286590"></trkpt><trkpt lat="52.946170" lon="14.277710"></trkpt><trkpt lat="52.983730" lon="14.289910"></trkpt><trkpt lat="52.960210" lon="14.283040"></trkpt><trkpt lat="52.976720" lon="14.279930"></trkpt><trkpt lat="52.980560" lon="14.342430"></trkpt><trkpt lat="52.972600" lon="14.343090"></trkpt><trkpt lat="52.973600" lon="14.326030"></trkpt><trkpt lat="52.948380" lon="14.328160"></trkpt><trkpt lat="52.949820" lon="14.315680"></trkpt><trkpt lat="52.951590" lon="14.330230"></trkpt><trkpt lat="52.955170" lon="14.347140"></trkpt><trkpt lat="52.955870" lon="14.332480"></trkpt><trkpt lat="52.948830" lon="14.341380"></trkpt><trkpt lat="52.955450" lon="14.346990"></trkpt><trkpt lat="52.967490" lon="14.352870"></trkpt><trkpt lat="52.975610" lon="14.359590"></trkpt><trkpt lat="52.982940" lon="14.368140"></trkpt><trkpt lat="52.988930" lon="14.382990"></trkpt><trkpt lat="52.973240" lon="14.381150"></trkpt><trkpt lat="52.965070" lon="14.379790"></trkpt><trkpt lat="52.966020" lon="14.392360"></trkpt><trkpt lat="52.974300" lon="14.393260"></trkpt><trkpt lat="52.983900" lon="14.396830"></trkpt><trkpt lat="52.993670" lon="14.409180"></trkpt><trkpt lat="53.003480" lon="14.414460"></trkpt><trkpt lat="53.014140" lon="14.423370"></trkpt><trkpt lat="53.024800" lon="14.412870"></trkpt><trkpt lat="53.014180" lon="14.422400"></trkpt><trkpt lat="53.022830" lon="14.416460"></trkpt><trkpt lat="53.016050" lon="14.408080"></trkpt><trkpt lat="53.010870" lon="14.418760"></trkpt><trkpt lat="53.002380" lon="14.413670"></trkpt><trkpt lat="52.995290" lon="14.406720"></trkpt><trkpt lat="53.015470" lon="14.402000"></trkpt><trkpt lat="53.023850" lon="14.407900"></trkpt><trkpt lat="53.007930" lon="14.408940"></trkpt><trkpt lat="53.014590" lon="14.403130"></trkpt><trkpt lat="53.005610" lon="14.405610"></trkpt><trkpt lat="52.994400" lon="14.405250"></trkpt><trkpt lat="53.004060" lon="14.424110"></trkpt><trkpt lat="53.015400" lon="14.428670"></trkpt><trkpt lat="53.004600" lon="14.436740"></trkpt><trkpt lat="53.005300" lon="14.414650"></trkpt><trkpt lat="53.015340" lon="14.415260"></trkpt><trkpt lat="53.007600" lon="14.420310"></trkpt><trkpt lat="53.008670" lon="14.406440"></trkpt><trkpt lat="52.997820" lon="14.412280"></trkpt><trkpt lat="53.009950" lon="14.427100"></trkpt><trkpt lat="53.020340" lon="14.426890"></trkpt><trkpt lat="53.021580" lon="14.443680"></trkpt><trkpt lat="52.990230" lon="14.448250"></trkpt><trkpt lat="52.991280" lon="14.436390"></trkpt><trkpt lat="52.982730" lon="14.443710"></trkpt><trkpt lat="52.972630" lon="14.449200"></trkpt><trkpt lat="52.981010" lon="14.455620"></trkpt><trkpt lat="52.985120" lon="14.467450"></trkpt><trkpt lat="52.984820" lon="14.529960"></trkpt><trkpt lat="52.975240" lon="14.527060"></trkpt><trkpt lat="52.977780" lon="14.515430"></trkpt><trkpt lat="52.968370" lon="14.515330"></trkpt><trkpt lat="52.976780" lon="14.517100"></trkpt><trkpt lat="52.982390" lon="14.526510"></trkpt><trkpt lat="52.983680" lon="14.548830"></trkpt><trkpt lat="52.911610" lon="14.551280"></trkpt><trkpt lat="52.925750" lon="14.556200"></trkpt><trkpt lat="52.924980" lon="14.570820"></trkpt><trkpt lat="52.911910" lon="14.570720"></trkpt><trkpt lat="52.922470" lon="14.579120"></trkpt><trkpt lat="52.915160" lon="14.577210"></trkpt><trkpt lat="52.906100" lon="14.572040"></trkpt><trkpt lat="52.916060" lon="14.571620"></trkpt><trkpt lat="52.918930" lon="14.590570"></trkpt><trkpt lat="52.910920" lon="14.590510"></trkpt><trkpt lat="52.921300" lon="14.584690"></trkpt><trkpt lat="52.923220" lon="14.597910"></trkpt><trkpt lat="52.937260" lon="14.599670"></trkpt><trkpt lat="52.937830" lon="14.578430"></trkpt><trkpt lat="52.925820" lon="14.578650"></trkpt><trkpt lat="52.915750" lon="14.581800"></trkpt><trkpt lat="52.923710" lon="14.592550"></trkpt><trkpt lat="52.929110" lon="14.602390"></trkpt><trkpt lat="52.936520" lon="14.603870"></trkpt><trkpt lat="52.944960" lon="14.621670"></trkpt><trkpt lat="52.937590" lon="14.619660"></trkpt><trkpt lat="52.957050" lon="14.619920"></trkpt><trkpt lat="52.967840" lon="14.624600"></trkpt><trkpt lat="52.969520" lon="14.604640"></trkpt><trkpt lat="52.969580" lon="14.625350"></trkpt><trkpt lat="52.978630" lon="14.625650"></trkpt><trkpt lat="52.979740" lon="14.640590"></trkpt><trkpt lat="52.990270" lon="14.641660"></trkpt><trkpt lat="52.993810" lon="14.652860"></trkpt><trkpt lat="52.995800" lon="14.665340"></trkpt><trkpt lat="53.004070" lon="14.673390"></trkpt><trkpt lat="52.997880" lon="14.663810"></trkpt><trkpt lat="52.984700" lon="14.664770"></trkpt><trkpt lat="52.973200" lon="14.658470"></trkpt><trkpt lat="52.985680" lon="14.664110"></trkpt><trkpt lat="52.984050" lon="14.679640"></trkpt><trkpt lat="52.988210" lon="14.689700"></trkpt><trkpt lat="52.998280" lon="14.687610"></trkpt><trkpt lat="53.005120" lon="14.692820"></trkpt><trkpt lat="52.993310" lon="14.691460"></trkpt><trkpt lat="53.002020" lon="14.684080"></trkpt><trkpt lat="53.011470" lon="14.691070"></trkpt><trkpt lat="53.012030" lon="14.708910"></trkpt><trkpt lat="53.011390" lon="14.723870"></trkpt><trkpt lat="53.019810" lon="14.727370"></trkpt><trkpt lat="53.025790" lon="14.740140"></trkpt><trkpt lat="53.032150" lon="14.749710"></trkpt><trkpt lat="53.023340" lon="14.735540"></trkpt><trkpt lat="53.033780" lon="14.736050"></trkpt><trkpt lat="53.024520" lon="14.733210"></trkpt><trkpt lat="53.016570" lon="14.726440"></trkpt><trkpt lat="53.004860" lon="14.720120"></trkpt><trkpt lat="53.017940" lon="14.714860"></trkpt><trkpt lat="53.031190" lon="14.713900"></trkpt><trkpt lat="53.020770" lon="14.717290"></trkpt><trkpt lat="53.017670" lon="14.706090"></trkpt><trkpt lat="53.025020" lon="14.714060"></trkpt><trkpt lat="53.031430" lon="14.720190"></trkpt><trkpt lat="53.023790" lon="14.713960"></trkpt><trkpt lat="53.016460" lon="14.704390"></trkpt><trkpt lat="53.025070" lon="14.709140"></trkpt><trkpt lat="53.033810" lon="14.712490"></trkpt><trkpt lat="53.039520" lon="14.705180"></trkpt><trkpt lat="53.044390" lon="14.745720"></trkpt><trkpt lat="52.998940" lon="14.750110"></trkpt><trkpt lat="53.021290" lon="14.757920"></trkpt><trkpt lat="53.014960" lon="14.749900"></trkpt><trkpt lat="53.034680" lon="14.761540"></trkpt><trkpt lat="53.028130" lon="14.767350"></trkpt><trkpt lat="53.029920" lon="14.752850"></trkpt><trkpt lat="53.027900" lon="14.768110"></trkpt><trkpt lat="53.033110" lon="14.778820"></trkpt><trkpt lat="53.030030" lon="14.794920"></trkpt><trkpt lat="53.019970" lon="14.786450"></trkpt><trkpt lat="53.012140" lon="14.787720"></trkpt><trkpt lat="53.019230" lon="14.793660"></trkpt><trkpt lat="53.024380" lon="14.815980"></trkpt><trkpt lat="53.029200" lon="14.825540"></trkpt><trkpt lat="53.039320" lon="14.825830"></trkpt><trkpt lat="53.039340" lon="14.802850"></trkpt><trkpt lat="53.024630" lon="14.803900"></trkpt><trkpt lat="53.033440" lon="14.808100"></trkpt><trkpt lat="53.022840" lon="14.817210"></trkpt><trkpt lat="53.022290" lon="14.804360"></trkpt><trkpt lat="53.013350" lon="14.794350"></trkpt><trkpt lat="53.021700" lon="14.802130"></trkpt><trkpt lat="53.030910" lon="14.794010"></trkpt><trkpt lat="53.038860" lon="14.799560"></trkpt><trkpt lat="53.035620" lon="14.783540"></trkpt><trkpt lat="53.013280" lon="14.785690"></trkpt><trkpt lat="53.019810" lon="14.778980"></trkpt><trkpt lat="53.013920" lon="14.801110"></trkpt><trkpt lat="53.007600" lon="14.793720"></trkpt><trkpt lat="52.998290" lon="14.789930"></trkpt><trkpt lat="53.007070" lon="14.797450"></trkpt><trkpt lat="53.013660" lon="14.802450"></trkpt><trkpt lat="53.002670" lon="14.805190"></trkpt><trkpt lat="53.009020" lon="14.818800"></trkpt><trkpt lat="53.016430" lon="14.818860"></trkpt><trkpt lat="53.025100" lon="14.826260"></trkpt><trkpt lat="53.049280" lon="14.822960"></trkpt><trkpt lat="53.066650" lon="14.826600"></trkpt><trkpt lat="53.076990" lon="14.829800"></trkpt><trkpt lat="53.079080" lon="14.842120"></trkpt><trkpt lat="53.088510" lon="14.842760"></trkpt><trkpt lat="53.095390" lon="14.851870"></trkpt><trkpt lat="53.094930" lon="14.869250"></trkpt><trkpt lat="53.104000" lon="14.871270"></trkpt><trkpt lat="53.114830" lon="14.875870"></trkpt><trkpt lat="53.122110" lon="14.884160"></trkpt><trkpt lat="53.129390" lon="14.888160"></trkpt><trkpt lat="53.138500" lon="14.897850"></trkpt><trkpt lat="53.143960" lon="14.910550"></trkpt><trkpt lat="53.151160" lon="14.912510"></trkpt><trkpt lat="53.159320" lon="14.915060"></trkpt><trkpt lat="53.162280" lon="14.927230"></trkpt><trkpt lat="53.167810" lon="14.936850"></trkpt><trkpt lat="53.175390" lon="14.942540"></trkpt><trkpt lat="53.185260" lon="14.944460"></trkpt><trkpt lat="53.198050" lon="14.946230"></trkpt><trkpt lat="53.202660" lon="14.957920"></trkpt><trkpt lat="53.218670" lon="14.965200"></trkpt><trkpt lat="53.227290" lon="14.967810"></trkpt><trkpt lat="53.234240" lon="14.973660"></trkpt><trkpt lat="53.241870" lon="14.981070"></trkpt><trkpt lat="53.247420" lon="14.996650"></trkpt><trkpt lat="53.255110" lon="14.995530"></trkpt><trkpt lat="53.267490" lon="15.004120"></trkpt><trkpt lat="53.270660" lon="15.016330"></trkpt><trkpt lat="53.265240" lon="15.000200"></trkpt><trkpt lat="53.275360" lon="15.002340"></trkpt><trkpt lat="53.278560" lon="15.020560"></trkpt><trkpt lat="53.287730" lon="15.017010"></trkpt><trkpt lat="53.290300" lon="15.030420"></trkpt><trkpt lat="53.294860" lon="15.017260"></trkpt><trkpt lat="53.304750" lon="15.020500"></trkpt><trkpt lat="53.313650" lon="15.021730"></trkpt><trkpt lat="53.325340" lon="15.030920"></trkpt><trkpt lat="53.333940" lon="15.039300"></trkpt><trkpt lat="53.344410" lon="15.039070"></trkpt><trkpt lat="53.351640" lon="15.048390"></trkpt><trkpt lat="53.360300" lon="15.047920"></trkpt><trkpt lat="53.368490" lon="15.049800"></trkpt><trkpt lat="53.374130" lon="15.061770"></trkpt><trkpt lat="53.386820" lon="15.064790"></trkpt><trkpt lat="53.395620" lon="15.073000"></trkpt><trkpt lat="53.402060" lon="15.080300"></trkpt><trkpt lat="53.421290" lon="15.079270"></trkpt><trkpt lat="53.428530" lon="15.090530"></trkpt><trkpt lat="53.434180" lon="15.105650"></trkpt><trkpt lat="53.443770" lon="15.106840"></trkpt><trkpt lat="53.443850" lon="15.119360"></trkpt><trkpt lat="53.450910" lon="15.121850"></trkpt><trkpt lat="53.463010" lon="15.122030"></trkpt><trkpt lat="53.475470" lon="15.126560"></trkpt><trkpt lat="53.473590" lon="15.142490"></trkpt><trkpt lat="53.465980" lon="15.141480"></trkpt><trkpt lat="53.455210" lon="15.151940"></trkpt><trkpt lat="53.444990" lon="15.148740"></trkpt><trkpt lat="53.436970" lon="15.142790"></trkpt><trkpt lat="53.434130" lon="15.125340"></trkpt><trkpt lat="53.426850" lon="15.120750"></trkpt><trkpt lat="53.423100" lon="15.109200"></trkpt><trkpt lat="53.437100" lon="15.109850"></trkpt><trkpt lat="53.428180" lon="15.117800"></trkpt><trkpt lat="53.421540" lon="15.105130"></trkpt><trkpt lat="53.403610" lon="15.031380"></trkpt><trkpt lat="53.397700" lon="15.021720"></trkpt><trkpt lat="53.392120" lon="15.012430"></trkpt><trkpt lat="53.381740" lon="14.997320"></trkpt><trkpt lat="53.366490" lon="14.991320"></trkpt><trkpt lat="53.357680" lon="14.955400"></trkpt><trkpt lat="53.348790" lon="14.955310"></trkpt><trkpt lat="53.339670" lon="14.948030"></trkpt><trkpt lat="53.329240" lon="14.919730"></trkpt><trkpt lat="53.320690" lon="14.916060"></trkpt><trkpt lat="53.313190" lon="14.908880"></trkpt><trkpt lat="53.305210" lon="14.904470"></trkpt><trkpt lat="53.297350" lon="14.893940"></trkpt><trkpt lat="53.286170" lon="14.891410"></trkpt><trkpt lat="53.276020" lon="14.862470"></trkpt><trkpt lat="53.263030" lon="14.859750"></trkpt><trkpt lat="53.259010" lon="14.846920"></trkpt><trkpt lat="53.249310" lon="14.840870"></trkpt><trkpt lat="53.246540" lon="14.829750"></trkpt><trkpt lat="53.236140" lon="14.809830"></trkpt><trkpt lat="53.231200" lon="14.799580"></trkpt><trkpt lat="53.225420" lon="14.786380"></trkpt><trkpt lat="53.218000" lon="14.774110"></trkpt><trkpt lat="53.209520" lon="14.763640"></trkpt><trkpt lat="53.201740" lon="14.754390"></trkpt><trkpt lat="53.187460" lon="14.749820"></trkpt><trkpt lat="53.180240" lon="14.738310"></trkpt><trkpt lat="53.171830" lon="14.731570"></trkpt><trkpt lat="53.162990" lon="14.723810"></trkpt><trkpt lat="53.154540" lon="14.723670"></trkpt><trkpt lat="53.147010" lon="14.718110"></trkpt><trkpt lat="53.136140" lon="14.716680"></trkpt><trkpt lat="53.133720" lon="14.702680"></trkpt><trkpt lat="53.125760" lon="14.699270"></trkpt><trkpt lat="53.114610" lon="14.689020"></trkpt><trkpt lat="53.105240" lon="14.686900"></trkpt><trkpt lat="53.097470" lon="14.678210"></trkpt><trkpt lat="53.089150" lon="14.674230"></trkpt><trkpt lat="53.077830" lon="14.676090"></trkpt><trkpt lat="53.066640" lon="14.667500"></trkpt><trkpt lat="53.059090" lon="14.651190"></trkpt><trkpt lat="53.053350" lon="14.635260"></trkpt><trkpt lat="53.044930" lon="14.633920"></trkpt><trkpt lat="53.039850" lon="14.622230"></trkpt><trkpt lat="53.032080" lon="14.620310"></trkpt><trkpt lat="53.015850" lon="14.613100"></trkpt><trkpt lat="53.026440" lon="14.614590"></trkpt><trkpt lat="53.034320" lon="14.618450"></trkpt><trkpt lat="53.031390" lon="14.606840"></trkpt><trkpt lat="53.024880" lon="14.598540"></trkpt><trkpt lat="53.016650" lon="14.589960"></trkpt><trkpt lat="53.024760" lon="14.602770"></trkpt><trkpt lat="53.035940" lon="14.611930"></trkpt><trkpt lat="53.044100" lon="14.622820"></trkpt><trkpt lat="53.051740" lon="14.629900"></trkpt><trkpt lat="53.058810" lon="14.637400"></trkpt><trkpt lat="53.066780" lon="14.639810"></trkpt><trkpt lat="53.080400" lon="14.651710"></trkpt><trkpt lat="53.081140" lon="14.634300"></trkpt><trkpt lat="53.088360" lon="14.643490"></trkpt><trkpt lat="53.091360" lon="14.654600"></trkpt><trkpt lat="53.097090" lon="14.668540"></trkpt><trkpt lat="53.106350" lon="14.677240"></trkpt><trkpt lat="53.121160" lon="14.684880"></trkpt><trkpt lat="53.126390" lon="14.701390"></trkpt><trkpt lat="53.135530" lon="14.707590"></trkpt><trkpt lat="53.143760" lon="14.713210"></trkpt><trkpt lat="53.163730" lon="14.720940"></trkpt><trkpt lat="53.168060" lon="14.746620"></trkpt><trkpt lat="53.167250" lon="14.758820"></trkpt><trkpt lat="53.179070" lon="14.763040"></trkpt><trkpt lat="53.184340" lon="14.775190"></trkpt><trkpt lat="53.189690" lon="14.786080"></trkpt><trkpt lat="53.209030" lon="14.785730"></trkpt><trkpt lat="53.212880" lon="14.798780"></trkpt><trkpt lat="53.221690" lon="14.806280"></trkpt><trkpt lat="53.226830" lon="14.824120"></trkpt><trkpt lat="53.236150" lon="14.826910"></trkpt><trkpt lat="53.244840" lon="14.828550"></trkpt><trkpt lat="53.245960" lon="14.845900"></trkpt><trkpt lat="53.264010" lon="14.850060"></trkpt><trkpt lat="53.270380" lon="14.858090"></trkpt><trkpt lat="53.282380" lon="14.855650"></trkpt><trkpt lat="53.294520" lon="14.866270"></trkpt><trkpt lat="53.296760" lon="14.893820"></trkpt><trkpt lat="53.288790" lon="14.885880"></trkpt><trkpt lat="53.282700" lon="14.852730"></trkpt><trkpt lat="53.276370" lon="14.843070"></trkpt><trkpt lat="53.264270" lon="14.841580"></trkpt><trkpt lat="53.254410" lon="14.834180"></trkpt><trkpt lat="53.253180" lon="14.815690"></trkpt><trkpt lat="53.239930" lon="14.811130"></trkpt><trkpt lat="53.232710" lon="14.802550"></trkpt><trkpt lat="53.216700" lon="14.802330"></trkpt><trkpt lat="53.208180" lon="14.796730"></trkpt><trkpt lat="53.201730" lon="14.788810"></trkpt><trkpt lat="53.192420" lon="14.766630"></trkpt><trkpt lat="53.173030" lon="14.758710"></trkpt><trkpt lat="53.150680" lon="14.749160"></trkpt><trkpt lat="53.143610" lon="14.722410"></trkpt><trkpt lat="53.129790" lon="14.719950"></trkpt><trkpt lat="53.122030" lon="14.711770"></trkpt><trkpt lat="53.112210" lon="14.705910"></trkpt><trkpt lat="53.110440" lon="14.689820"></trkpt><trkpt lat="53.103350" lon="14.675500"></trkpt><trkpt lat="53.081480" lon="14.671560"></trkpt><trkpt lat="53.072420" lon="14.667780"></trkpt><trkpt lat="53.066250" lon="14.655920"></trkpt><trkpt lat="53.064690" lon="14.643660"></trkpt><trkpt lat="53.076280" lon="14.643750"></trkpt><trkpt lat="53.066390" lon="14.634850"></trkpt><trkpt lat="53.057590" lon="14.634100"></trkpt><trkpt lat="53.050060" lon="14.621520"></trkpt><trkpt lat="53.057890" lon="14.621560"></trkpt><trkpt lat="53.049620" lon="14.625070"></trkpt><trkpt lat="53.041960" lon="14.611120"></trkpt><trkpt lat="53.041940" lon="14.594520"></trkpt><trkpt lat="53.047890" lon="14.604420"></trkpt><trkpt lat="53.039950" lon="14.602610"></trkpt><trkpt lat="53.030320" lon="14.589460"></trkpt><trkpt lat="53.023060" lon="14.580670"></trkpt><trkpt lat="53.013390" lon="14.576360"></trkpt><trkpt lat="53.006330" lon="14.563530"></trkpt><trkpt lat="53.000240" lon="14.554440"></trkpt><trkpt lat="52.988780" lon="14.546840"></trkpt><trkpt lat="52.978410" lon="14.543750"></trkpt><trkpt lat="52.983980" lon="14.562170"></trkpt><trkpt lat="52.992580" lon="14.567000"></trkpt><trkpt lat="52.996340" lon="14.581020"></trkpt><trkpt lat="53.004980" lon="14.586780"></trkpt><trkpt lat="53.012450" lon="14.595220"></trkpt><trkpt lat="53.016240" lon="14.609410"></trkpt><trkpt lat="53.035460" lon="14.619050"></trkpt><trkpt lat="53.036420" lon="14.632910"></trkpt><trkpt lat="53.043200" lon="14.640550"></trkpt><trkpt lat="53.047980" lon="14.649650"></trkpt><trkpt lat="53.060020" lon="14.653420"></trkpt><trkpt lat="53.065950" lon="14.663050"></trkpt><trkpt lat="53.075400" lon="14.675980"></trkpt><trkpt lat="53.083010" lon="14.681080"></trkpt><trkpt lat="53.089740" lon="14.692000"></trkpt><trkpt lat="53.096370" lon="14.703520"></trkpt><trkpt lat="53.106670" lon="14.713790"></trkpt><trkpt lat="53.113150" lon="14.722520"></trkpt><trkpt lat="53.123810" lon="14.726970"></trkpt><trkpt lat="53.130350" lon="14.739550"></trkpt><trkpt lat="53.142320" lon="14.747490"></trkpt><trkpt lat="53.149280" lon="14.750640"></trkpt><trkpt lat="53.155050" lon="14.760040"></trkpt><trkpt lat="53.161520" lon="14.772320"></trkpt><trkpt lat="53.169840" lon="14.781420"></trkpt><trkpt lat="53.175580" lon="14.793350"></trkpt><trkpt lat="53.183030" lon="14.794700"></trkpt><trkpt lat="53.190890" lon="14.799180"></trkpt><trkpt lat="53.182960" lon="14.797160"></trkpt><trkpt lat="53.188450" lon="14.809630"></trkpt><trkpt lat="53.196550" lon="14.815530"></trkpt><trkpt lat="53.206040" lon="14.828780"></trkpt><trkpt lat="53.214190" lon="14.835520"></trkpt><trkpt lat="53.222430" lon="14.849750"></trkpt><trkpt lat="53.227870" lon="14.858910"></trkpt><trkpt lat="53.235250" lon="14.861770"></trkpt><trkpt lat="53.243370" lon="14.863480"></trkpt><trkpt lat="53.250370" lon="14.875040"></trkpt><trkpt lat="53.264360" lon="14.880520"></trkpt><trkpt lat="53.276680" lon="14.890620"></trkpt><trkpt lat="53.280750" lon="14.880030"></trkpt><trkpt lat="53.288230" lon="14.890740"></trkpt><trkpt lat="53.279270" lon="14.895580"></trkpt><trkpt lat="53.288330" lon="14.901520"></trkpt><trkpt lat="53.301110" lon="14.905370"></trkpt><trkpt lat="53.308260" lon="14.913690"></trkpt><trkpt lat="53.317200" lon="14.913660"></trkpt><trkpt lat="53.324650" lon="14.915870"></trkpt><trkpt lat="53.317140" lon="14.912260"></trkpt><trkpt lat="53.308580" lon="14.913580"></trkpt><trkpt lat="53.317080" lon="14.923000"></trkpt><trkpt lat="53.323210" lon="14.930800"></trkpt><trkpt lat="53.330940" lon="14.941410"></trkpt><trkpt lat="53.312950" lon="14.943210"></trkpt><trkpt lat="53.320440" lon="14.949300"></trkpt><trkpt lat="53.327910" lon="14.948890"></trkpt><trkpt lat="53.335290" lon="14.955260"></trkpt><trkpt lat="53.344650" lon="14.963500"></trkpt><trkpt lat="53.349260" lon="14.975100"></trkpt><trkpt lat="53.358660" lon="14.981750"></trkpt><trkpt lat="53.363630" lon="14.991530"></trkpt><trkpt lat="53.372160" lon="14.997350"></trkpt><trkpt lat="53.379340" lon="15.002160"></trkpt><trkpt lat="53.390310" lon="15.008040"></trkpt><trkpt lat="53.382990" lon="14.999560"></trkpt><trkpt lat="53.372590" lon="14.998150"></trkpt><trkpt lat="53.380680" lon="15.003410"></trkpt><trkpt lat="53.371180" lon="14.999180"></trkpt><trkpt lat="53.381620" lon="15.004720"></trkpt><trkpt lat="53.373300" lon="15.001180"></trkpt><trkpt lat="53.362480" lon="14.997380"></trkpt><trkpt lat="53.369670" lon="15.001450"></trkpt><trkpt lat="53.360830" lon="15.002150"></trkpt><trkpt lat="53.354780" lon="14.994920"></trkpt><trkpt lat="53.347260" lon="14.990890"></trkpt><trkpt lat="53.339110" lon="14.985680"></trkpt><trkpt lat="53.333650" lon="14.977180"></trkpt><trkpt lat="53.328950" lon="14.963920"></trkpt><trkpt lat="53.322650" lon="14.957140"></trkpt><trkpt lat="53.313430" lon="14.951320"></trkpt><trkpt lat="53.305230" lon="14.943010"></trkpt><trkpt lat="53.297640" lon="14.937180"></trkpt><trkpt lat="53.289160" lon="14.934710"></trkpt><trkpt lat="53.281250" lon="14.930970"></trkpt><trkpt lat="53.282460" lon="14.944380"></trkpt><trkpt lat="53.290210" lon="14.945620"></trkpt><trkpt lat="53.283930" lon="14.937720"></trkpt><trkpt lat="53.277250" lon="14.932230"></trkpt><trkpt lat="53.274860" lon="14.915060"></trkpt><trkpt lat="53.284310" lon="14.907350"></trkpt><trkpt lat="53.283610" lon="14.890980"></trkpt><trkpt lat="53.291420" lon="14.898260"></trkpt><trkpt lat="53.280590" lon="14.894850"></trkpt><trkpt lat="53.272920" lon="14.889100"></trkpt><trkpt lat="53.278700" lon="14.897070"></trkpt><trkpt lat="53.271910" lon="14.891750"></trkpt><trkpt lat="53.277850" lon="14.901590"></trkpt><trkpt lat="53.265930" lon="14.891450"></trkpt><trkpt lat="53.260070" lon="14.882680"></trkpt><trkpt lat="53.255970" lon="14.870300"></trkpt><trkpt lat="53.247970" lon="14.861590"></trkpt><trkpt lat="53.240630" lon="14.849220"></trkpt><trkpt lat="53.230550" lon="14.845580"></trkpt><trkpt lat="53.239780" lon="14.843950"></trkpt><trkpt lat="53.247830" lon="14.837840"></trkpt><trkpt lat="53.239980" lon="14.838290"></trkpt><trkpt lat="53.231890" lon="14.832330"></trkpt><trkpt lat="53.222770" lon="14.826870"></trkpt><trkpt lat="53.214560" lon="14.820920"></trkpt><trkpt lat="53.206050" lon="14.813230"></trkpt><trkpt lat="53.209940" lon="14.825820"></trkpt><trkpt lat="53.210550" lon="14.813390"></trkpt><trkpt lat="53.216860" lon="14.821030"></trkpt><trkpt lat="53.211460" lon="14.811910"></trkpt><trkpt lat="53.200290" lon="14.802210"></trkpt><trkpt lat="53.195800" lon="14.791210"></trkpt><trkpt lat="53.190510" lon="14.780010"></trkpt><trkpt lat="53.181190" lon="14.776640"></trkpt><trkpt lat="53.189640" lon="14.775480"></trkpt><trkpt lat="53.182480" lon="14.773930"></trkpt><trkpt lat="53.178390" lon="14.796460"></trkpt><trkpt lat="53.174240" lon="14.785810"></trkpt><trkpt lat="53.179550" lon="14.794700"></trkpt><trkpt lat="53.172340" lon="14.793710"></trkpt><trkpt lat="53.179660" lon="14.802060"></trkpt><trkpt lat="53.185540" lon="14.816600"></trkpt><trkpt lat="53.193330" lon="14.817270"></trkpt><trkpt lat="53.185030" lon="14.815250"></trkpt><trkpt lat="53.189750" lon="14.805630"></trkpt><trkpt lat="53.195560" lon="14.797650"></trkpt><trkpt lat="53.187150" lon="14.791420"></trkpt><trkpt lat="53.175900" lon="14.788330"></trkpt><trkpt lat="53.163310" lon="14.780380"></trkpt><trkpt lat="53.170750" lon="14.787520"></trkpt><trkpt lat="53.178760" lon="14.800620"></trkpt><trkpt lat="53.166530" lon="14.838320"></trkpt><trkpt lat="53.179490" lon="14.833680"></trkpt><trkpt lat="53.169180" lon="14.830020"></trkpt><trkpt lat="53.168800" lon="14.844730"></trkpt><trkpt lat="53.177170" lon="14.846180"></trkpt><trkpt lat="53.188980" lon="14.847220"></trkpt><trkpt lat="53.217790" lon="14.840570"></trkpt><trkpt lat="53.191540" lon="14.840760"></trkpt><trkpt lat="53.182310" lon="14.835490"></trkpt><trkpt lat="53.175070" lon="14.823590"></trkpt><trkpt lat="53.157480" lon="14.818340"></trkpt><trkpt lat="53.168150" lon="14.823190"></trkpt><trkpt lat="53.175370" lon="14.830410"></trkpt><trkpt lat="53.180260" lon="14.841880"></trkpt><trkpt lat="53.187800" lon="14.842720"></trkpt><trkpt lat="53.195440" lon="14.851640"></trkpt><trkpt lat="53.203250" lon="14.859510"></trkpt><trkpt lat="53.209950" lon="14.865170"></trkpt><trkpt lat="53.218880" lon="14.873200"></trkpt><trkpt lat="53.226020" lon="14.877580"></trkpt><trkpt lat="53.238070" lon="14.883440"></trkpt><trkpt lat="53.251540" lon="14.890400"></trkpt><trkpt lat="53.239010" lon="14.887820"></trkpt><trkpt lat="53.226430" lon="14.882990"></trkpt><trkpt lat="53.241170" lon="14.882240"></trkpt><trkpt lat="53.245950" lon="14.903580"></trkpt><trkpt lat="53.260560" lon="14.912480"></trkpt><trkpt lat="53.268350" lon="14.924440"></trkpt><trkpt lat="53.277750" lon="14.927480"></trkpt><trkpt lat="53.284490" lon="14.938530"></trkpt><trkpt lat="53.293010" lon="14.942970"></trkpt><trkpt lat="53.300170" lon="14.949170"></trkpt><trkpt lat="53.306450" lon="14.957920"></trkpt><trkpt lat="53.318160" lon="14.966390"></trkpt><trkpt lat="53.331030" lon="14.975570"></trkpt><trkpt lat="53.336940" lon="14.985500"></trkpt><trkpt lat="53.347020" lon="14.991630"></trkpt><trkpt lat="53.354830" lon="14.995390"></trkpt><trkpt lat="53.361290" lon="15.004130"></trkpt><trkpt lat="53.368660" lon="15.009140"></trkpt><trkpt lat="53.376620" lon="15.014740"></trkpt><trkpt lat="53.382370" lon="15.028050"></trkpt><trkpt lat="53.396480" lon="15.031060"></trkpt><trkpt lat="53.404760" lon="15.044070"></trkpt><trkpt lat="53.411480" lon="15.051200"></trkpt><trkpt lat="53.404820" lon="15.044520"></trkpt><trkpt lat="53.412850" lon="15.054890"></trkpt><trkpt lat="53.415940" lon="15.068690"></trkpt><trkpt lat="53.430360" lon="15.080830"></trkpt><trkpt lat="53.439880" lon="15.079300"></trkpt><trkpt lat="53.449190" lon="15.081640"></trkpt><trkpt lat="53.457370" lon="15.089590"></trkpt><trkpt lat="53.476090" lon="15.100020"></trkpt><trkpt lat="53.481460" lon="15.113160"></trkpt><trkpt lat="53.489200" lon="15.116160"></trkpt><trkpt lat="53.496110" lon="15.125540"></trkpt><trkpt lat="53.513260" lon="15.128630"></trkpt><trkpt lat="53.519640" lon="15.135010"></trkpt><trkpt lat="53.525400" lon="15.146090"></trkpt><trkpt lat="53.536310" lon="15.151600"></trkpt><trkpt lat="53.561880" lon="15.158190"></trkpt><trkpt lat="53.566020" lon="15.172660"></trkpt><trkpt lat="53.545420" lon="15.181020"></trkpt><trkpt lat="53.538440" lon="15.174280"></trkpt><trkpt lat="53.543960" lon="15.162490"></trkpt><trkpt lat="53.534070" lon="15.155510"></trkpt><trkpt lat="53.544510" lon="15.164000"></trkpt><trkpt lat="53.536040" lon="15.155710"></trkpt><trkpt lat="53.528580" lon="15.151590"></trkpt><trkpt lat="53.530410" lon="15.126000"></trkpt><trkpt lat="53.523990" lon="15.119710"></trkpt><trkpt lat="53.515650" lon="15.114270"></trkpt><trkpt lat="53.512120" lon="15.090700"></trkpt><trkpt lat="53.504700" lon="15.092170"></trkpt><trkpt lat="53.483350" lon="15.087730"></trkpt><trkpt lat="53.484960" lon="15.068120"></trkpt><trkpt lat="53.499430" lon="15.067490"></trkpt><trkpt lat="53.516580" lon="15.065620"></trkpt><trkpt lat="53.501290" lon="15.071840"></trkpt><trkpt lat="53.508420" lon="15.064190"></trkpt><trkpt lat="53.499830" lon="15.061440"></trkpt><trkpt lat="53.491900" lon="15.058530"></trkpt><trkpt lat="53.489530" lon="15.039950"></trkpt><trkpt lat="53.480710" lon="15.034890"></trkpt><trkpt lat="53.484370" lon="15.054500"></trkpt><trkpt lat="53.493180" lon="15.062560"></trkpt><trkpt lat="53.499390" lon="15.070410"></trkpt><trkpt lat="53.511230" lon="15.067280"></trkpt><trkpt lat="53.521400" lon="15.069350"></trkpt><trkpt lat="53.534020" lon="15.077760"></trkpt><trkpt lat="53.542210" lon="15.082730"></trkpt><trkpt lat="53.539140" lon="15.060150"></trkpt><trkpt lat="53.548600" lon="15.066030"></trkpt><trkpt lat="53.556560" lon="15.072470"></trkpt><trkpt lat="53.563840" lon="15.078400"></trkpt><trkpt lat="53.572610" lon="15.090400"></trkpt><trkpt lat="53.583440" lon="15.097890"></trkpt><trkpt lat="53.590630" lon="15.103130"></trkpt><trkpt lat="53.596040" lon="15.112270"></trkpt><trkpt lat="53.597010" lon="15.128690"></trkpt><trkpt lat="53.638560" lon="15.129020"></trkpt><trkpt lat="53.643440" lon="15.139890"></trkpt><trkpt lat="53.663010" lon="15.147570"></trkpt><trkpt lat="53.672450" lon="15.161090"></trkpt><trkpt lat="53.680290" lon="15.170530"></trkpt><trkpt lat="53.692010" lon="15.184100"></trkpt><trkpt lat="53.700250" lon="15.198930"></trkpt><trkpt lat="53.709870" lon="15.210500"></trkpt><trkpt lat="53.716120" lon="15.218410"></trkpt><trkpt lat="53.723630" lon="15.224610"></trkpt><trkpt lat="53.732040" lon="15.239140"></trkpt><trkpt lat="53.740780" lon="15.245960"></trkpt><trkpt lat="53.732570" lon="15.238580"></trkpt><trkpt lat="53.724580" lon="15.230270"></trkpt><trkpt lat="53.731990" lon="15.239170"></trkpt><trkpt lat="53.740010" lon="15.250160"></trkpt><trkpt lat="53.749160" lon="15.257760"></trkpt><trkpt lat="53.756960" lon="15.261600"></trkpt><trkpt lat="53.764610" lon="15.269440"></trkpt><trkpt lat="53.772100" lon="15.275800"></trkpt><trkpt lat="53.781200" lon="15.285940"></trkpt><trkpt lat="53.790750" lon="15.291450"></trkpt><trkpt lat="53.801810" lon="15.298670"></trkpt><trkpt lat="53.809730" lon="15.304130"></trkpt><trkpt lat="53.819300" lon="15.310210"></trkpt><trkpt lat="53.829440" lon="15.320110"></trkpt><trkpt lat="53.832580" lon="15.331630"></trkpt><trkpt lat="53.819650" lon="15.331680"></trkpt><trkpt lat="53.827750" lon="15.332940"></trkpt><trkpt lat="53.841050" lon="15.312830"></trkpt><trkpt lat="53.831750" lon="15.320310"></trkpt><trkpt lat="53.826800" lon="15.300140"></trkpt><trkpt lat="53.822000" lon="15.289610"></trkpt><trkpt lat="53.809760" lon="15.288020"></trkpt><trkpt lat="53.816040" lon="15.296200"></trkpt><trkpt lat="53.800530" lon="15.293840"></trkpt><trkpt lat="53.785500" lon="15.290760"></trkpt><trkpt lat="53.786040" lon="15.272110"></trkpt><trkpt lat="53.767270" lon="15.281650"></trkpt><trkpt lat="53.773450" lon="15.272480"></trkpt><trkpt lat="53.784490" lon="15.255280"></trkpt><trkpt lat="53.776960" lon="15.255870"></trkpt><trkpt lat="53.770260" lon="15.250120"></trkpt><trkpt lat="53.759140" lon="15.243210"></trkpt><trkpt lat="53.764160" lon="15.226850"></trkpt><trkpt lat="53.752750" lon="15.231950"></trkpt><trkpt lat="53.745400" lon="15.219240"></trkpt><trkpt lat="53.777480" lon="15.232360"></trkpt><trkpt lat="53.784810" lon="15.254450"></trkpt><trkpt lat="53.790610" lon="15.287310"></trkpt><trkpt lat="53.810710" lon="15.283440"></trkpt><trkpt lat="53.797660" lon="15.315710"></trkpt><trkpt lat="53.814360" lon="15.320960"></trkpt><trkpt lat="53.822540" lon="15.330590"></trkpt><trkpt lat="53.825370" lon="15.346590"></trkpt><trkpt lat="53.832990" lon="15.349470"></trkpt><trkpt lat="53.841610" lon="15.369220"></trkpt><trkpt lat="53.856130" lon="15.377840"></trkpt><trkpt lat="53.867490" lon="15.388830"></trkpt><trkpt lat="53.875860" lon="15.396360"></trkpt><trkpt lat="53.880350" lon="15.408560"></trkpt><trkpt lat="53.892190" lon="15.405900"></trkpt><trkpt lat="53.906750" lon="15.410240"></trkpt><trkpt lat="53.923940" lon="15.416520"></trkpt><trkpt lat="53.945480" lon="15.425750"></trkpt><trkpt lat="53.938800" lon="15.417920"></trkpt><trkpt lat="53.928130" lon="15.417600"></trkpt><trkpt lat="53.937360" lon="15.413630"></trkpt><trkpt lat="53.940720" lon="15.432880"></trkpt><trkpt lat="53.936730" lon="15.417860"></trkpt><trkpt lat="53.926330" lon="15.408180"></trkpt><trkpt lat="53.938640" lon="15.418240"></trkpt><trkpt lat="53.946600" lon="15.425660"></trkpt><trkpt lat="53.924080" lon="15.425150"></trkpt><trkpt lat="53.918290" lon="15.415340"></trkpt><trkpt lat="53.911630" lon="15.420330"></trkpt><trkpt lat="53.904950" lon="15.410160"></trkpt><trkpt lat="53.917270" lon="15.409530"></trkpt><trkpt lat="53.927960" lon="15.408120"></trkpt><trkpt lat="53.940880" lon="15.409300"></trkpt><trkpt lat="53.946570" lon="15.426780"></trkpt><trkpt lat="53.955850" lon="15.432010"></trkpt><trkpt lat="53.964400" lon="15.428080"></trkpt><trkpt lat="53.969910" lon="15.440850"></trkpt><trkpt lat="53.977860" lon="15.451080"></trkpt><trkpt lat="53.991230" lon="15.460260"></trkpt><trkpt lat="54.005420" lon="15.476060"></trkpt><trkpt lat="54.015290" lon="15.486640"></trkpt><trkpt lat="54.032080" lon="15.489350"></trkpt><trkpt lat="54.038880" lon="15.499760"></trkpt><trkpt lat="54.047590" lon="15.507660"></trkpt><trkpt lat="54.052370" lon="15.524650"></trkpt><trkpt lat="54.058140" lon="15.536580"></trkpt><trkpt lat="54.084500" lon="15.540670"></trkpt><trkpt lat="54.090780" lon="15.547500"></trkpt><trkpt lat="54.084260" lon="15.539200"></trkpt><trkpt lat="54.093170" lon="15.538290"></trkpt><trkpt lat="54.107490" lon="15.549780"></trkpt><trkpt lat="54.107650" lon="15.567330"></trkpt><trkpt lat="54.121520" lon="15.567580"></trkpt><trkpt lat="54.134270" lon="15.575120"></trkpt><trkpt lat="54.135610" lon="15.589660"></trkpt><trkpt lat="54.147540" lon="15.598060"></trkpt><trkpt lat="54.162790" lon="15.603650"></trkpt><trkpt lat="54.169310" lon="15.611490"></trkpt><trkpt lat="54.170540" lon="15.628500"></trkpt><trkpt lat="54.188350" lon="15.630190"></trkpt><trkpt lat="54.194770" lon="15.640090"></trkpt><trkpt lat="54.196330" lon="15.661720"></trkpt><trkpt lat="54.198030" lon="15.679250"></trkpt><trkpt lat="54.207580" lon="15.680330"></trkpt><trkpt lat="54.225920" lon="15.683410"></trkpt><trkpt lat="54.229330" lon="15.701840"></trkpt><trkpt lat="54.247050" lon="15.710780"></trkpt><trkpt lat="54.238070" lon="15.708850"></trkpt><trkpt lat="54.236280" lon="15.689110"></trkpt><trkpt lat="54.228170" lon="15.689200"></trkpt><trkpt lat="54.219240" lon="15.683220"></trkpt><trkpt lat="54.236390" lon="15.686060"></trkpt><trkpt lat="54.229400" lon="15.677990"></trkpt><trkpt lat="54.213330" lon="15.670730"></trkpt><trkpt lat="54.205400" lon="15.659900"></trkpt><trkpt lat="54.197800" lon="15.647130"></trkpt><trkpt lat="54.181610" lon="15.641960"></trkpt><trkpt lat="54.161500" lon="15.643470"></trkpt><trkpt lat="54.157140" lon="15.633280"></trkpt><trkpt lat="54.149150" lon="15.624180"></trkpt><trkpt lat="54.139790" lon="15.625290"></trkpt><trkpt lat="54.133550" lon="15.616060"></trkpt><trkpt lat="54.128430" lon="15.607070"></trkpt><trkpt lat="54.119580" lon="15.607580"></trkpt><trkpt lat="54.109220" lon="15.596280"></trkpt><trkpt lat="54.100330" lon="15.593140"></trkpt><trkpt lat="54.095060" lon="15.576690"></trkpt><trkpt lat="54.086270" lon="15.574870"></trkpt><trkpt lat="54.096750" lon="15.576500"></trkpt><trkpt lat="54.093910" lon="15.558810"></trkpt><trkpt lat="54.088150" lon="15.548510"></trkpt><trkpt lat="54.079570" lon="15.549960"></trkpt><trkpt lat="54.072260" lon="15.547350"></trkpt><trkpt lat="54.064910" lon="15.547910"></trkpt><trkpt lat="54.064550" lon="15.534540"></trkpt><trkpt lat="54.049980" lon="15.529590"></trkpt><trkpt lat="54.041370" lon="15.521940"></trkpt><trkpt lat="54.034760" lon="15.512950"></trkpt><trkpt lat="54.030960" lon="15.494740"></trkpt><trkpt lat="54.025440" lon="15.485730"></trkpt><trkpt lat="54.021640" lon="15.470330"></trkpt><trkpt lat="54.013440" lon="15.465410"></trkpt><trkpt lat="54.007420" lon="15.449160"></trkpt><trkpt lat="54.000290" lon="15.441510"></trkpt><trkpt lat="54.016100" lon="15.448680"></trkpt><trkpt lat="54.030220" lon="15.454820"></trkpt><trkpt lat="54.039870" lon="15.456900"></trkpt><trkpt lat="54.046770" lon="15.467780"></trkpt><trkpt lat="54.055160" lon="15.467980"></trkpt><trkpt lat="54.062080" lon="15.475990"></trkpt><trkpt lat="54.066790" lon="15.488510"></trkpt><trkpt lat="54.058240" lon="15.492450"></trkpt><trkpt lat="54.067670" lon="15.491380"></trkpt><trkpt lat="54.078380" lon="15.492500"></trkpt><trkpt lat="54.068220" lon="15.490190"></trkpt><trkpt lat="54.078570" lon="15.487470"></trkpt><trkpt lat="54.088060" lon="15.497720"></trkpt><trkpt lat="54.091850" lon="15.509400"></trkpt><trkpt lat="54.102200" lon="15.517780"></trkpt><trkpt lat="54.109740" lon="15.528380"></trkpt><trkpt lat="54.101030" lon="15.536580"></trkpt><trkpt lat="54.112410" lon="15.542410"></trkpt><trkpt lat="54.116780" lon="15.555620"></trkpt><trkpt lat="54.104390" lon="15.551640"></trkpt><trkpt lat="54.111630" lon="15.560740"></trkpt><trkpt lat="54.119920" lon="15.565390"></trkpt><trkpt lat="54.126870" lon="15.574350"></trkpt><trkpt lat="54.133280" lon="15.582000"></trkpt><trkpt lat="54.141050" lon="15.579730"></trkpt><trkpt lat="54.147650" lon="15.585990"></trkpt><trkpt lat="54.153170" lon="15.595580"></trkpt><trkpt lat="54.164290" lon="15.606070"></trkpt><trkpt lat="54.171080" lon="15.613630"></trkpt><trkpt lat="54.181610" lon="15.615780"></trkpt><trkpt lat="54.188420" lon="15.626970"></trkpt><trkpt lat="54.195390" lon="15.636610"></trkpt><trkpt lat="54.204600" lon="15.645050"></trkpt><trkpt lat="54.208030" lon="15.663260"></trkpt><trkpt lat="54.219740" lon="15.672850"></trkpt><trkpt lat="54.223490" lon="15.698580"></trkpt><trkpt lat="54.235360" lon="15.701900"></trkpt><trkpt lat="54.241210" lon="15.709850"></trkpt><trkpt lat="54.247920" lon="15.718440"></trkpt><trkpt lat="54.255880" lon="15.726090"></trkpt><trkpt lat="54.258450" lon="15.743570"></trkpt><trkpt lat="54.269010" lon="15.743390"></trkpt><trkpt lat="54.272220" lon="15.755490"></trkpt><trkpt lat="54.278770" lon="15.765450"></trkpt><trkpt lat="54.293940" lon="15.780130"></trkpt><trkpt lat="54.300870" lon="15.788580"></trkpt><trkpt lat="54.308930" lon="15.793830"></trkpt><trkpt lat="54.315340" lon="15.802230"></trkpt><trkpt lat="54.321670" lon="15.813190"></trkpt><trkpt lat="54.333440" lon="15.821060"></trkpt><trkpt lat="54.339100" lon="15.834060"></trkpt><trkpt lat="54.348470" lon="15.838110"></trkpt><trkpt lat="54.355050" lon="15.856160"></trkpt><trkpt lat="54.369930" lon="15.874320"></trkpt><trkpt lat="54.409320" lon="15.875270"></trkpt><trkpt lat="54.417640" lon="15.879560"></trkpt><trkpt lat="54.425650" lon="15.887590"></trkpt><trkpt lat="54.432810" lon="15.896870"></trkpt><trkpt lat="54.444200" lon="15.897010"></trkpt><trkpt lat="54.451860" lon="15.908550"></trkpt><trkpt lat="54.458710" lon="15.912350"></trkpt><trkpt lat="54.479320" lon="15.919460"></trkpt><trkpt lat="54.497690" lon="15.927880"></trkpt><trkpt lat="54.511040" lon="15.933360"></trkpt><trkpt lat="54.519990" lon="15.940820"></trkpt><trkpt lat="54.520910" lon="15.954510"></trkpt><trkpt lat="54.530080" lon="15.968840"></trkpt><trkpt lat="54.534170" lon="15.980280"></trkpt><trkpt lat="54.541710" lon="15.986380"></trkpt><trkpt lat="54.545840" lon="16.004480"></trkpt><trkpt lat="54.552840" lon="16.018780"></trkpt><trkpt lat="54.569080" lon="16.018910"></trkpt><trkpt lat="54.575080" lon="16.027000"></trkpt><trkpt lat="54.583920" lon="16.033240"></trkpt><trkpt lat="54.592710" lon="16.047310"></trkpt><trkpt lat="54.600770" lon="16.053720"></trkpt><trkpt lat="54.607360" lon="16.068220"></trkpt><trkpt lat="54.613620" lon="16.076710"></trkpt><trkpt lat="54.620120" lon="16.091070"></trkpt><trkpt lat="54.634120" lon="16.094830"></trkpt><trkpt lat="54.639850" lon="16.104930"></trkpt><trkpt lat="54.645290" lon="16.116720"></trkpt><trkpt lat="54.654680" lon="16.125480"></trkpt><trkpt lat="54.671510" lon="16.134020"></trkpt><trkpt lat="54.691080" lon="16.149530"></trkpt><trkpt lat="54.703440" lon="16.160380"></trkpt><trkpt lat="54.714590" lon="16.169470"></trkpt><trkpt lat="54.704970" lon="16.164470"></trkpt><trkpt lat="54.709030" lon="16.177120"></trkpt><trkpt lat="54.717080" lon="16.190770"></trkpt><trkpt lat="54.722150" lon="16.210280"></trkpt><trkpt lat="54.731210" lon="16.216330"></trkpt><trkpt lat="54.720870" lon="16.216470"></trkpt><trkpt lat="54.708890" lon="16.214670"></trkpt><trkpt lat="54.681090" lon="16.208700"></trkpt><trkpt lat="54.670730" lon="16.201710"></trkpt><trkpt lat="54.660590" lon="16.198980"></trkpt><trkpt lat="54.638380" lon="16.199120"></trkpt><trkpt lat="54.627830" lon="16.197840"></trkpt><trkpt lat="54.618680" lon="16.192080"></trkpt><trkpt lat="54.603780" lon="16.189650"></trkpt><trkpt lat="54.606330" lon="16.171840"></trkpt><trkpt lat="54.603130" lon="16.153460"></trkpt><trkpt lat="54.594380" lon="16.153480"></trkpt><trkpt lat="54.585140" lon="16.145160"></trkpt><trkpt lat="54.571150" lon="16.153490"></trkpt><trkpt lat="54.563450" lon="16.150920"></trkpt><trkpt lat="54.582290" lon="16.147470"></trkpt><trkpt lat="54.588760" lon="16.155790"></trkpt><trkpt lat="54.544130" lon="16.152970"></trkpt><trkpt lat="54.540000" lon="16.130900"></trkpt><trkpt lat="54.529780" lon="16.125790"></trkpt><trkpt lat="54.523080" lon="16.120340"></trkpt><trkpt lat="54.548700" lon="16.115160"></trkpt><trkpt lat="54.541550" lon="16.086480"></trkpt><trkpt lat="54.531180" lon="16.086830"></trkpt><trkpt lat="54.524030" lon="16.080190"></trkpt><trkpt lat="54.540080" lon="16.080060"></trkpt><trkpt lat="54.540890" lon="16.093190"></trkpt><trkpt lat="54.548490" lon="16.098020"></trkpt><trkpt lat="54.540390" lon="16.092950"></trkpt><trkpt lat="54.533130" lon="16.088060"></trkpt><trkpt lat="54.510550" lon="16.082290"></trkpt><trkpt lat="54.501190" lon="16.086840"></trkpt><trkpt lat="54.498340" lon="16.074280"></trkpt><trkpt lat="54.465090" lon="16.074370"></trkpt><trkpt lat="54.457660" lon="16.060710"></trkpt><trkpt lat="54.462870" lon="16.050660"></trkpt><trkpt lat="54.455400" lon="16.042650"></trkpt><trkpt lat="54.438030" lon="16.039980"></trkpt><trkpt lat="54.430110" lon="16.033170"></trkpt><trkpt lat="54.423990" lon="16.012530"></trkpt><trkpt lat="54.413980" lon="15.996190"></trkpt><trkpt lat="54.407130" lon="15.986740"></trkpt><trkpt lat="54.401560" lon="15.972330"></trkpt><trkpt lat="54.398180" lon="15.941280"></trkpt><trkpt lat="54.388910" lon="15.932410"></trkpt><trkpt lat="54.381570" lon="15.919610"></trkpt><trkpt lat="54.372600" lon="15.919380"></trkpt><trkpt lat="54.361200" lon="15.911990"></trkpt><trkpt lat="54.358510" lon="15.892030"></trkpt><trkpt lat="54.353740" lon="15.877620"></trkpt><trkpt lat="54.345550" lon="15.877950"></trkpt><trkpt lat="54.352410" lon="15.867780"></trkpt><trkpt lat="54.337690" lon="15.868070"></trkpt><trkpt lat="54.345480" lon="15.881580"></trkpt><trkpt lat="54.347240" lon="15.897180"></trkpt><trkpt lat="54.329580" lon="15.898190"></trkpt><trkpt lat="54.344100" lon="15.943570"></trkpt><trkpt lat="54.335610" lon="15.941310"></trkpt><trkpt lat="54.328150" lon="15.928690"></trkpt><trkpt lat="54.334800" lon="15.934910"></trkpt><trkpt lat="54.329200" lon="15.923060"></trkpt><trkpt lat="54.326430" lon="15.907300"></trkpt><trkpt lat="54.317200" lon="15.901900"></trkpt><trkpt lat="54.324520" lon="15.901570"></trkpt><trkpt lat="54.337880" lon="15.911690"></trkpt><trkpt lat="54.337400" lon="15.928970"></trkpt><trkpt lat="54.327690" lon="15.922370"></trkpt><trkpt lat="54.321800" lon="15.914060"></trkpt><trkpt lat="54.312570" lon="15.906790"></trkpt><trkpt lat="54.305590" lon="15.898020"></trkpt><trkpt lat="54.297390" lon="15.889820"></trkpt><trkpt lat="54.288600" lon="15.882530"></trkpt><trkpt lat="54.278740" lon="15.872770"></trkpt><trkpt lat="54.268630" lon="15.862750"></trkpt><trkpt lat="54.260840" lon="15.855150"></trkpt><trkpt lat="54.252540" lon="15.847220"></trkpt><trkpt lat="54.245940" lon="15.838050"></trkpt><trkpt lat="54.237010" lon="15.824520"></trkpt><trkpt lat="54.242910" lon="15.833980"></trkpt><trkpt lat="54.257580" lon="15.841180"></trkpt><trkpt lat="54.255780" lon="15.865720"></trkpt><trkpt lat="54.262480" lon="15.853730"></trkpt><trkpt lat="54.245830" lon="15.827200"></trkpt><trkpt lat="54.244790" lon="15.807690"></trkpt><trkpt lat="54.219010" lon="15.807770"></trkpt><trkpt lat="54.209860" lon="15.799680"></trkpt><trkpt lat="54.200520" lon="15.793130"></trkpt><trkpt lat="54.204060" lon="15.811920"></trkpt><trkpt lat="54.193960" lon="15.815690"></trkpt><trkpt lat="54.185190" lon="15.821000"></trkpt><trkpt lat="54.190810" lon="15.831050"></trkpt><trkpt lat="54.167790" lon="15.821510"></trkpt><trkpt lat="54.159330" lon="15.810740"></trkpt><trkpt lat="54.155350" lon="15.836190"></trkpt><trkpt lat="54.150300" lon="15.821020"></trkpt><trkpt lat="54.149990" lon="15.807880"></trkpt><trkpt lat="54.131940" lon="15.808010"></trkpt><trkpt lat="54.123210" lon="15.796980"></trkpt><trkpt lat="54.133910" lon="15.798230"></trkpt><trkpt lat="54.164200" lon="15.806150"></trkpt><trkpt lat="54.170900" lon="15.813380"></trkpt><trkpt lat="54.163430" lon="15.806300"></trkpt><trkpt lat="54.108710" lon="15.805580"></trkpt><trkpt lat="54.097880" lon="15.794850"></trkpt><trkpt lat="54.089140" lon="15.784080"></trkpt><trkpt lat="54.077750" lon="15.783020"></trkpt><trkpt lat="54.071370" lon="15.811170"></trkpt><trkpt lat="54.064220" lon="15.805010"></trkpt><trkpt lat="54.056780" lon="15.799400"></trkpt><trkpt lat="54.053840" lon="15.785310"></trkpt><trkpt lat="54.046730" lon="15.778610"></trkpt><trkpt lat="54.037090" lon="15.754880"></trkpt><trkpt lat="54.028710" lon="15.749630"></trkpt><trkpt lat="54.020800" lon="15.738950"></trkpt><trkpt lat="54.009960" lon="15.732240"></trkpt><trkpt lat="54.024240" lon="15.730260"></trkpt><trkpt lat="54.014990" lon="15.722900"></trkpt><trkpt lat="54.002710" lon="15.726330"></trkpt><trkpt lat="53.993720" lon="15.725200"></trkpt><trkpt lat="54.001190" lon="15.727540"></trkpt><trkpt lat="54.000030" lon="15.714970"></trkpt><trkpt lat="53.994870" lon="15.702980"></trkpt><trkpt lat="53.987660" lon="15.696410"></trkpt><trkpt lat="53.980300" lon="15.689520"></trkpt><trkpt lat="53.972290" lon="15.691110"></trkpt><trkpt lat="53.962810" lon="15.703820"></trkpt><trkpt lat="53.953360" lon="15.703750"></trkpt><trkpt lat="53.941520" lon="15.690610"></trkpt><trkpt lat="53.930510" lon="15.693590"></trkpt><trkpt lat="53.919580" lon="15.690620"></trkpt><trkpt lat="53.911940" lon="15.683380"></trkpt><trkpt lat="53.905620" lon="15.675170"></trkpt><trkpt lat="53.896020" lon="15.670300"></trkpt><trkpt lat="53.890640" lon="15.659870"></trkpt><trkpt lat="53.882090" lon="15.648170"></trkpt><trkpt lat="53.876990" lon="15.638520"></trkpt><trkpt lat="53.884520" lon="15.639620"></trkpt><trkpt lat="53.890070" lon="15.651520"></trkpt><trkpt lat="53.897720" lon="15.651100"></trkpt><trkpt lat="53.906940" lon="15.652420"></trkpt><trkpt lat="53.918700" lon="15.658070"></trkpt><trkpt lat="53.924470" lon="15.666020"></trkpt><trkpt lat="53.951170" lon="15.673520"></trkpt><trkpt lat="53.958240" lon="15.681330"></trkpt><trkpt lat="53.960440" lon="15.697570"></trkpt><trkpt lat="53.968820" lon="15.697230"></trkpt><trkpt lat="53.977290" lon="15.705880"></trkpt><trkpt lat="53.986620" lon="15.707650"></trkpt><trkpt lat="54.001960" lon="15.710030"></trkpt><trkpt lat="54.002730" lon="15.725360"></trkpt><trkpt lat="54.015490" lon="15.727440"></trkpt><trkpt lat="54.026300" lon="15.731890"></trkpt><trkpt lat="54.037810" lon="15.737640"></trkpt><trkpt lat="54.029080" lon="15.734720"></trkpt><trkpt lat="54.019620" lon="15.727870"></trkpt><trkpt lat="54.013510" lon="15.718280"></trkpt><trkpt lat="54.008640" lon="15.706800"></trkpt><trkpt lat="53.999820" lon="15.703370"></trkpt><trkpt lat="53.993580" lon="15.693580"></trkpt><trkpt lat="53.987050" lon="15.679790"></trkpt><trkpt lat="53.977200" lon="15.672030"></trkpt><trkpt lat="53.967930" lon="15.665750"></trkpt><trkpt lat="53.961170" lon="15.657120"></trkpt><trkpt lat="53.952370" lon="15.649660"></trkpt><trkpt lat="53.941120" lon="15.644010"></trkpt><trkpt lat="53.933410" lon="15.632590"></trkpt><trkpt lat="53.925140" lon="15.624490"></trkpt><trkpt lat="53.914830" lon="15.618510"></trkpt><trkpt lat="53.904470" lon="15.615520"></trkpt><trkpt lat="53.894540" lon="15.610820"></trkpt><trkpt lat="53.885440" lon="15.603130"></trkpt><trkpt lat="53.878710" lon="15.595660"></trkpt><trkpt lat="53.872200" lon="15.585120"></trkpt><trkpt lat="53.865280" lon="15.574220"></trkpt><trkpt lat="53.858960" lon="15.561470"></trkpt><trkpt lat="53.849910" lon="15.550940"></trkpt><trkpt lat="53.842050" lon="15.541860"></trkpt><trkpt lat="53.833560" lon="15.533770"></trkpt><trkpt lat="53.826290" lon="15.525160"></trkpt><trkpt lat="53.816290" lon="15.511080"></trkpt><trkpt lat="53.809600" lon="15.504880"></trkpt><trkpt lat="53.801780" lon="15.494550"></trkpt><trkpt lat="53.788860" lon="15.488270"></trkpt><trkpt lat="53.778750" lon="15.487050"></trkpt><trkpt lat="53.768250" lon="15.481940"></trkpt><trkpt lat="53.763700" lon="15.471120"></trkpt><trkpt lat="53.755740" lon="15.471330"></trkpt><trkpt lat="53.744800" lon="15.460920"></trkpt><trkpt lat="53.741540" lon="15.449380"></trkpt><trkpt lat="53.735110" lon="15.422570"></trkpt><trkpt lat="53.726590" lon="15.414980"></trkpt><trkpt lat="53.717880" lon="15.407750"></trkpt><trkpt lat="53.714180" lon="15.396000"></trkpt><trkpt lat="53.702860" lon="15.396920"></trkpt><trkpt lat="53.710640" lon="15.382850"></trkpt><trkpt lat="53.703610" lon="15.387520"></trkpt><trkpt lat="53.696810" lon="15.375600"></trkpt><trkpt lat="53.684040" lon="15.361060"></trkpt><trkpt lat="53.674610" lon="15.338620"></trkpt><trkpt lat="53.664700" lon="15.332250"></trkpt><trkpt lat="53.654230" lon="15.327670"></trkpt><trkpt lat="53.646140" lon="15.320130"></trkpt><trkpt lat="53.639650" lon="15.314570"></trkpt><trkpt lat="53.647010" lon="15.301550"></trkpt><trkpt lat="53.639500" lon="15.295520"></trkpt><trkpt lat="53.630960" lon="15.291430"></trkpt><trkpt lat="53.624180" lon="15.278940"></trkpt><trkpt lat="53.614960" lon="15.269570"></trkpt><trkpt lat="53.620220" lon="15.259190"></trkpt><trkpt lat="53.602340" lon="15.251890"></trkpt><trkpt lat="53.591250" lon="15.266530"></trkpt><trkpt lat="53.588050" lon="15.253260"></trkpt><trkpt lat="53.579990" lon="15.252680"></trkpt><trkpt lat="53.588120" lon="15.266400"></trkpt><trkpt lat="53.598150" lon="15.274650"></trkpt><trkpt lat="53.582110" lon="15.277140"></trkpt><trkpt lat="53.592410" lon="15.277990"></trkpt><trkpt lat="53.578600" lon="15.273240"></trkpt><trkpt lat="53.583720" lon="15.264580"></trkpt><trkpt lat="53.589760" lon="15.277480"></trkpt><trkpt lat="53.598150" lon="15.284210"></trkpt><trkpt lat="53.607530" lon="15.293260"></trkpt><trkpt lat="53.615310" lon="15.299510"></trkpt><trkpt lat="53.622510" lon="15.308430"></trkpt><trkpt lat="53.628850" lon="15.316080"></trkpt><trkpt lat="53.635350" lon="15.331040"></trkpt><trkpt lat="53.644800" lon="15.337110"></trkpt><trkpt lat="53.652860" lon="15.342880"></trkpt><trkpt lat="53.662440" lon="15.355560"></trkpt><trkpt lat="53.671980" lon="15.359250"></trkpt><trkpt lat="53.681790" lon="15.365030"></trkpt><trkpt lat="53.688210" lon="15.374740"></trkpt><trkpt lat="53.689370" lon="15.387200"></trkpt><trkpt lat="53.704120" lon="15.393160"></trkpt><trkpt lat="53.712280" lon="15.391560"></trkpt><trkpt lat="53.717960" lon="15.373380"></trkpt><trkpt lat="53.710410" lon="15.364950"></trkpt><trkpt lat="53.701230" lon="15.365850"></trkpt><trkpt lat="53.717190" lon="15.373050"></trkpt><trkpt lat="53.725270" lon="15.402250"></trkpt><trkpt lat="53.761910" lon="15.414850"></trkpt><trkpt lat="53.769470" lon="15.414450"></trkpt><trkpt lat="53.777130" lon="15.419860"></trkpt><trkpt lat="53.794250" lon="15.431210"></trkpt><trkpt lat="53.786790" lon="15.430070"></trkpt><trkpt lat="53.796450" lon="15.437820"></trkpt><trkpt lat="53.804840" lon="15.438170"></trkpt><trkpt lat="53.814610" lon="15.445890"></trkpt><trkpt lat="53.823330" lon="15.457070"></trkpt><trkpt lat="53.838450" lon="15.466980"></trkpt><trkpt lat="53.842390" lon="15.482940"></trkpt><trkpt lat="53.829290" lon="15.486850"></trkpt><trkpt lat="53.836950" lon="15.496610"></trkpt><trkpt lat="53.838840" lon="15.521130"></trkpt><trkpt lat="53.845330" lon="15.515830"></trkpt><trkpt lat="53.837260" lon="15.517680"></trkpt><trkpt lat="53.839570" lon="15.498220"></trkpt><trkpt lat="53.826890" lon="15.502340"></trkpt><trkpt lat="53.834560" lon="15.510940"></trkpt><trkpt lat="53.840070" lon="15.526720"></trkpt><trkpt lat="53.857510" lon="15.530120"></trkpt><trkpt lat="53.860560" lon="15.512450"></trkpt><trkpt lat="53.851720" lon="15.501150"></trkpt><trkpt lat="53.842660" lon="15.495910"></trkpt><trkpt lat="53.849550" lon="15.503970"></trkpt><trkpt lat="53.832440" lon="15.504650"></trkpt><trkpt lat="53.842020" lon="15.495680"></trkpt><trkpt lat="53.856370" lon="15.501710"></trkpt><trkpt lat="53.861280" lon="15.483360"></trkpt><trkpt lat="53.867430" lon="15.496350"></trkpt><trkpt lat="53.876460" lon="15.499170"></trkpt><trkpt lat="53.886300" lon="15.507510"></trkpt><trkpt lat="53.893120" lon="15.502740"></trkpt><trkpt lat="53.893840" lon="15.515070"></trkpt><trkpt lat="53.885460" lon="15.506230"></trkpt><trkpt lat="53.884310" lon="15.489170"></trkpt><trkpt lat="53.895220" lon="15.493400"></trkpt><trkpt lat="53.890150" lon="15.506700"></trkpt><trkpt lat="53.897630" lon="15.506910"></trkpt><trkpt lat="53.901570" lon="15.519000"></trkpt><trkpt lat="53.905140" lon="15.531870"></trkpt><trkpt lat="53.913840" lon="15.531310"></trkpt><trkpt lat="53.897830" lon="15.537450"></trkpt><trkpt lat="53.903370" lon="15.554920"></trkpt><trkpt lat="53.891700" lon="15.557440"></trkpt><trkpt lat="53.909690" lon="15.568180"></trkpt><trkpt lat="53.903390" lon="15.562160"></trkpt><trkpt lat="53.892880" lon="15.575350"></trkpt><trkpt lat="53.885770" lon="15.581630"></trkpt><trkpt lat="53.895100" lon="15.590240"></trkpt><trkpt lat="53.903470" lon="15.598150"></trkpt><trkpt lat="53.921750" lon="15.604320"></trkpt><trkpt lat="53.928410" lon="15.611190"></trkpt><trkpt lat="53.940170" lon="15.608390"></trkpt><trkpt lat="53.947680" lon="15.608480"></trkpt><trkpt lat="53.941810" lon="15.618130"></trkpt><trkpt lat="53.952800" lon="15.621570"></trkpt><trkpt lat="53.957710" lon="15.634220"></trkpt><trkpt lat="53.966140" lon="15.636740"></trkpt><trkpt lat="53.956190" lon="15.631220"></trkpt><trkpt lat="53.965850" lon="15.631330"></trkpt><trkpt lat="53.976980" lon="15.645520"></trkpt><trkpt lat="53.985080" lon="15.638350"></trkpt><trkpt lat="53.998250" lon="15.638590"></trkpt><trkpt lat="54.006940" lon="15.645720"></trkpt><trkpt lat="54.012180" lon="15.655410"></trkpt><trkpt lat="54.020880" lon="15.658240"></trkpt><trkpt lat="54.024020" lon="15.669540"></trkpt><trkpt lat="54.022980" lon="15.686980"></trkpt><trkpt lat="54.015390" lon="15.686990"></trkpt><trkpt lat="54.012550" lon="15.673600"></trkpt><trkpt lat="53.999830" lon="15.675070"></trkpt><trkpt lat="53.990300" lon="15.672810"></trkpt><trkpt lat="54.000980" lon="15.715720"></trkpt><trkpt lat="54.008270" lon="15.715770"></trkpt><trkpt lat="54.016020" lon="15.722440"></trkpt><trkpt lat="54.020000" lon="15.736650"></trkpt><trkpt lat="54.031070" lon="15.741020"></trkpt><trkpt lat="54.040930" lon="15.744240"></trkpt><trkpt lat="54.035550" lon="15.733430"></trkpt><trkpt lat="54.027480" lon="15.723360"></trkpt><trkpt lat="54.040370" lon="15.725370"></trkpt><trkpt lat="54.046470" lon="15.733300"></trkpt><trkpt lat="54.030310" lon="15.733740"></trkpt><trkpt lat="54.041270" lon="15.736390"></trkpt><trkpt lat="54.038690" lon="15.724850"></trkpt><trkpt lat="54.060470" lon="15.731330"></trkpt><trkpt lat="54.064940" lon="15.742340"></trkpt><trkpt lat="54.072360" lon="15.746650"></trkpt><trkpt lat="54.061770" lon="15.756970"></trkpt><trkpt lat="54.053020" lon="15.757960"></trkpt><trkpt lat="54.042440" lon="15.759020"></trkpt><trkpt lat="54.045580" lon="15.774750"></trkpt><trkpt lat="54.053580" lon="15.783560"></trkpt><trkpt lat="54.060090" lon="15.795530"></trkpt><trkpt lat="54.067780" lon="15.772160"></trkpt><trkpt lat="54.075790" lon="15.779740"></trkpt><trkpt lat="54.085820" lon="15.775880"></trkpt><trkpt lat="54.070220" lon="15.772620"></trkpt><trkpt lat="54.089870" lon="15.778130"></trkpt><trkpt lat="54.080120" lon="15.772790"></trkpt><trkpt lat="54.088590" lon="15.781600"></trkpt><trkpt lat="54.096570" lon="15.789320"></trkpt><trkpt lat="54.105520" lon="15.795580"></trkpt><trkpt lat="54.116720" lon="15.801570"></trkpt><trkpt lat="54.121320" lon="15.821870"></trkpt><trkpt lat="54.141080" lon="15.821910"></trkpt><trkpt lat="54.151900" lon="15.829180"></trkpt><trkpt lat="54.159270" lon="15.838360"></trkpt><trkpt lat="54.166330" lon="15.842930"></trkpt><trkpt lat="54.176300" lon="15.844750"></trkpt><trkpt lat="54.168690" lon="15.837190"></trkpt><trkpt lat="54.170920" lon="15.824990"></trkpt><trkpt lat="54.159270" lon="15.818040"></trkpt><trkpt lat="54.173970" lon="15.833730"></trkpt><trkpt lat="54.192030" lon="15.840350"></trkpt><trkpt lat="54.198280" lon="15.847970"></trkpt><trkpt lat="54.205250" lon="15.858180"></trkpt><trkpt lat="54.217270" lon="15.858270"></trkpt><trkpt lat="54.225630" lon="15.866780"></trkpt><trkpt lat="54.235600" lon="15.868350"></trkpt><trkpt lat="54.243940" lon="15.872190"></trkpt><trkpt lat="54.235890" lon="15.876130"></trkpt><trkpt lat="54.234490" lon="15.861080"></trkpt><trkpt lat="54.225470" lon="15.854030"></trkpt><trkpt lat="54.218060" lon="15.847860"></trkpt><trkpt lat="54.210420" lon="15.836320"></trkpt><trkpt lat="54.217870" lon="15.832160"></trkpt><trkpt lat="54.208420" lon="15.828080"></trkpt><trkpt lat="54.216090" lon="15.833430"></trkpt><trkpt lat="54.211550" lon="15.843080"></trkpt><trkpt lat="54.202950" lon="15.838330"></trkpt><trkpt lat="54.192440" lon="15.833120"></trkpt><trkpt lat="54.200920" lon="15.838660"></trkpt><trkpt lat="54.199200" lon="15.850850"></trkpt><trkpt lat="54.205130" lon="15.840420"></trkpt><trkpt lat="54.197330" lon="15.825690"></trkpt><trkpt lat="54.188750" lon="15.819030"></trkpt><trkpt lat="54.179700" lon="15.810200"></trkpt><trkpt lat="54.170130" lon="15.800300"></trkpt><trkpt lat="54.166770" lon="15.786340"></trkpt><trkpt lat="54.156910" lon="15.784570"></trkpt><trkpt lat="54.140410" lon="15.767210"></trkpt><trkpt lat="54.132190" lon="15.766690"></trkpt><trkpt lat="54.124180" lon="15.763630"></trkpt><trkpt lat="54.124550" lon="15.776140"></trkpt><trkpt lat="54.113850" lon="15.774210"></trkpt><trkpt lat="54.116580" lon="15.788870"></trkpt><trkpt lat="54.116360" lon="15.806990"></trkpt><trkpt lat="54.111140" lon="15.797570"></trkpt><trkpt lat="54.103790" lon="15.790490"></trkpt><trkpt lat="54.090320" lon="15.789510"></trkpt><trkpt lat="54.094000" lon="15.802820"></trkpt><trkpt lat="54.084080" lon="15.794240"></trkpt><trkpt lat="54.078280" lon="15.781630"></trkpt><trkpt lat="54.067590" lon="15.770460"></trkpt><trkpt lat="54.060420" lon="15.760080"></trkpt><trkpt lat="54.071930" lon="15.772380"></trkpt><trkpt lat="54.079160" lon="15.781050"></trkpt><trkpt lat="54.089870" lon="15.785100"></trkpt><trkpt lat="54.092940" lon="15.800390"></trkpt><trkpt lat="54.102010" lon="15.800520"></trkpt><trkpt lat="54.113920" lon="15.805060"></trkpt><trkpt lat="54.116810" lon="15.819960"></trkpt><trkpt lat="54.125120" lon="15.820080"></trkpt><trkpt lat="54.132220" lon="15.833080"></trkpt><trkpt lat="54.139960" lon="15.837780"></trkpt><trkpt lat="54.149440" lon="15.845060"></trkpt><trkpt lat="54.156640" lon="15.846730"></trkpt><trkpt lat="54.164220" lon="15.856690"></trkpt><trkpt lat="54.174300" lon="15.860030"></trkpt><trkpt lat="54.182750" lon="15.866990"></trkpt><trkpt lat="54.190570" lon="15.870720"></trkpt><trkpt lat="54.199350" lon="15.879670"></trkpt><trkpt lat="54.206590" lon="15.889260"></trkpt><trkpt lat="54.218060" lon="15.894500"></trkpt><trkpt lat="54.227870" lon="15.902860"></trkpt><trkpt lat="54.238750" lon="15.910420"></trkpt><trkpt lat="54.243320" lon="15.920500"></trkpt><trkpt lat="54.247760" lon="15.930710"></trkpt><trkpt lat="54.254820" lon="15.934710"></trkpt><trkpt lat="54.260990" lon="15.943780"></trkpt><trkpt lat="54.269600" lon="15.952410"></trkpt><trkpt lat="54.273950" lon="15.964250"></trkpt><trkpt lat="54.298040" lon="15.977330"></trkpt><trkpt lat="54.292510" lon="15.987660"></trkpt><trkpt lat="54.300870" lon="15.984050"></trkpt><trkpt lat="54.307380" lon="15.992950"></trkpt><trkpt lat="54.314180" lon="16.001320"></trkpt><trkpt lat="54.324250" lon="15.991140"></trkpt><trkpt lat="54.333200" lon="16.001510"></trkpt><trkpt lat="54.341880" lon="16.010360"></trkpt><trkpt lat="54.349180" lon="16.019170"></trkpt><trkpt lat="54.357050" lon="16.027240"></trkpt><trkpt lat="54.365880" lon="16.035770"></trkpt><trkpt lat="54.377380" lon="16.036560"></trkpt><trkpt lat="54.387080" lon="16.046530"></trkpt><trkpt lat="54.395760" lon="16.056590"></trkpt><trkpt lat="54.403940" lon="16.063310"></trkpt><trkpt lat="54.412270" lon="16.076000"></trkpt><trkpt lat="54.422830" lon="16.082870"></trkpt><trkpt lat="54.430390" lon="16.093320"></trkpt><trkpt lat="54.441190" lon="16.109690"></trkpt><trkpt lat="54.452340" lon="16.120020"></trkpt><trkpt lat="54.458080" lon="16.135480"></trkpt><trkpt lat="54.453410" lon="16.146670"></trkpt><trkpt lat="54.427560" lon="16.146780"></trkpt><trkpt lat="54.439150" lon="16.147930"></trkpt><trkpt lat="54.446300" lon="16.154970"></trkpt><trkpt lat="54.450200" lon="16.134510"></trkpt><trkpt lat="54.459390" lon="16.141670"></trkpt><trkpt lat="54.465490" lon="16.149460"></trkpt><trkpt lat="54.474410" lon="16.156840"></trkpt><trkpt lat="54.467120" lon="16.151620"></trkpt><trkpt lat="54.475400" lon="16.164550"></trkpt><trkpt lat="54.472700" lon="16.178360"></trkpt><trkpt lat="54.480280" lon="16.182900"></trkpt><trkpt lat="54.485460" lon="16.192160"></trkpt><trkpt lat="54.494710" lon="16.198880"></trkpt><trkpt lat="54.502620" lon="16.205130"></trkpt><trkpt lat="54.513230" lon="16.207100"></trkpt><trkpt lat="54.522780" lon="16.213320"></trkpt><trkpt lat="54.530080" lon="16.216600"></trkpt><trkpt lat="54.524040" lon="16.206960"></trkpt><trkpt lat="54.533990" lon="16.214870"></trkpt><trkpt lat="54.542940" lon="16.224710"></trkpt><trkpt lat="54.551830" lon="16.230480"></trkpt><trkpt lat="54.544860" lon="16.227170"></trkpt><trkpt lat="54.542000" lon="16.215450"></trkpt><trkpt lat="54.533960" lon="16.206730"></trkpt><trkpt lat="54.538800" lon="16.216400"></trkpt><trkpt lat="54.546620" lon="16.221630"></trkpt><trkpt lat="54.559370" lon="16.240010"></trkpt><trkpt lat="54.565750" lon="16.246960"></trkpt><trkpt lat="54.587130" lon="16.252500"></trkpt><trkpt lat="54.594120" lon="16.260120"></trkpt><trkpt lat="54.601300" lon="16.264750"></trkpt><trkpt lat="54.607490" lon="16.276580"></trkpt><trkpt lat="54.616660" lon="16.281180"></trkpt><trkpt lat="54.611960" lon="16.267930"></trkpt><trkpt lat="54.621400" lon="16.269870"></trkpt><trkpt lat="54.613530" lon="16.282190"></trkpt><trkpt lat="54.619700" lon="16.290620"></trkpt><trkpt lat="54.627510" lon="16.297630"></trkpt><trkpt lat="54.635960" lon="16.304600"></trkpt><trkpt lat="54.644210" lon="16.308440"></trkpt><trkpt lat="54.648690" lon="16.297090"></trkpt><trkpt lat="54.659770" lon="16.306850"></trkpt><trkpt lat="54.664780" lon="16.317900"></trkpt><trkpt lat="54.656960" lon="16.325300"></trkpt><trkpt lat="54.667220" lon="16.338670"></trkpt><trkpt lat="54.673920" lon="16.351730"></trkpt><trkpt lat="54.683790" lon="16.351550"></trkpt><trkpt lat="54.691520" lon="16.357770"></trkpt><trkpt lat="54.700450" lon="16.367350"></trkpt><trkpt lat="54.708290" lon="16.372700"></trkpt><trkpt lat="54.714390" lon="16.381760"></trkpt><trkpt lat="54.722230" lon="16.395270"></trkpt><trkpt lat="54.729700" lon="16.407520"></trkpt><trkpt lat="54.736540" lon="16.415360"></trkpt><trkpt lat="54.729480" lon="16.405500"></trkpt><trkpt lat="54.739600" lon="16.409580"></trkpt><trkpt lat="54.731110" lon="16.404440"></trkpt><trkpt lat="54.738100" lon="16.409260"></trkpt><trkpt lat="54.751990" lon="16.416380"></trkpt><trkpt lat="54.754520" lon="16.428400"></trkpt><trkpt lat="54.767710" lon="16.428360"></trkpt><trkpt lat="54.779120" lon="16.436370"></trkpt><trkpt lat="54.786560" lon="16.442940"></trkpt><trkpt lat="54.786530" lon="16.425340"></trkpt><trkpt lat="54.778320" lon="16.424800"></trkpt><trkpt lat="54.785660" lon="16.427400"></trkpt><trkpt lat="54.792600" lon="16.436560"></trkpt><trkpt lat="54.801850" lon="16.440260"></trkpt><trkpt lat="54.820820" lon="16.442730"></trkpt><trkpt lat="54.830840" lon="16.450600"></trkpt><trkpt lat="54.832980" lon="16.467400"></trkpt><trkpt lat="54.841580" lon="16.466380"></trkpt><trkpt lat="54.849170" lon="16.444750"></trkpt><trkpt lat="54.852290" lon="16.456590"></trkpt><trkpt lat="54.860010" lon="16.464910"></trkpt><trkpt lat="54.869500" lon="16.469270"></trkpt><trkpt lat="54.876140" lon="16.479490"></trkpt><trkpt lat="54.871230" lon="16.491000"></trkpt><trkpt lat="54.880580" lon="16.492870"></trkpt><trkpt lat="54.890070" lon="16.506570"></trkpt><trkpt lat="54.881050" lon="16.498200"></trkpt><trkpt lat="54.880260" lon="16.515910"></trkpt><trkpt lat="54.872370" lon="16.513160"></trkpt><trkpt lat="54.865680" lon="16.519630"></trkpt><trkpt lat="54.857260" lon="16.518640"></trkpt><trkpt lat="54.872870" lon="16.523050"></trkpt><trkpt lat="54.880660" lon="16.534490"></trkpt><trkpt lat="54.889020" lon="16.538800"></trkpt><trkpt lat="54.895820" lon="16.546830"></trkpt><trkpt lat="54.903050" lon="16.554950"></trkpt><trkpt lat="54.913310" lon="16.558760"></trkpt><trkpt lat="54.922740" lon="16.588390"></trkpt><trkpt lat="54.929430" lon="16.594890"></trkpt><trkpt lat="54.920340" lon="16.595030"></trkpt><trkpt lat="54.919410" lon="16.561990"></trkpt><trkpt lat="54.906360" lon="16.559310"></trkpt><trkpt lat="54.915120" lon="16.570380"></trkpt><trkpt lat="54.929300" lon="16.578490"></trkpt><trkpt lat="54.963980" lon="16.574340"></trkpt><trkpt lat="54.968980" lon="16.584630"></trkpt><trkpt lat="54.962210" lon="16.574970"></trkpt><trkpt lat="54.969140" lon="16.583550"></trkpt><trkpt lat="54.975410" lon="16.593320"></trkpt><trkpt lat="54.979370" lon="16.604130"></trkpt><trkpt lat="54.985670" lon="16.612090"></trkpt><trkpt lat="54.996810" lon="16.615480"></trkpt><trkpt lat="55.005220" lon="16.623530"></trkpt><trkpt lat="55.012970" lon="16.648380"></trkpt><trkpt lat="55.023050" lon="16.657140"></trkpt><trkpt lat="55.012800" lon="16.652830"></trkpt><trkpt lat="55.022960" lon="16.652470"></trkpt><trkpt lat="55.011010" lon="16.653370"></trkpt><trkpt lat="55.004720" lon="16.643710"></trkpt><trkpt lat="55.012820" lon="16.651990"></trkpt><trkpt lat="55.022920" lon="16.651930"></trkpt><trkpt lat="55.004580" lon="16.658390"></trkpt><trkpt lat="55.010360" lon="16.667680"></trkpt><trkpt lat="55.017410" lon="16.670310"></trkpt><trkpt lat="55.011140" lon="16.658640"></trkpt><trkpt lat="55.000920" lon="16.658960"></trkpt><trkpt lat="55.011930" lon="16.664540"></trkpt><trkpt lat="55.021100" lon="16.670440"></trkpt><trkpt lat="55.025500" lon="16.680600"></trkpt><trkpt lat="55.031380" lon="16.689570"></trkpt><trkpt lat="55.038640" lon="16.692170"></trkpt><trkpt lat="55.031060" lon="16.685330"></trkpt><trkpt lat="55.019110" lon="16.678810"></trkpt><trkpt lat="55.002250" lon="16.673220"></trkpt><trkpt lat="54.996910" lon="16.656290"></trkpt><trkpt lat="54.990340" lon="16.661430"></trkpt><trkpt lat="54.983110" lon="16.661960"></trkpt><trkpt lat="54.972850" lon="16.659390"></trkpt><trkpt lat="54.965200" lon="16.655960"></trkpt><trkpt lat="54.957980" lon="16.635980"></trkpt><trkpt lat="54.959550" lon="16.648690"></trkpt><trkpt lat="54.966590" lon="16.654820"></trkpt><trkpt lat="54.970130" lon="16.670140"></trkpt><trkpt lat="54.960340" lon="16.669820"></trkpt><trkpt lat="54.970530" lon="16.668850"></trkpt><trkpt lat="54.978110" lon="16.673230"></trkpt><trkpt lat="54.986810" lon="16.679340"></trkpt><trkpt lat="54.979460" lon="16.682150"></trkpt><trkpt lat="54.987110" lon="16.696710"></trkpt><trkpt lat="54.994590" lon="16.703510"></trkpt><trkpt lat="55.002030" lon="16.714070"></trkpt><trkpt lat="55.005500" lon="16.731680"></trkpt><trkpt lat="55.025000" lon="16.731830"></trkpt><trkpt lat="55.035270" lon="16.740800"></trkpt><trkpt lat="55.041340" lon="16.751630"></trkpt><trkpt lat="55.047780" lon="16.763160"></trkpt><trkpt lat="55.056280" lon="16.769530"></trkpt><trkpt lat="55.069770" lon="16.750140"></trkpt><trkpt lat="55.077020" lon="16.744460"></trkpt><trkpt lat="55.084040" lon="16.755260"></trkpt><trkpt lat="55.093270" lon="16.746970"></trkpt><trkpt lat="55.102060" lon="16.748010"></trkpt><trkpt lat="55.110600" lon="16.754950"></trkpt><trkpt lat="55.117930" lon="16.774640"></trkpt><trkpt lat="55.127890" lon="16.775010"></trkpt><trkpt lat="55.136030" lon="16.781960"></trkpt><trkpt lat="55.143140" lon="16.786080"></trkpt><trkpt lat="55.123490" lon="16.792500"></trkpt><trkpt lat="55.131120" lon="16.797680"></trkpt><trkpt lat="55.138010" lon="16.805460"></trkpt><trkpt lat="55.131070" lon="16.800800"></trkpt><trkpt lat="55.141050" lon="16.802890"></trkpt><trkpt lat="55.148320" lon="16.804000"></trkpt><trkpt lat="55.166950" lon="16.811340"></trkpt><trkpt lat="55.174950" lon="16.817970"></trkpt><trkpt lat="55.184710" lon="16.828890"></trkpt><trkpt lat="55.186440" lon="16.812970"></trkpt><trkpt lat="55.195920" lon="16.822860"></trkpt><trkpt lat="55.203460" lon="16.827790"></trkpt><trkpt lat="55.211160" lon="16.836140"></trkpt><trkpt lat="55.217130" lon="16.843560"></trkpt><trkpt lat="55.231490" lon="16.852540"></trkpt><trkpt lat="55.234750" lon="16.864580"></trkpt><trkpt lat="55.244220" lon="16.886710"></trkpt><trkpt lat="55.237850" lon="16.892700"></trkpt><trkpt lat="55.245520" lon="16.901780"></trkpt><trkpt lat="55.256330" lon="16.914370"></trkpt><trkpt lat="55.264880" lon="16.924190"></trkpt><trkpt lat="55.273720" lon="16.930710"></trkpt><trkpt lat="55.284000" lon="16.941100"></trkpt><trkpt lat="55.291270" lon="16.955660"></trkpt><trkpt lat="55.297940" lon="16.966270"></trkpt><trkpt lat="55.309400" lon="16.971030"></trkpt><trkpt lat="55.317950" lon="16.972930"></trkpt><trkpt lat="55.317330" lon="16.993630"></trkpt><trkpt lat="55.325080" lon="16.996200"></trkpt><trkpt lat="55.336520" lon="17.006080"></trkpt><trkpt lat="55.345750" lon="17.019160"></trkpt><trkpt lat="55.354830" lon="17.033720"></trkpt><trkpt lat="55.361950" lon="17.049680"></trkpt><trkpt lat="55.369420" lon="17.056310"></trkpt><trkpt lat="55.377950" lon="17.060150"></trkpt><trkpt lat="55.388530" lon="17.067490"></trkpt><trkpt lat="55.395810" lon="17.078400"></trkpt><trkpt lat="55.402190" lon="17.087800"></trkpt><trkpt lat="55.409440" lon="17.103360"></trkpt><trkpt lat="55.423720" lon="17.099340"></trkpt><trkpt lat="55.433090" lon="17.099480"></trkpt><trkpt lat="55.440520" lon="17.108490"></trkpt><trkpt lat="55.449850" lon="17.114940"></trkpt><trkpt lat="55.457380" lon="17.118060"></trkpt><trkpt lat="55.464310" lon="17.122400"></trkpt><trkpt lat="55.472180" lon="17.116620"></trkpt><trkpt lat="55.479330" lon="17.126560"></trkpt><trkpt lat="55.485950" lon="17.133410"></trkpt><trkpt lat="55.495710" lon="17.138070"></trkpt><trkpt lat="55.503920" lon="17.150460"></trkpt><trkpt lat="55.520360" lon="17.155270"></trkpt><trkpt lat="55.516820" lon="17.166410"></trkpt><trkpt lat="55.509600" lon="17.166330"></trkpt><trkpt lat="55.516000" lon="17.175220"></trkpt><trkpt lat="55.527630" lon="17.181420"></trkpt><trkpt lat="55.536910" lon="17.205000"></trkpt><trkpt lat="55.551340" lon="17.208460"></trkpt><trkpt lat="55.537790" lon="17.215570"></trkpt><trkpt lat="55.546440" lon="17.216280"></trkpt><trkpt lat="55.553720" lon="17.226210"></trkpt><trkpt lat="55.553250" lon="17.239920"></trkpt><trkpt lat="55.546870" lon="17.246800"></trkpt><trkpt lat="55.563970" lon="17.266160"></trkpt><trkpt lat="55.552100" lon="17.271080"></trkpt><trkpt lat="55.560830" lon="17.283520"></trkpt><trkpt lat="55.568060" lon="17.290890"></trkpt><trkpt lat="55.572430" lon="17.302260"></trkpt><trkpt lat="55.576300" lon="17.314830"></trkpt><trkpt lat="55.585860" lon="17.322930"></trkpt><trkpt lat="55.595880" lon="17.332080"></trkpt><trkpt lat="55.601800" lon="17.341460"></trkpt><trkpt lat="55.610920" lon="17.344760"></trkpt><trkpt lat="55.622760" lon="17.350030"></trkpt><trkpt lat="55.626940" lon="17.363510"></trkpt><trkpt lat="55.639020" lon="17.377830"></trkpt><trkpt lat="55.646500" lon="17.389850"></trkpt><trkpt lat="55.656310" lon="17.395180"></trkpt><trkpt lat="55.663430" lon="17.407520"></trkpt><trkpt lat="55.670860" lon="17.419900"></trkpt><trkpt lat="55.678950" lon="17.427030"></trkpt><trkpt lat="55.688530" lon="17.428960"></trkpt><trkpt lat="55.697400" lon="17.434810"></trkpt><trkpt lat="55.705670" lon="17.443440"></trkpt><trkpt lat="55.703010" lon="17.427650"></trkpt><trkpt lat="55.695570" lon="17.425520"></trkpt><trkpt lat="55.686530" lon="17.416270"></trkpt><trkpt lat="55.686750" lon="17.402960"></trkpt><trkpt lat="55.677810" lon="17.401170"></trkpt><trkpt lat="55.667910" lon="17.395650"></trkpt><trkpt lat="55.676720" lon="17.400100"></trkpt><trkpt lat="55.685950" lon="17.404160"></trkpt><trkpt lat="55.692990" lon="17.431950"></trkpt><trkpt lat="55.700800" lon="17.439670"></trkpt><trkpt lat="55.708040" lon="17.448010"></trkpt><trkpt lat="55.692240" lon="17.454160"></trkpt><trkpt lat="55.706510" lon="17.457190"></trkpt><trkpt lat="55.713120" lon="17.465050"></trkpt><trkpt lat="55.717060" lon="17.445070"></trkpt><trkpt lat="55.706130" lon="17.446630"></trkpt><trkpt lat="55.697400" lon="17.438730"></trkpt><trkpt lat="55.706910" lon="17.440300"></trkpt><trkpt lat="55.717510" lon="17.439070"></trkpt><trkpt lat="55.724520" lon="17.432260"></trkpt><trkpt lat="55.716490" lon="17.433400"></trkpt><trkpt lat="55.723380" lon="17.422140"></trkpt><trkpt lat="55.731370" lon="17.430500"></trkpt><trkpt lat="55.738360" lon="17.444050"></trkpt><trkpt lat="55.745680" lon="17.452130"></trkpt><trkpt lat="55.756540" lon="17.463230"></trkpt><trkpt lat="55.766190" lon="17.470400"></trkpt><trkpt lat="55.774250" lon="17.488040"></trkpt><trkpt lat="55.767600" lon="17.498280"></trkpt><trkpt lat="55.781740" lon="17.504150"></trkpt><trkpt lat="55.791240" lon="17.511930"></trkpt><trkpt lat="55.795080" lon="17.564430"></trkpt><trkpt lat="55.812740" lon="17.564510"></trkpt><trkpt lat="55.822030" lon="17.571600"></trkpt><trkpt lat="55.828500" lon="17.580660"></trkpt><trkpt lat="55.837800" lon="17.583730"></trkpt><trkpt lat="55.857600" lon="17.574950"></trkpt><trkpt lat="55.841690" lon="17.567070"></trkpt><trkpt lat="55.849990" lon="17.571630"></trkpt><trkpt lat="55.854600" lon="17.587960"></trkpt><trkpt lat="55.863570" lon="17.595280"></trkpt><trkpt lat="55.872150" lon="17.586100"></trkpt><trkpt lat="55.883350" lon="17.587240"></trkpt><trkpt lat="55.884810" lon="17.605310"></trkpt><trkpt lat="55.876990" lon="17.630610"></trkpt><trkpt lat="55.896570" lon="17.629890"></trkpt><trkpt lat="55.904680" lon="17.626690"></trkpt><trkpt lat="55.892740" lon="17.627860"></trkpt><trkpt lat="55.879610" lon="17.628090"></trkpt><trkpt lat="55.890230" lon="17.619840"></trkpt><trkpt lat="55.895600" lon="17.631220"></trkpt><trkpt lat="55.901960" lon="17.637800"></trkpt><trkpt lat="55.909470" lon="17.647550"></trkpt><trkpt lat="55.917760" lon="17.656070"></trkpt><trkpt lat="55.907420" lon="17.664410"></trkpt><trkpt lat="55.920190" lon="17.670240"></trkpt><trkpt lat="55.922020" lon="17.684170"></trkpt><trkpt lat="55.900330" lon="17.683400"></trkpt><trkpt lat="55.910570" lon="17.684190"></trkpt><trkpt lat="55.919610" lon="17.684880"></trkpt><trkpt lat="55.926470" lon="17.695100"></trkpt><trkpt lat="55.934920" lon="17.709780"></trkpt><trkpt lat="55.942240" lon="17.716910"></trkpt><trkpt lat="55.948650" lon="17.726150"></trkpt><trkpt lat="55.956010" lon="17.732810"></trkpt><trkpt lat="55.965050" lon="17.742510"></trkpt><trkpt lat="55.976390" lon="17.750710"></trkpt><trkpt lat="55.991570" lon="17.764760"></trkpt><trkpt lat="55.999910" lon="17.778160"></trkpt><trkpt lat="56.008520" lon="17.788120"></trkpt><trkpt lat="56.015010" lon="17.796770"></trkpt><trkpt lat="56.018570" lon="17.808570"></trkpt><trkpt lat="56.024810" lon="17.815130"></trkpt><trkpt lat="56.042660" lon="17.816130"></trkpt><trkpt lat="56.050320" lon="17.825750"></trkpt><trkpt lat="56.041470" lon="17.820860"></trkpt><trkpt lat="56.032610" lon="17.811610"></trkpt><trkpt lat="56.023750" lon="17.803780"></trkpt><trkpt lat="56.011890" lon="17.802180"></trkpt><trkpt lat="56.019840" lon="17.804370"></trkpt><trkpt lat="56.027680" lon="17.799100"></trkpt><trkpt lat="56.020390" lon="17.801390"></trkpt><trkpt lat="56.022990" lon="17.819800"></trkpt><trkpt lat="56.033370" lon="17.821670"></trkpt><trkpt lat="56.036900" lon="17.834290"></trkpt><trkpt lat="56.028710" lon="17.824780"></trkpt><trkpt lat="56.015760" lon="17.816520"></trkpt><trkpt lat="56.003320" lon="17.812600"></trkpt><trkpt lat="55.994760" lon="17.812290"></trkpt><trkpt lat="55.988570" lon="17.804030"></trkpt><trkpt lat="55.996660" lon="17.809520"></trkpt><trkpt lat="55.988840" lon="17.807700"></trkpt><trkpt lat="55.999520" lon="17.806000"></trkpt><trkpt lat="56.009540" lon="17.807230"></trkpt><trkpt lat="56.003180" lon="17.795690"></trkpt><trkpt lat="55.989960" lon="17.793470"></trkpt><trkpt lat="55.976230" lon="17.797740"></trkpt><trkpt lat="55.972700" lon="17.779530"></trkpt><trkpt lat="55.964400" lon="17.774210"></trkpt><trkpt lat="55.957790" lon="17.766200"></trkpt><trkpt lat="55.965040" lon="17.763940"></trkpt><trkpt lat="55.958150" lon="17.755630"></trkpt><trkpt lat="55.950940" lon="17.748330"></trkpt><trkpt lat="55.943230" lon="17.756090"></trkpt><trkpt lat="55.935750" lon="17.761050"></trkpt><trkpt lat="55.947480" lon="17.766560"></trkpt><trkpt lat="55.938430" lon="17.766320"></trkpt><trkpt lat="55.948610" lon="17.774770"></trkpt><trkpt lat="55.956450" lon="17.775890"></trkpt><trkpt lat="55.968050" lon="17.781730"></trkpt><trkpt lat="55.980480" lon="17.786720"></trkpt><trkpt lat="55.987800" lon="17.796120"></trkpt><trkpt lat="55.979070" lon="17.801130"></trkpt><trkpt lat="55.984980" lon="17.813890"></trkpt><trkpt lat="55.995540" lon="17.818520"></trkpt><trkpt lat="56.000260" lon="17.798280"></trkpt><trkpt lat="56.004120" lon="17.810610"></trkpt><trkpt lat="56.005910" lon="17.832750"></trkpt><trkpt lat="56.014280" lon="17.842620"></trkpt><trkpt lat="56.023580" lon="17.846020"></trkpt><trkpt lat="56.015140" lon="17.848980"></trkpt><trkpt lat="56.011890" lon="17.835380"></trkpt><trkpt lat="56.000040" lon="17.834420"></trkpt><trkpt lat="55.991230" lon="17.831650"></trkpt><trkpt lat="55.999200" lon="17.839240"></trkpt><trkpt lat="56.007270" lon="17.844570"></trkpt><trkpt lat="56.016700" lon="17.851760"></trkpt><trkpt lat="56.026930" lon="17.859960"></trkpt><trkpt lat="56.035970" lon="17.866660"></trkpt><trkpt lat="56.046200" lon="17.874770"></trkpt><trkpt lat="56.055050" lon="17.882250"></trkpt><trkpt lat="56.064950" lon="17.888990"></trkpt><trkpt lat="56.072900" lon="17.897040"></trkpt><trkpt lat="56.081390" lon="17.903080"></trkpt><trkpt lat="56.098340" lon="17.913110"></trkpt><trkpt lat="56.106950" lon="17.925760"></trkpt><trkpt lat="56.114600" lon="17.926630"></trkpt><trkpt lat="56.122770" lon="17.932840"></trkpt><trkpt lat="56.112410" lon="17.939470"></trkpt><trkpt lat="56.120270" lon="17.944070"></trkpt><trkpt lat="56.124250" lon="17.955080"></trkpt><trkpt lat="56.126430" lon="17.971290"></trkpt><trkpt lat="56.137380" lon="17.977940"></trkpt><trkpt lat="56.125840" lon="17.970730"></trkpt><trkpt lat="56.118270" lon="17.960600"></trkpt><trkpt lat="56.128580" lon="17.968520"></trkpt><trkpt lat="56.134140" lon="17.979630"></trkpt><trkpt lat="56.127360" lon="17.987030"></trkpt><trkpt lat="56.136430" lon="17.992490"></trkpt><trkpt lat="56.130420" lon="17.982520"></trkpt><trkpt lat="56.137460" lon="17.995120"></trkpt><trkpt lat="56.151350" lon="17.995570"></trkpt><trkpt lat="56.143680" lon="17.994760"></trkpt><trkpt lat="56.156450" lon="17.994510"></trkpt><trkpt lat="56.164220" lon="17.988720"></trkpt><trkpt lat="56.171360" lon="17.993970"></trkpt><trkpt lat="56.179270" lon="18.006830"></trkpt><trkpt lat="56.170940" lon="18.006880"></trkpt><trkpt lat="56.177870" lon="18.018170"></trkpt><trkpt lat="56.182920" lon="18.031540"></trkpt><trkpt lat="56.190520" lon="18.046470"></trkpt><trkpt lat="56.201190" lon="18.054000"></trkpt><trkpt lat="56.212650" lon="18.059870"></trkpt><trkpt lat="56.219960" lon="18.069160"></trkpt><trkpt lat="56.226520" lon="18.079520"></trkpt><trkpt lat="56.237940" lon="18.084780"></trkpt><trkpt lat="56.240670" lon="18.098490"></trkpt><trkpt lat="56.232230" lon="18.092470"></trkpt><trkpt lat="56.224820" lon="18.084400"></trkpt><trkpt lat="56.217410" lon="18.085530"></trkpt><trkpt lat="56.225990" lon="18.086380"></trkpt><trkpt lat="56.235450" lon="18.095710"></trkpt><trkpt lat="56.225170" lon="18.097830"></trkpt><trkpt lat="56.235490" lon="18.103200"></trkpt><trkpt lat="56.243560" lon="18.102830"></trkpt><trkpt lat="56.240090" lon="18.079720"></trkpt><trkpt lat="56.230200" lon="18.078780"></trkpt><trkpt lat="56.223010" lon="18.071360"></trkpt><trkpt lat="56.211450" lon="18.067770"></trkpt><trkpt lat="56.202310" lon="18.057550"></trkpt><trkpt lat="56.194950" lon="18.047230"></trkpt><trkpt lat="56.187160" lon="18.044060"></trkpt><trkpt lat="56.180680" lon="18.035620"></trkpt><trkpt lat="56.188610" lon="18.041570"></trkpt><trkpt lat="56.195960" lon="18.050120"></trkpt><trkpt lat="56.218290" lon="18.053440"></trkpt><trkpt lat="56.227910" lon="18.064550"></trkpt><trkpt lat="56.239420" lon="18.073550"></trkpt><trkpt lat="56.246830" lon="18.080060"></trkpt><trkpt lat="56.251640" lon="18.058390"></trkpt><trkpt lat="56.261700" lon="18.076180"></trkpt><trkpt lat="56.268570" lon="18.101550"></trkpt><trkpt lat="56.277760" lon="18.111810"></trkpt><trkpt lat="56.285450" lon="18.118150"></trkpt><trkpt lat="56.292540" lon="18.132280"></trkpt><trkpt lat="56.302550" lon="18.123590"></trkpt><trkpt lat="56.291460" lon="18.118980"></trkpt><trkpt lat="56.263810" lon="18.111690"></trkpt><trkpt lat="56.255250" lon="18.109280"></trkpt><trkpt lat="56.263630" lon="18.115570"></trkpt><trkpt lat="56.271590" lon="18.123780"></trkpt><trkpt lat="56.269860" lon="18.136530"></trkpt><trkpt lat="56.272640" lon="18.153900"></trkpt><trkpt lat="56.281220" lon="18.152320"></trkpt><trkpt lat="56.274940" lon="18.159380"></trkpt><trkpt lat="56.266690" lon="18.148980"></trkpt><trkpt lat="56.259650" lon="18.139600"></trkpt><trkpt lat="56.251380" lon="18.137170"></trkpt><trkpt lat="56.262020" lon="18.133050"></trkpt><trkpt lat="56.272860" lon="18.130070"></trkpt><trkpt lat="56.281090" lon="18.142100"></trkpt><trkpt lat="56.297850" lon="18.145530"></trkpt><trkpt lat="56.305640" lon="18.153110"></trkpt><trkpt lat="56.310890" lon="18.162480"></trkpt><trkpt lat="56.319300" lon="18.175300"></trkpt><trkpt lat="56.329420" lon="18.185010"></trkpt><trkpt lat="56.340120" lon="18.190200"></trkpt><trkpt lat="56.348640" lon="18.199430"></trkpt><trkpt lat="56.355510" lon="18.215660"></trkpt><trkpt lat="56.362720" lon="18.218720"></trkpt><trkpt lat="56.371530" lon="18.230270"></trkpt><trkpt lat="56.375450" lon="18.217870"></trkpt><trkpt lat="56.353510" lon="18.226140"></trkpt><trkpt lat="56.335390" lon="18.216610"></trkpt><trkpt lat="56.336490" lon="18.200240"></trkpt><trkpt lat="56.329480" lon="18.188480"></trkpt><trkpt lat="56.327230" lon="18.167810"></trkpt><trkpt lat="56.336210" lon="18.165670"></trkpt><trkpt lat="56.329980" lon="18.153400"></trkpt><trkpt lat="56.336580" lon="18.158850"></trkpt><trkpt lat="56.327810" lon="18.150620"></trkpt><trkpt lat="56.322300" lon="18.138510"></trkpt><trkpt lat="56.325860" lon="18.151960"></trkpt><trkpt lat="56.333200" lon="18.153310"></trkpt><trkpt lat="56.335560" lon="18.170120"></trkpt><trkpt lat="56.328280" lon="18.172200"></trkpt><trkpt lat="56.335720" lon="18.183790"></trkpt><trkpt lat="56.343110" lon="18.192650"></trkpt><trkpt lat="56.355750" lon="18.200870"></trkpt><trkpt lat="56.361350" lon="18.210110"></trkpt><trkpt lat="56.374050" lon="18.205460"></trkpt><trkpt lat="56.380320" lon="18.216680"></trkpt><trkpt lat="56.386340" lon="18.226340"></trkpt><trkpt lat="56.395970" lon="18.239180"></trkpt><trkpt lat="56.413530" lon="18.243390"></trkpt><trkpt lat="56.401990" lon="18.241630"></trkpt><trkpt lat="56.408980" lon="18.252660"></trkpt><trkpt lat="56.415560" lon="18.259470"></trkpt><trkpt lat="56.421690" lon="18.270470"></trkpt><trkpt lat="56.432300" lon="18.297960"></trkpt><trkpt lat="56.441100" lon="18.307790"></trkpt><trkpt lat="56.445390" lon="18.324570"></trkpt><trkpt lat="56.451560" lon="18.339450"></trkpt><trkpt lat="56.459540" lon="18.346540"></trkpt><trkpt lat="56.466170" lon="18.358080"></trkpt><trkpt lat="56.473050" lon="18.366090"></trkpt><trkpt lat="56.480790" lon="18.373250"></trkpt><trkpt lat="56.492360" lon="18.377490"></trkpt><trkpt lat="56.482090" lon="18.373320"></trkpt><trkpt lat="56.489570" lon="18.374400"></trkpt><trkpt lat="56.497670" lon="18.381720"></trkpt><trkpt lat="56.506930" lon="18.384270"></trkpt><trkpt lat="56.515870" lon="18.395160"></trkpt><trkpt lat="56.527400" lon="18.403170"></trkpt><trkpt lat="56.532450" lon="18.421170"></trkpt><trkpt lat="56.542080" lon="18.429700"></trkpt><trkpt lat="56.550700" lon="18.435990"></trkpt><trkpt lat="56.543590" lon="18.441950"></trkpt><trkpt lat="56.539820" lon="18.430090"></trkpt><trkpt lat="56.542730" lon="18.412440"></trkpt><trkpt lat="56.550200" lon="18.416080"></trkpt><trkpt lat="56.539850" lon="18.410330"></trkpt><trkpt lat="56.531720" lon="18.404200"></trkpt><trkpt lat="56.539690" lon="18.412720"></trkpt><trkpt lat="56.551160" lon="18.416000"></trkpt><trkpt lat="56.558410" lon="18.426160"></trkpt><trkpt lat="56.567630" lon="18.434470"></trkpt><trkpt lat="56.574280" lon="18.452130"></trkpt><trkpt lat="56.581650" lon="18.460270"></trkpt><trkpt lat="56.593960" lon="18.468750"></trkpt><trkpt lat="56.565120" lon="18.468080"></trkpt><trkpt lat="56.555020" lon="18.463640"></trkpt><trkpt lat="56.550700" lon="18.451760"></trkpt><trkpt lat="56.542590" lon="18.445430"></trkpt><trkpt lat="56.547480" lon="18.466280"></trkpt><trkpt lat="56.550440" lon="18.450760"></trkpt><trkpt lat="56.559340" lon="18.464670"></trkpt><trkpt lat="56.559030" lon="18.479620"></trkpt><trkpt lat="56.549850" lon="18.483010"></trkpt><trkpt lat="56.558240" lon="18.488880"></trkpt><trkpt lat="56.565480" lon="18.486660"></trkpt><trkpt lat="56.572220" lon="18.493740"></trkpt><trkpt lat="56.579040" lon="18.503090"></trkpt><trkpt lat="56.585800" lon="18.513340"></trkpt><trkpt lat="56.596260" lon="18.513510"></trkpt><trkpt lat="56.607310" lon="18.522270"></trkpt><trkpt lat="56.613360" lon="18.532400"></trkpt><trkpt lat="56.626680" lon="18.541320"></trkpt><trkpt lat="56.637350" lon="18.563620"></trkpt><trkpt lat="56.648210" lon="18.568430"></trkpt><trkpt lat="56.651550" lon="18.584350"></trkpt><trkpt lat="56.658300" lon="18.577320"></trkpt><trkpt lat="56.649830" lon="18.579980"></trkpt><trkpt lat="56.655630" lon="18.562070"></trkpt><trkpt lat="56.645580" lon="18.563670"></trkpt><trkpt lat="56.647460" lon="18.550180"></trkpt><trkpt lat="56.657850" lon="18.558470"></trkpt><trkpt lat="56.668220" lon="18.564520"></trkpt><trkpt lat="56.674380" lon="18.575680"></trkpt><trkpt lat="56.681120" lon="18.581760"></trkpt><trkpt lat="56.689310" lon="18.593350"></trkpt><trkpt lat="56.680550" lon="18.586490"></trkpt><trkpt lat="56.688360" lon="18.604660"></trkpt><trkpt lat="56.694250" lon="18.613510"></trkpt><trkpt lat="56.701970" lon="18.621960"></trkpt><trkpt lat="56.712080" lon="18.631160"></trkpt><trkpt lat="56.719170" lon="18.634220"></trkpt><trkpt lat="56.726570" lon="18.639460"></trkpt><trkpt lat="56.732750" lon="18.653230"></trkpt><trkpt lat="56.741430" lon="18.662470"></trkpt><trkpt lat="56.753290" lon="18.670630"></trkpt><trkpt lat="56.761500" lon="18.677910"></trkpt><trkpt lat="56.768800" lon="18.686500"></trkpt><trkpt lat="56.777520" lon="18.691160"></trkpt><trkpt lat="56.785050" lon="18.681550"></trkpt><trkpt lat="56.776310" lon="18.682940"></trkpt><trkpt lat="56.785140" lon="18.687320"></trkpt><trkpt lat="56.793230" lon="18.695450"></trkpt><trkpt lat="56.798640" lon="18.704760"></trkpt><trkpt lat="56.804020" lon="18.716310"></trkpt><trkpt lat="56.810160" lon="18.724730"></trkpt><trkpt lat="56.817250" lon="18.731970"></trkpt><trkpt lat="56.828020" lon="18.738600"></trkpt><trkpt lat="56.836170" lon="18.740640"></trkpt><trkpt lat="56.845080" lon="18.739090"></trkpt><trkpt lat="56.834500" lon="18.729470"></trkpt><trkpt lat="56.818420" lon="18.724890"></trkpt><trkpt lat="56.811090" lon="18.731770"></trkpt><trkpt lat="56.817520" lon="18.738800"></trkpt><trkpt lat="56.826040" lon="18.736570"></trkpt><trkpt lat="56.833420" lon="18.740620"></trkpt><trkpt lat="56.840870" lon="18.745860"></trkpt><trkpt lat="56.830110" lon="18.727990"></trkpt><trkpt lat="56.817220" lon="18.731500"></trkpt><trkpt lat="56.823260" lon="18.721530"></trkpt><trkpt lat="56.824240" lon="18.708260"></trkpt><trkpt lat="56.816180" lon="18.703610"></trkpt><trkpt lat="56.827580" lon="18.711860"></trkpt><trkpt lat="56.820990" lon="18.702320"></trkpt><trkpt lat="56.828440" lon="18.707670"></trkpt><trkpt lat="56.835900" lon="18.718150"></trkpt><trkpt lat="56.829710" lon="18.707160"></trkpt><trkpt lat="56.823200" lon="18.694800"></trkpt><trkpt lat="56.817150" lon="18.685670"></trkpt><trkpt lat="56.804100" lon="18.688810"></trkpt><trkpt lat="56.797420" lon="18.682560"></trkpt><trkpt lat="56.805510" lon="18.688320"></trkpt><trkpt lat="56.796210" lon="18.676020"></trkpt><trkpt lat="56.805960" lon="18.675210"></trkpt><trkpt lat="56.801170" lon="18.690520"></trkpt><trkpt lat="56.792400" lon="18.690180"></trkpt><trkpt lat="56.783520" lon="18.681990"></trkpt><trkpt lat="56.793290" lon="18.689040"></trkpt><trkpt lat="56.799630" lon="18.696730"></trkpt><trkpt lat="56.793190" lon="18.687790"></trkpt><trkpt lat="56.787240" lon="18.677930"></trkpt><trkpt lat="56.777860" lon="18.672540"></trkpt><trkpt lat="56.769970" lon="18.656670"></trkpt><trkpt lat="56.767010" lon="18.641980"></trkpt><trkpt lat="56.777670" lon="18.647620"></trkpt><trkpt lat="56.767130" lon="18.642620"></trkpt><trkpt lat="56.776760" lon="18.629970"></trkpt><trkpt lat="56.768280" lon="18.625320"></trkpt><trkpt lat="56.765560" lon="18.610370"></trkpt><trkpt lat="56.774170" lon="18.613490"></trkpt><trkpt lat="56.778810" lon="18.624650"></trkpt><trkpt lat="56.793680" lon="18.624740"></trkpt><trkpt lat="56.799590" lon="18.640460"></trkpt><trkpt lat="56.808870" lon="18.653080"></trkpt><trkpt lat="56.819300" lon="18.640370"></trkpt><trkpt lat="56.810550" lon="18.641060"></trkpt><trkpt lat="56.818260" lon="18.647600"></trkpt><trkpt lat="56.828370" lon="18.652570"></trkpt><trkpt lat="56.836590" lon="18.655360"></trkpt><trkpt lat="56.844380" lon="18.667390"></trkpt><trkpt lat="56.852080" lon="18.672750"></trkpt><trkpt lat="56.847620" lon="18.661300"></trkpt><trkpt lat="56.836480" lon="18.657570"></trkpt><trkpt lat="56.830150" lon="18.647960"></trkpt><trkpt lat="56.825900" lon="18.676320"></trkpt><trkpt lat="56.817480" lon="18.674270"></trkpt><trkpt lat="56.807780" lon="18.666200"></trkpt><trkpt lat="56.802190" lon="18.649660"></trkpt><trkpt lat="56.809790" lon="18.649950"></trkpt><trkpt lat="56.795580" lon="18.643000"></trkpt><trkpt lat="56.804370" lon="18.652030"></trkpt><trkpt lat="56.809130" lon="18.670080"></trkpt><trkpt lat="56.791580" lon="18.676160"></trkpt><trkpt lat="56.799360" lon="18.674600"></trkpt><trkpt lat="56.828200" lon="18.675520"></trkpt><trkpt lat="56.831260" lon="18.687760"></trkpt><trkpt lat="56.824070" lon="18.692170"></trkpt><trkpt lat="56.814450" lon="18.682570"></trkpt><trkpt lat="56.796620" lon="18.693970"></trkpt><trkpt lat="56.820670" lon="18.691560"></trkpt><trkpt lat="56.829160" lon="18.704360"></trkpt><trkpt lat="56.836740" lon="18.710190"></trkpt><trkpt lat="56.829570" lon="18.707960"></trkpt><trkpt lat="56.817480" lon="18.701850"></trkpt><trkpt lat="56.824630" lon="18.697530"></trkpt><trkpt lat="56.817280" lon="18.686140"></trkpt><trkpt lat="56.809950" lon="18.686140"></trkpt><trkpt lat="56.799940" lon="18.674810"></trkpt><trkpt lat="56.810930" lon="18.678310"></trkpt><trkpt lat="56.794750" lon="18.691730"></trkpt><trkpt lat="56.803930" lon="18.693090"></trkpt><trkpt lat="56.811010" lon="18.699520"></trkpt><trkpt lat="56.818020" lon="18.708740"></trkpt><trkpt lat="56.825200" lon="18.724140"></trkpt><trkpt lat="56.834760" lon="18.730130"></trkpt><trkpt lat="56.840410" lon="18.742040"></trkpt><trkpt lat="56.841190" lon="18.727760"></trkpt><trkpt lat="56.827550" lon="18.728860"></trkpt><trkpt lat="56.840250" lon="18.732990"></trkpt><trkpt lat="56.846170" lon="18.744850"></trkpt><trkpt lat="56.855790" lon="18.746640"></trkpt><trkpt lat="56.863240" lon="18.758890"></trkpt><trkpt lat="56.873710" lon="18.759020"></trkpt><trkpt lat="56.869440" lon="18.772830"></trkpt><trkpt lat="56.878470" lon="18.781640"></trkpt><trkpt lat="56.886490" lon="18.787390"></trkpt><trkpt lat="56.893100" lon="18.793120"></trkpt><trkpt lat="56.902170" lon="18.802620"></trkpt><trkpt lat="56.913180" lon="18.794290"></trkpt><trkpt lat="56.911980" lon="18.807310"></trkpt><trkpt lat="56.920820" lon="18.807210"></trkpt><trkpt lat="56.926570" lon="18.818270"></trkpt><trkpt lat="56.941720" lon="18.814800"></trkpt><trkpt lat="56.946420" lon="18.825810"></trkpt><trkpt lat="56.929510" lon="18.826060"></trkpt><trkpt lat="56.936050" lon="18.837770"></trkpt><trkpt lat="56.944770" lon="18.851450"></trkpt><trkpt lat="56.931290" lon="18.853950"></trkpt><trkpt lat="56.937040" lon="18.873420"></trkpt><trkpt lat="56.947400" lon="18.883060"></trkpt><trkpt lat="56.953410" lon="18.894650"></trkpt><trkpt lat="56.971560" lon="18.903960"></trkpt><trkpt lat="56.984630" lon="18.908040"></trkpt><trkpt lat="56.994550" lon="18.906120"></trkpt><trkpt lat="57.011560" lon="18.913360"></trkpt><trkpt lat="57.023000" lon="18.924830"></trkpt><trkpt lat="57.034060" lon="18.944070"></trkpt><trkpt lat="57.024610" lon="18.947240"></trkpt><trkpt lat="57.014470" lon="18.951160"></trkpt><trkpt lat="57.023160" lon="18.961450"></trkpt><trkpt lat="57.034250" lon="18.965920"></trkpt><trkpt lat="57.038810" lon="18.979230"></trkpt><trkpt lat="57.027390" lon="18.979380"></trkpt><trkpt lat="57.029400" lon="18.960600"></trkpt><trkpt lat="57.021660" lon="18.953650"></trkpt><trkpt lat="57.033550" lon="18.961360"></trkpt><trkpt lat="57.044050" lon="18.959760"></trkpt><trkpt lat="57.055350" lon="18.968910"></trkpt><trkpt lat="57.059220" lon="18.982720"></trkpt><trkpt lat="57.069660" lon="18.987100"></trkpt><trkpt lat="57.077150" lon="18.998170"></trkpt><trkpt lat="57.084740" lon="19.008290"></trkpt><trkpt lat="57.069710" lon="19.011890"></trkpt><trkpt lat="57.056870" lon="19.006190"></trkpt><trkpt lat="57.066080" lon="19.018690"></trkpt><trkpt lat="57.078300" lon="19.025170"></trkpt><trkpt lat="57.086530" lon="19.040080"></trkpt><trkpt lat="57.096810" lon="19.045170"></trkpt><trkpt lat="57.104160" lon="19.057660"></trkpt><trkpt lat="57.095810" lon="19.052070"></trkpt><trkpt lat="57.105520" lon="19.063550"></trkpt><trkpt lat="57.118410" lon="19.073680"></trkpt><trkpt lat="57.115550" lon="19.094620"></trkpt><trkpt lat="57.126200" lon="19.094890"></trkpt><trkpt lat="57.140220" lon="19.096940"></trkpt><trkpt lat="57.146380" lon="19.110220"></trkpt><trkpt lat="57.156820" lon="19.112000"></trkpt><trkpt lat="57.177850" lon="19.106040"></trkpt><trkpt lat="57.182340" lon="19.118440"></trkpt><trkpt lat="57.188400" lon="19.128210"></trkpt><trkpt lat="57.198220" lon="19.129580"></trkpt><trkpt lat="57.207330" lon="19.136200"></trkpt><trkpt lat="57.213410" lon="19.149940"></trkpt><trkpt lat="57.221220" lon="19.156390"></trkpt><trkpt lat="57.228810" lon="19.161520"></trkpt><trkpt lat="57.233540" lon="19.172010"></trkpt><trkpt lat="57.242180" lon="19.176460"></trkpt><trkpt lat="57.248770" lon="19.191880"></trkpt><trkpt lat="57.258790" lon="19.195530"></trkpt><trkpt lat="57.266330" lon="19.197740"></trkpt><trkpt lat="57.273820" lon="19.207850"></trkpt><trkpt lat="57.280240" lon="19.217280"></trkpt><trkpt lat="57.288690" lon="19.218860"></trkpt><trkpt lat="57.296970" lon="19.226990"></trkpt><trkpt lat="57.288300" lon="19.231300"></trkpt><trkpt lat="57.295320" lon="19.238600"></trkpt><trkpt lat="57.302020" lon="19.247200"></trkpt><trkpt lat="57.311000" lon="19.255920"></trkpt><trkpt lat="57.319290" lon="19.266150"></trkpt><trkpt lat="57.326180" lon="19.276250"></trkpt><trkpt lat="57.328240" lon="19.289070"></trkpt><trkpt lat="57.335560" lon="19.289830"></trkpt><trkpt lat="57.350260" lon="19.299980"></trkpt><trkpt lat="57.343950" lon="19.292200"></trkpt><trkpt lat="57.350020" lon="19.301750"></trkpt><trkpt lat="57.360200" lon="19.304660"></trkpt><trkpt lat="57.368700" lon="19.309660"></trkpt><trkpt lat="57.376400" lon="19.317250"></trkpt><trkpt lat="57.384970" lon="19.327550"></trkpt><trkpt lat="57.393730" lon="19.335320"></trkpt><trkpt lat="57.400750" lon="19.346830"></trkpt><trkpt lat="57.408300" lon="19.347170"></trkpt><trkpt lat="57.415930" lon="19.354010"></trkpt><trkpt lat="57.425030" lon="19.358870"></trkpt><trkpt lat="57.436150" lon="19.369070"></trkpt><trkpt lat="57.446850" lon="19.368610"></trkpt><trkpt lat="57.456910" lon="19.373440"></trkpt><trkpt lat="57.464900" lon="19.389610"></trkpt><trkpt lat="57.436950" lon="19.389780"></trkpt><trkpt lat="57.445130" lon="19.393080"></trkpt><trkpt lat="57.453330" lon="19.402120"></trkpt><trkpt lat="57.444500" lon="19.397270"></trkpt><trkpt lat="57.452380" lon="19.400310"></trkpt><trkpt lat="57.460800" lon="19.411560"></trkpt><trkpt lat="57.466250" lon="19.422910"></trkpt><trkpt lat="57.465570" lon="19.408620"></trkpt><trkpt lat="57.458390" lon="19.411620"></trkpt><trkpt lat="57.469060" lon="19.422520"></trkpt><trkpt lat="57.475050" lon="19.430310"></trkpt><trkpt lat="57.484560" lon="19.438290"></trkpt><trkpt lat="57.494730" lon="19.444580"></trkpt><trkpt lat="57.502980" lon="19.450280"></trkpt><trkpt lat="57.512130" lon="19.458290"></trkpt><trkpt lat="57.520290" lon="19.461180"></trkpt><trkpt lat="57.528490" lon="19.462260"></trkpt><trkpt lat="57.537600" lon="19.469780"></trkpt><trkpt lat="57.549670" lon="19.475620"></trkpt><trkpt lat="57.557240" lon="19.484520"></trkpt><trkpt lat="57.566040" lon="19.494370"></trkpt><trkpt lat="57.575460" lon="19.505720"></trkpt><trkpt lat="57.581780" lon="19.517740"></trkpt><trkpt lat="57.591870" lon="19.526390"></trkpt><trkpt lat="57.600910" lon="19.536200"></trkpt><trkpt lat="57.604400" lon="19.557880"></trkpt><trkpt lat="57.598850" lon="19.544130"></trkpt><trkpt lat="57.606930" lon="19.548700"></trkpt><trkpt lat="57.616670" lon="19.547330"></trkpt><trkpt lat="57.627440" lon="19.548750"></trkpt><trkpt lat="57.620420" lon="19.555200"></trkpt><trkpt lat="57.658130" lon="19.558980"></trkpt><trkpt lat="57.650930" lon="19.547040"></trkpt><trkpt lat="57.653910" lon="19.560800"></trkpt><trkpt lat="57.652450" lon="19.574940"></trkpt><trkpt lat="57.661810" lon="19.581050"></trkpt><trkpt lat="57.668890" lon="19.583620"></trkpt><trkpt lat="57.678140" lon="19.580850"></trkpt><trkpt lat="57.685240" lon="19.584710"></trkpt><trkpt lat="57.692140" lon="19.588720"></trkpt><trkpt lat="57.697330" lon="19.599390"></trkpt><trkpt lat="57.707300" lon="19.609140"></trkpt><trkpt lat="57.715750" lon="19.615200"></trkpt><trkpt lat="57.720240" lon="19.630260"></trkpt><trkpt lat="57.723440" lon="19.618110"></trkpt><trkpt lat="57.732730" lon="19.620380"></trkpt><trkpt lat="57.745780" lon="19.621770"></trkpt><trkpt lat="57.731810" lon="19.613080"></trkpt><trkpt lat="57.723190" lon="19.606940"></trkpt><trkpt lat="57.714170" lon="19.597840"></trkpt><trkpt lat="57.706060" lon="19.599080"></trkpt><trkpt lat="57.699790" lon="19.605700"></trkpt><trkpt lat="57.689900" lon="19.601600"></trkpt><trkpt lat="57.713180" lon="19.597880"></trkpt><trkpt lat="57.743990" lon="19.599220"></trkpt><trkpt lat="57.731360" lon="19.592850"></trkpt><trkpt lat="57.715670" lon="19.584650"></trkpt><trkpt lat="57.708730" lon="19.578860"></trkpt><trkpt lat="57.718550" lon="19.570360"></trkpt><trkpt lat="57.708570" lon="19.573030"></trkpt><trkpt lat="57.700370" lon="19.565360"></trkpt><trkpt lat="57.720090" lon="19.561900"></trkpt><trkpt lat="57.713330" lon="19.556920"></trkpt><trkpt lat="57.696750" lon="19.556830"></trkpt><trkpt lat="57.695010" lon="19.537040"></trkpt><trkpt lat="57.703350" lon="19.535110"></trkpt><trkpt lat="57.702020" lon="19.513610"></trkpt><trkpt lat="57.692650" lon="19.502160"></trkpt><trkpt lat="57.714050" lon="19.509490"></trkpt><trkpt lat="57.700790" lon="19.500420"></trkpt><trkpt lat="57.694090" lon="19.492030"></trkpt><trkpt lat="57.688200" lon="19.481070"></trkpt><trkpt lat="57.680860" lon="19.479410"></trkpt><trkpt lat="57.673940" lon="19.472430"></trkpt><trkpt lat="57.667330" lon="19.466820"></trkpt><trkpt lat="57.669080" lon="19.484160"></trkpt><trkpt lat="57.662040" lon="19.473470"></trkpt><trkpt lat="57.673410" lon="19.484110"></trkpt><trkpt lat="57.683940" lon="19.485260"></trkpt><trkpt lat="57.676720" lon="19.483210"></trkpt><trkpt lat="57.694440" lon="19.479320"></trkpt><trkpt lat="57.695550" lon="19.493430"></trkpt><trkpt lat="57.703750" lon="19.494460"></trkpt><trkpt lat="57.711820" lon="19.506420"></trkpt><trkpt lat="57.701950" lon="19.499460"></trkpt><trkpt lat="57.692560" lon="19.491520"></trkpt><trkpt lat="57.700500" lon="19.492340"></trkpt><trkpt lat="57.705590" lon="19.505150"></trkpt><trkpt lat="57.719270" lon="19.510190"></trkpt><trkpt lat="57.722060" lon="19.543330"></trkpt><trkpt lat="57.714360" lon="19.530880"></trkpt><trkpt lat="57.704400" lon="19.528010"></trkpt><trkpt lat="57.692870" lon="19.513030"></trkpt><trkpt lat="57.676980" lon="19.511910"></trkpt><trkpt lat="57.667020" lon="19.510310"></trkpt><trkpt lat="57.673740" lon="19.523210"></trkpt><trkpt lat="57.676590" lon="19.541920"></trkpt><trkpt lat="57.686750" lon="19.536420"></trkpt><trkpt lat="57.693240" lon="19.546330"></trkpt><trkpt lat="57.685530" lon="19.543640"></trkpt><trkpt lat="57.700020" lon="19.544190"></trkpt><trkpt lat="57.711180" lon="19.538610"></trkpt><trkpt lat="57.701750" lon="19.534990"></trkpt><trkpt lat="57.693910" lon="19.528570"></trkpt><trkpt lat="57.686330" lon="19.517470"></trkpt><trkpt lat="57.701320" lon="19.513850"></trkpt><trkpt lat="57.692130" lon="19.505510"></trkpt><trkpt lat="57.683790" lon="19.496270"></trkpt><trkpt lat="57.672320" lon="19.486060"></trkpt><trkpt lat="57.682020" lon="19.492330"></trkpt><trkpt lat="57.664360" lon="19.495940"></trkpt><trkpt lat="57.676010" lon="19.502110"></trkpt><trkpt lat="57.686380" lon="19.496410"></trkpt><trkpt lat="57.693440" lon="19.487430"></trkpt><trkpt lat="57.685200" lon="19.490640"></trkpt><trkpt lat="57.677080" lon="19.481040"></trkpt><trkpt lat="57.669930" lon="19.490700"></trkpt><trkpt lat="57.664910" lon="19.480880"></trkpt><trkpt lat="57.647600" lon="19.474470"></trkpt><trkpt lat="57.718510" lon="19.473010"></trkpt><trkpt lat="57.638830" lon="19.475760"></trkpt><trkpt lat="57.645770" lon="19.482000"></trkpt><trkpt lat="57.652910" lon="19.491250"></trkpt><trkpt lat="57.644720" lon="19.486760"></trkpt><trkpt lat="57.652590" lon="19.499260"></trkpt><trkpt lat="57.661460" lon="19.514250"></trkpt><trkpt lat="57.668570" lon="19.528560"></trkpt><trkpt lat="57.677290" lon="19.539770"></trkpt><trkpt lat="57.693770" lon="19.543210"></trkpt><trkpt lat="57.703000" lon="19.568280"></trkpt><trkpt lat="57.712970" lon="19.569650"></trkpt><trkpt lat="57.720220" lon="19.581340"></trkpt><trkpt lat="57.729010" lon="19.591620"></trkpt><trkpt lat="57.709560" lon="19.591900"></trkpt><trkpt lat="57.716690" lon="19.598700"></trkpt><trkpt lat="57.705870" lon="19.597800"></trkpt><trkpt lat="57.698500" lon="19.603020"></trkpt><trkpt lat="57.693700" lon="19.580430"></trkpt><trkpt lat="57.688190" lon="19.570790"></trkpt><trkpt lat="57.703050" lon="19.584930"></trkpt><trkpt lat="57.713120" lon="19.593000"></trkpt><trkpt lat="57.704690" lon="19.584020"></trkpt><trkpt lat="57.710700" lon="19.595270"></trkpt><trkpt lat="57.726450" lon="19.601550"></trkpt><trkpt lat="57.718200" lon="19.596870"></trkpt><trkpt lat="57.707700" lon="19.591200"></trkpt><trkpt lat="57.718470" lon="19.589660"></trkpt><trkpt lat="57.726280" lon="19.599800"></trkpt><trkpt lat="57.710750" lon="19.597770"></trkpt><trkpt lat="57.714280" lon="19.610600"></trkpt><trkpt lat="57.725040" lon="19.608180"></trkpt><trkpt lat="57.672650" lon="19.614300"></trkpt><trkpt lat="57.661160" lon="19.622070"></trkpt><trkpt lat="57.668830" lon="19.616780"></trkpt><trkpt lat="57.663960" lon="19.605500"></trkpt><trkpt lat="57.670850" lon="19.617530"></trkpt><trkpt lat="57.679370" lon="19.615100"></trkpt><trkpt lat="57.686640" lon="19.622430"></trkpt><trkpt lat="57.694540" lon="19.624220"></trkpt><trkpt lat="57.702690" lon="19.644820"></trkpt><trkpt lat="57.682250" lon="19.646440"></trkpt><trkpt lat="57.674330" lon="19.636760"></trkpt><trkpt lat="57.665540" lon="19.629370"></trkpt><trkpt lat="57.659560" lon="19.639910"></trkpt><trkpt lat="57.622290" lon="19.640410"></trkpt><trkpt lat="57.629960" lon="19.626970"></trkpt><trkpt lat="57.638180" lon="19.634890"></trkpt><trkpt lat="57.645730" lon="19.647530"></trkpt><trkpt lat="57.653480" lon="19.663030"></trkpt><trkpt lat="57.660960" lon="19.666510"></trkpt><trkpt lat="57.668160" lon="19.679150"></trkpt><trkpt lat="57.676590" lon="19.679630"></trkpt><trkpt lat="57.684540" lon="19.687700"></trkpt><trkpt lat="57.692000" lon="19.688150"></trkpt><trkpt lat="57.700610" lon="19.690740"></trkpt><trkpt lat="57.707130" lon="19.699450"></trkpt><trkpt lat="57.718620" lon="19.709540"></trkpt><trkpt lat="57.723610" lon="19.721120"></trkpt><trkpt lat="57.729290" lon="19.737870"></trkpt><trkpt lat="57.739680" lon="19.740540"></trkpt><trkpt lat="57.748230" lon="19.745920"></trkpt><trkpt lat="57.755510" lon="19.758470"></trkpt><trkpt lat="57.776100" lon="19.764640"></trkpt><trkpt lat="57.787550" lon="19.755530"></trkpt><trkpt lat="57.794160" lon="19.762790"></trkpt><trkpt lat="57.786330" lon="19.758780"></trkpt><trkpt lat="57.793380" lon="19.762920"></trkpt><trkpt lat="57.787580" lon="19.779200"></trkpt><trkpt lat="57.791300" lon="19.766770"></trkpt><trkpt lat="57.800870" lon="19.764320"></trkpt><trkpt lat="57.805520" lon="19.779390"></trkpt><trkpt lat="57.813540" lon="19.769190"></trkpt><trkpt lat="57.810420" lon="19.784060"></trkpt><trkpt lat="57.802570" lon="19.792420"></trkpt><trkpt lat="57.815060" lon="19.786970"></trkpt><trkpt lat="57.819470" lon="19.799040"></trkpt><trkpt lat="57.831620" lon="19.795150"></trkpt><trkpt lat="57.839120" lon="19.798380"></trkpt><trkpt lat="57.849470" lon="19.805850"></trkpt><trkpt lat="57.857660" lon="19.816180"></trkpt><trkpt lat="57.841750" lon="19.818960"></trkpt><trkpt lat="57.851520" lon="19.827970"></trkpt><trkpt lat="57.863170" lon="19.831360"></trkpt><trkpt lat="57.868250" lon="19.843640"></trkpt><trkpt lat="57.860540" lon="19.852850"></trkpt><trkpt lat="57.867380" lon="19.869920"></trkpt><trkpt lat="57.876320" lon="19.859740"></trkpt><trkpt lat="57.886600" lon="19.866440"></trkpt><trkpt lat="57.895380" lon="19.871760"></trkpt><trkpt lat="57.883990" lon="19.873000"></trkpt><trkpt lat="57.891920" lon="19.875830"></trkpt><trkpt lat="57.899550" lon="19.887210"></trkpt><trkpt lat="57.910650" lon="19.910530"></trkpt><trkpt lat="57.900110" lon="19.917780"></trkpt><trkpt lat="57.910230" lon="19.917270"></trkpt><trkpt lat="57.922580" lon="19.920470"></trkpt><trkpt lat="57.931000" lon="19.918340"></trkpt><trkpt lat="57.923190" lon="19.912460"></trkpt><trkpt lat="57.932020" lon="19.917550"></trkpt><trkpt lat="57.938710" lon="19.936830"></trkpt><trkpt lat="57.947080" lon="19.945280"></trkpt><trkpt lat="57.953480" lon="19.961440"></trkpt><trkpt lat="57.980560" lon="19.962370"></trkpt><trkpt lat="57.987010" lon="19.974370"></trkpt><trkpt lat="58.000980" lon="19.977030"></trkpt><trkpt lat="58.008620" lon="19.990800"></trkpt><trkpt lat="58.015590" lon="19.999470"></trkpt><trkpt lat="58.010550" lon="19.982430"></trkpt><trkpt lat="58.002890" lon="19.974650"></trkpt><trkpt lat="57.986760" lon="19.966350"></trkpt><trkpt lat="57.984960" lon="19.951140"></trkpt><trkpt lat="57.977120" lon="19.950110"></trkpt><trkpt lat="57.984450" lon="19.955660"></trkpt><trkpt lat="57.973710" lon="19.956220"></trkpt><trkpt lat="57.971790" lon="19.969840"></trkpt><trkpt lat="57.986680" lon="19.968790"></trkpt><trkpt lat="58.006160" lon="19.970790"></trkpt><trkpt lat="57.994660" lon="19.969770"></trkpt><trkpt lat="57.995080" lon="19.954420"></trkpt><trkpt lat="57.980380" lon="19.957320"></trkpt><trkpt lat="57.998440" lon="19.953350"></trkpt><trkpt lat="58.008470" lon="19.960900"></trkpt><trkpt lat="58.000240" lon="19.957650"></trkpt><trkpt lat="57.989360" lon="19.952660"></trkpt><trkpt lat="57.978040" lon="19.948790"></trkpt><trkpt lat="57.971290" lon="19.940820"></trkpt><trkpt lat="57.968800" lon="19.926280"></trkpt><trkpt lat="57.978930" lon="19.931750"></trkpt><trkpt lat="57.971300" lon="19.923340"></trkpt><trkpt lat="57.961910" lon="19.921860"></trkpt><trkpt lat="57.954570" lon="19.919370"></trkpt><trkpt lat="57.960590" lon="19.928190"></trkpt><trkpt lat="57.968990" lon="19.934880"></trkpt><trkpt lat="57.974220" lon="19.946140"></trkpt><trkpt lat="57.963670" lon="19.946490"></trkpt><trkpt lat="57.970720" lon="19.921050"></trkpt><trkpt lat="57.978580" lon="19.928970"></trkpt><trkpt lat="57.969780" lon="19.927820"></trkpt><trkpt lat="57.978330" lon="19.933120"></trkpt><trkpt lat="57.986160" lon="19.935960"></trkpt><trkpt lat="57.996820" lon="19.945670"></trkpt><trkpt lat="58.006970" lon="19.952250"></trkpt><trkpt lat="58.012520" lon="19.966940"></trkpt><trkpt lat="58.001650" lon="19.966650"></trkpt><trkpt lat="58.014260" lon="19.976050"></trkpt><trkpt lat="58.005610" lon="19.984040"></trkpt><trkpt lat="58.014700" lon="19.994250"></trkpt><trkpt lat="58.021700" lon="20.002920"></trkpt><trkpt lat="58.029950" lon="19.995460"></trkpt><trkpt lat="58.044180" lon="20.005060"></trkpt><trkpt lat="58.047580" lon="20.018700"></trkpt><trkpt lat="58.058230" lon="20.019360"></trkpt><trkpt lat="58.066160" lon="20.033220"></trkpt><trkpt lat="58.073330" lon="20.037520"></trkpt><trkpt lat="58.080850" lon="20.045160"></trkpt><trkpt lat="58.069310" lon="20.042390"></trkpt><trkpt lat="58.082760" lon="20.047750"></trkpt><trkpt lat="58.074680" lon="20.053430"></trkpt><trkpt lat="58.066740" lon="20.052960"></trkpt><trkpt lat="58.055010" lon="20.042580"></trkpt><trkpt lat="58.042600" lon="20.035540"></trkpt><trkpt lat="58.031300" lon="20.029980"></trkpt><trkpt lat="58.021860" lon="20.024600"></trkpt><trkpt lat="58.011480" lon="20.021250"></trkpt><trkpt lat="58.019080" lon="20.023710"></trkpt><trkpt lat="58.024880" lon="20.034440"></trkpt><trkpt lat="58.019970" lon="20.017420"></trkpt><trkpt lat="58.030810" lon="20.008220"></trkpt><trkpt lat="58.021230" lon="20.008500"></trkpt><trkpt lat="58.011990" lon="20.001180"></trkpt><trkpt lat="58.005110" lon="19.995440"></trkpt><trkpt lat="58.013680" lon="19.990900"></trkpt><trkpt lat="58.027360" lon="19.992910"></trkpt><trkpt lat="58.023820" lon="20.005260"></trkpt><trkpt lat="58.016450" lon="19.993500"></trkpt><trkpt lat="58.025070" lon="19.997980"></trkpt><trkpt lat="58.030810" lon="20.006380"></trkpt><trkpt lat="58.024210" lon="19.998650"></trkpt><trkpt lat="58.031210" lon="19.981930"></trkpt><trkpt lat="58.039210" lon="19.993730"></trkpt><trkpt lat="58.045390" lon="20.012940"></trkpt><trkpt lat="58.051540" lon="20.022850"></trkpt><trkpt lat="58.066810" lon="20.032710"></trkpt><trkpt lat="58.075290" lon="20.045370"></trkpt><trkpt lat="58.084880" lon="20.052340"></trkpt><trkpt lat="58.086930" lon="20.065930"></trkpt><trkpt lat="58.097790" lon="20.071810"></trkpt><trkpt lat="58.100660" lon="20.091790"></trkpt><trkpt lat="58.088000" lon="20.096090"></trkpt><trkpt lat="58.090340" lon="20.068080"></trkpt><trkpt lat="58.081100" lon="20.069840"></trkpt><trkpt lat="58.088850" lon="20.071800"></trkpt><trkpt lat="58.079850" lon="20.074890"></trkpt><trkpt lat="58.070460" lon="20.065110"></trkpt><trkpt lat="58.049960" lon="20.061310"></trkpt><trkpt lat="58.052800" lon="20.074850"></trkpt><trkpt lat="58.041080" lon="20.067360"></trkpt><trkpt lat="58.034150" lon="20.080770"></trkpt><trkpt lat="58.049790" lon="20.090830"></trkpt><trkpt lat="58.044230" lon="20.081220"></trkpt><trkpt lat="58.053360" lon="20.091370"></trkpt><trkpt lat="58.063550" lon="20.094820"></trkpt><trkpt lat="58.070630" lon="20.101690"></trkpt><trkpt lat="58.065500" lon="20.114520"></trkpt><trkpt lat="58.087720" lon="20.134540"></trkpt><trkpt lat="58.089620" lon="20.106520"></trkpt><trkpt lat="58.076410" lon="20.107370"></trkpt><trkpt lat="58.087210" lon="20.108400"></trkpt><trkpt lat="58.091180" lon="20.131300"></trkpt><trkpt lat="58.111690" lon="20.137080"></trkpt><trkpt lat="58.119670" lon="20.138750"></trkpt><trkpt lat="58.129170" lon="20.141270"></trkpt><trkpt lat="58.140280" lon="20.143810"></trkpt><trkpt lat="58.150280" lon="20.149320"></trkpt><trkpt lat="58.152070" lon="20.165900"></trkpt><trkpt lat="58.155000" lon="20.149470"></trkpt><trkpt lat="58.161850" lon="20.158530"></trkpt><trkpt lat="58.152400" lon="20.148450"></trkpt><trkpt lat="58.162390" lon="20.148520"></trkpt><trkpt lat="58.170580" lon="20.158900"></trkpt><trkpt lat="58.177120" lon="20.168030"></trkpt><trkpt lat="58.187930" lon="20.191360"></trkpt><trkpt lat="58.199060" lon="20.210830"></trkpt><trkpt lat="58.208440" lon="20.216760"></trkpt><trkpt lat="58.214450" lon="20.225750"></trkpt><trkpt lat="58.225790" lon="20.230380"></trkpt><trkpt lat="58.232950" lon="20.233920"></trkpt><trkpt lat="58.238920" lon="20.244090"></trkpt><trkpt lat="58.246380" lon="20.248020"></trkpt><trkpt lat="58.239590" lon="20.260560"></trkpt><trkpt lat="58.248920" lon="20.261560"></trkpt><trkpt lat="58.256680" lon="20.277060"></trkpt><trkpt lat="58.264740" lon="20.281060"></trkpt><trkpt lat="58.273530" lon="20.292160"></trkpt><trkpt lat="58.285980" lon="20.308990"></trkpt><trkpt lat="58.296430" lon="20.317000"></trkpt><trkpt lat="58.307510" lon="20.327240"></trkpt><trkpt lat="58.314220" lon="20.333770"></trkpt><trkpt lat="58.322350" lon="20.341930"></trkpt><trkpt lat="58.331680" lon="20.351510"></trkpt><trkpt lat="58.342810" lon="20.361550"></trkpt><trkpt lat="58.347840" lon="20.371520"></trkpt><trkpt lat="58.356560" lon="20.376110"></trkpt><trkpt lat="58.367380" lon="20.394760"></trkpt><trkpt lat="58.377450" lon="20.406830"></trkpt><trkpt lat="58.390540" lon="20.420370"></trkpt><trkpt lat="58.402500" lon="20.429050"></trkpt><trkpt lat="58.409450" lon="20.434670"></trkpt><trkpt lat="58.419430" lon="20.446670"></trkpt><trkpt lat="58.428540" lon="20.447720"></trkpt><trkpt lat="58.420280" lon="20.431620"></trkpt><trkpt lat="58.408890" lon="20.425930"></trkpt><trkpt lat="58.399370" lon="20.420580"></trkpt><trkpt lat="58.412820" lon="20.433430"></trkpt><trkpt lat="58.409630" lon="20.420040"></trkpt><trkpt lat="58.418110" lon="20.427380"></trkpt><trkpt lat="58.424010" lon="20.398600"></trkpt><trkpt lat="58.431650" lon="20.405300"></trkpt><trkpt lat="58.440070" lon="20.420200"></trkpt><trkpt lat="58.449070" lon="20.433150"></trkpt><trkpt lat="58.456100" lon="20.445100"></trkpt><trkpt lat="58.432010" lon="20.445410"></trkpt><trkpt lat="58.442720" lon="20.456090"></trkpt><trkpt lat="58.421980" lon="20.456840"></trkpt><trkpt lat="58.429710" lon="20.458430"></trkpt><trkpt lat="58.414600" lon="20.458610"></trkpt><trkpt lat="58.422080" lon="20.453630"></trkpt><trkpt lat="58.432550" lon="20.452920"></trkpt><trkpt lat="58.442920" lon="20.459310"></trkpt><trkpt lat="58.434650" lon="20.465900"></trkpt><trkpt lat="58.422240" lon="20.455130"></trkpt><trkpt lat="58.430270" lon="20.460820"></trkpt><trkpt lat="58.437710" lon="20.467780"></trkpt><trkpt lat="58.425460" lon="20.463820"></trkpt><trkpt lat="58.431320" lon="20.472600"></trkpt><trkpt lat="58.444530" lon="20.474020"></trkpt><trkpt lat="58.456750" lon="20.483190"></trkpt><trkpt lat="58.447400" lon="20.483910"></trkpt><trkpt lat="58.456630" lon="20.489780"></trkpt><trkpt lat="58.466670" lon="20.493240"></trkpt><trkpt lat="58.473270" lon="20.502070"></trkpt><trkpt lat="58.478830" lon="20.512830"></trkpt><trkpt lat="58.487440" lon="20.519440"></trkpt><trkpt lat="58.494150" lon="20.530590"></trkpt><trkpt lat="58.504140" lon="20.534600"></trkpt><trkpt lat="58.501530" lon="20.519950"></trkpt><trkpt lat="58.494410" lon="20.529340"></trkpt><trkpt lat="58.484150" lon="20.520550"></trkpt><trkpt lat="58.493790" lon="20.518310"></trkpt><trkpt lat="58.502320" lon="20.527470"></trkpt><trkpt lat="58.510300" lon="20.531370"></trkpt><trkpt lat="58.518410" lon="20.541840"></trkpt><trkpt lat="58.509210" lon="20.548070"></trkpt><trkpt lat="58.518230" lon="20.550820"></trkpt><trkpt lat="58.531440" lon="20.560150"></trkpt><trkpt lat="58.535720" lon="20.575630"></trkpt><trkpt lat="58.543030" lon="20.578040"></trkpt><trkpt lat="58.551970" lon="20.578080"></trkpt><trkpt lat="58.561150" lon="20.585690"></trkpt><trkpt lat="58.567070" lon="20.596440"></trkpt><trkpt lat="58.569780" lon="20.609470"></trkpt><trkpt lat="58.577810" lon="20.619030"></trkpt><trkpt lat="58.586530" lon="20.627450"></trkpt><trkpt lat="58.596290" lon="20.633640"></trkpt><trkpt lat="58.604350" lon="20.642820"></trkpt><trkpt lat="58.608860" lon="20.661530"></trkpt><trkpt lat="58.600870" lon="20.663900"></trkpt><trkpt lat="58.605350" lon="20.646890"></trkpt><trkpt lat="58.612160" lon="20.658050"></trkpt><trkpt lat="58.621380" lon="20.665650"></trkpt><trkpt lat="58.625360" lon="20.681870"></trkpt><trkpt lat="58.632930" lon="20.701640"></trkpt><trkpt lat="58.641400" lon="20.709800"></trkpt><trkpt lat="58.655430" lon="20.712020"></trkpt><trkpt lat="58.664810" lon="20.725900"></trkpt><trkpt lat="58.671800" lon="20.744720"></trkpt><trkpt lat="58.679400" lon="20.745660"></trkpt><trkpt lat="58.687980" lon="20.749630"></trkpt><trkpt lat="58.696920" lon="20.758920"></trkpt><trkpt lat="58.705680" lon="20.767990"></trkpt><trkpt lat="58.716380" lon="20.784530"></trkpt><trkpt lat="58.726020" lon="20.790620"></trkpt><trkpt lat="58.735810" lon="20.799690"></trkpt><trkpt lat="58.743810" lon="20.807110"></trkpt><trkpt lat="58.750240" lon="20.813660"></trkpt><trkpt lat="58.751470" lon="20.828350"></trkpt><trkpt lat="58.762820" lon="20.834030"></trkpt><trkpt lat="58.770420" lon="20.838570"></trkpt><trkpt lat="58.777840" lon="20.849510"></trkpt><trkpt lat="58.781810" lon="20.861100"></trkpt><trkpt lat="58.788910" lon="20.865800"></trkpt><trkpt lat="58.795700" lon="20.875800"></trkpt><trkpt lat="58.803720" lon="20.883420"></trkpt><trkpt lat="58.812480" lon="20.892950"></trkpt><trkpt lat="58.820360" lon="20.894620"></trkpt><trkpt lat="58.829570" lon="20.903250"></trkpt><trkpt lat="58.837990" lon="20.912420"></trkpt><trkpt lat="58.847520" lon="20.913990"></trkpt><trkpt lat="58.855540" lon="20.923810"></trkpt><trkpt lat="58.863290" lon="20.926320"></trkpt><trkpt lat="58.869690" lon="20.912070"></trkpt><trkpt lat="58.877010" lon="20.920500"></trkpt><trkpt lat="58.884040" lon="20.930530"></trkpt><trkpt lat="58.895570" lon="20.934330"></trkpt><trkpt lat="58.900830" lon="20.949980"></trkpt><trkpt lat="58.892880" lon="20.952320"></trkpt><trkpt lat="58.884800" lon="20.952470"></trkpt><trkpt lat="58.885280" lon="20.931290"></trkpt><trkpt lat="58.896230" lon="20.941470"></trkpt><trkpt lat="58.914930" lon="20.945620"></trkpt><trkpt lat="58.922570" lon="20.955160"></trkpt><trkpt lat="58.930110" lon="20.957080"></trkpt><trkpt lat="58.936930" lon="20.961870"></trkpt><trkpt lat="58.942680" lon="20.974540"></trkpt><trkpt lat="58.945110" lon="20.995630"></trkpt><trkpt lat="58.958970" lon="20.992370"></trkpt><trkpt lat="58.961820" lon="21.005450"></trkpt><trkpt lat="58.973240" lon="21.010370"></trkpt><trkpt lat="58.980690" lon="21.019660"></trkpt><trkpt lat="58.991790" lon="21.026720"></trkpt><trkpt lat="58.978580" lon="21.021100"></trkpt><trkpt lat="58.970840" lon="21.013180"></trkpt><trkpt lat="58.964560" lon="21.001990"></trkpt><trkpt lat="58.956070" lon="20.994790"></trkpt><trkpt lat="58.949180" lon="20.988480"></trkpt><trkpt lat="58.931960" lon="20.981880"></trkpt><trkpt lat="58.939480" lon="20.977450"></trkpt><trkpt lat="58.952450" lon="20.982140"></trkpt><trkpt lat="58.959920" lon="20.997330"></trkpt><trkpt lat="58.970280" lon="21.003460"></trkpt><trkpt lat="58.980840" lon="21.013320"></trkpt><trkpt lat="58.995040" lon="21.027320"></trkpt><trkpt lat="58.986810" lon="21.025050"></trkpt><trkpt lat="58.978420" lon="21.030040"></trkpt><trkpt lat="58.990460" lon="21.035380"></trkpt><trkpt lat="59.004720" lon="21.045070"></trkpt><trkpt lat="59.011170" lon="21.052880"></trkpt><trkpt lat="59.019370" lon="21.045580"></trkpt><trkpt lat="59.023580" lon="21.063440"></trkpt><trkpt lat="59.032970" lon="21.068170"></trkpt><trkpt lat="59.039290" lon="21.077070"></trkpt><trkpt lat="59.033610" lon="21.063850"></trkpt><trkpt lat="59.043640" lon="21.070160"></trkpt><trkpt lat="59.033790" lon="21.066680"></trkpt><trkpt lat="59.040230" lon="21.073530"></trkpt><trkpt lat="59.049420" lon="21.081290"></trkpt><trkpt lat="59.061330" lon="21.078130"></trkpt><trkpt lat="59.055000" lon="21.068200"></trkpt><trkpt lat="59.042220" lon="21.063710"></trkpt><trkpt lat="59.032590" lon="21.052550"></trkpt><trkpt lat="59.028020" lon="21.037850"></trkpt><trkpt lat="59.035700" lon="21.039610"></trkpt><trkpt lat="59.042600" lon="21.050080"></trkpt><trkpt lat="59.047670" lon="21.061620"></trkpt><trkpt lat="59.059890" lon="21.061670"></trkpt><trkpt lat="59.052710" lon="21.058870"></trkpt><trkpt lat="59.046390" lon="21.047660"></trkpt><trkpt lat="59.043460" lon="21.033070"></trkpt><trkpt lat="59.045280" lon="21.050760"></trkpt><trkpt lat="59.058780" lon="21.052500"></trkpt><trkpt lat="59.067160" lon="21.061600"></trkpt><trkpt lat="59.076450" lon="21.070220"></trkpt><trkpt lat="59.066710" lon="21.061610"></trkpt><trkpt lat="59.059310" lon="21.053590"></trkpt><trkpt lat="59.060830" lon="21.068710"></trkpt><trkpt lat="59.053000" lon="21.067750"></trkpt><trkpt lat="59.045430" lon="21.061550"></trkpt><trkpt lat="59.055640" lon="21.057710"></trkpt><trkpt lat="59.044510" lon="21.053590"></trkpt><trkpt lat="59.037670" lon="21.043640"></trkpt><trkpt lat="59.037210" lon="21.065860"></trkpt><trkpt lat="59.031960" lon="21.054180"></trkpt><trkpt lat="59.039960" lon="21.057760"></trkpt><trkpt lat="59.032680" lon="21.056070"></trkpt><trkpt lat="59.022520" lon="21.053370"></trkpt><trkpt lat="59.014700" lon="21.042260"></trkpt><trkpt lat="59.007400" lon="21.036530"></trkpt><trkpt lat="58.997700" lon="21.031000"></trkpt><trkpt lat="59.005830" lon="21.034450"></trkpt><trkpt lat="59.015400" lon="21.045930"></trkpt><trkpt lat="59.003740" lon="21.048890"></trkpt><trkpt lat="59.005450" lon="21.033090"></trkpt><trkpt lat="58.999840" lon="21.020830"></trkpt><trkpt lat="59.007180" lon="21.013880"></trkpt><trkpt lat="59.015600" lon="21.017790"></trkpt><trkpt lat="59.008080" lon="21.007180"></trkpt><trkpt lat="58.998460" lon="21.005700"></trkpt><trkpt lat="59.008620" lon="21.008070"></trkpt><trkpt lat="59.017080" lon="21.016340"></trkpt><trkpt lat="59.025330" lon="21.029100"></trkpt><trkpt lat="59.033190" lon="21.040410"></trkpt><trkpt lat="59.040790" lon="21.033620"></trkpt><trkpt lat="59.048380" lon="21.045620"></trkpt><trkpt lat="59.032250" lon="21.045200"></trkpt><trkpt lat="59.022340" lon="21.044270"></trkpt><trkpt lat="59.013780" lon="21.037820"></trkpt><trkpt lat="59.005520" lon="21.040650"></trkpt><trkpt lat="59.000390" lon="21.030640"></trkpt><trkpt lat="58.989390" lon="21.024160"></trkpt><trkpt lat="58.999200" lon="21.027730"></trkpt><trkpt lat="59.005370" lon="21.038340"></trkpt><trkpt lat="58.996920" lon="21.032930"></trkpt><trkpt lat="58.989020" lon="21.029450"></trkpt><trkpt lat="58.983310" lon="21.017800"></trkpt><trkpt lat="58.974220" lon="21.013840"></trkpt><trkpt lat="58.967860" lon="20.996110"></trkpt><trkpt lat="58.957280" lon="20.996710"></trkpt><trkpt lat="58.965330" lon="20.999820"></trkpt><trkpt lat="58.972590" lon="21.002570"></trkpt><trkpt lat="58.981870" lon="21.005980"></trkpt><trkpt lat="58.992700" lon="21.008620"></trkpt><trkpt lat="59.002930" lon="21.011980"></trkpt><trkpt lat="58.987500" lon="21.012370"></trkpt><trkpt lat="58.984980" lon="20.996960"></trkpt><trkpt lat="58.974690" lon="20.993660"></trkpt><trkpt lat="58.968850" lon="20.982630"></trkpt><trkpt lat="58.964300" lon="20.967740"></trkpt><trkpt lat="58.956650" lon="20.969080"></trkpt><trkpt lat="58.962430" lon="20.983660"></trkpt><trkpt lat="58.970730" lon="20.997780"></trkpt><trkpt lat="58.979490" lon="21.006490"></trkpt><trkpt lat="58.988780" lon="21.007640"></trkpt><trkpt lat="58.994360" lon="21.020500"></trkpt><trkpt lat="58.986210" lon="21.020040"></trkpt><trkpt lat="58.996590" lon="21.028320"></trkpt><trkpt lat="59.002770" lon="21.038040"></trkpt><trkpt lat="58.994530" lon="21.030180"></trkpt><trkpt lat="58.982350" lon="21.025370"></trkpt><trkpt lat="58.992530" lon="21.028830"></trkpt><trkpt lat="59.001800" lon="21.017990"></trkpt><trkpt lat="58.993110" lon="21.011600"></trkpt><trkpt lat="58.985880" lon="21.003230"></trkpt><trkpt lat="58.997260" lon="21.003030"></trkpt><trkpt lat="59.001880" lon="21.017450"></trkpt><trkpt lat="59.013540" lon="21.024760"></trkpt><trkpt lat="59.019350" lon="21.034350"></trkpt><trkpt lat="59.029840" lon="21.044850"></trkpt><trkpt lat="59.019980" lon="21.048410"></trkpt><trkpt lat="59.033260" lon="21.051180"></trkpt><trkpt lat="59.021610" lon="21.053170"></trkpt><trkpt lat="59.029830" lon="21.046650"></trkpt><trkpt lat="59.038590" lon="21.053350"></trkpt><trkpt lat="59.048590" lon="21.046090"></trkpt><trkpt lat="59.040370" lon="21.048710"></trkpt><trkpt lat="59.059810" lon="21.057310"></trkpt><trkpt lat="59.065690" lon="21.076280"></trkpt><trkpt lat="59.060020" lon="21.062830"></trkpt><trkpt lat="59.062590" lon="21.076580"></trkpt><trkpt lat="59.071780" lon="21.082480"></trkpt><trkpt lat="59.084810" lon="21.091190"></trkpt><trkpt lat="59.092650" lon="21.108240"></trkpt><trkpt lat="59.100610" lon="21.115700"></trkpt><trkpt lat="59.092260" lon="21.110930"></trkpt><trkpt lat="59.101260" lon="21.120680"></trkpt><trkpt lat="59.108260" lon="21.128590"></trkpt><trkpt lat="59.115040" lon="21.139330"></trkpt><trkpt lat="59.124620" lon="21.139650"></trkpt><trkpt lat="59.112000" lon="21.132590"></trkpt><trkpt lat="59.116520" lon="21.157300"></trkpt><trkpt lat="59.127040" lon="21.145480"></trkpt><trkpt lat="59.114060" lon="21.141630"></trkpt><trkpt lat="59.100520" lon="21.132980"></trkpt><trkpt lat="59.109080" lon="21.135580"></trkpt><trkpt lat="59.115230" lon="21.150110"></trkpt><trkpt lat="59.120300" lon="21.163630"></trkpt><trkpt lat="59.124470" lon="21.178030"></trkpt><trkpt lat="59.132430" lon="21.189230"></trkpt><trkpt lat="59.133430" lon="21.204400"></trkpt><trkpt lat="59.142750" lon="21.214600"></trkpt><trkpt lat="59.132200" lon="21.217350"></trkpt><trkpt lat="59.142350" lon="21.223200"></trkpt><trkpt lat="59.134880" lon="21.220700"></trkpt><trkpt lat="59.143620" lon="21.230570"></trkpt><trkpt lat="59.157440" lon="21.239720"></trkpt><trkpt lat="59.164630" lon="21.246430"></trkpt><trkpt lat="59.176340" lon="21.259750"></trkpt><trkpt lat="59.183470" lon="21.264740"></trkpt><trkpt lat="59.174410" lon="21.257770"></trkpt><trkpt lat="59.183890" lon="21.250670"></trkpt><trkpt lat="59.193720" lon="21.256400"></trkpt><trkpt lat="59.199800" lon="21.268320"></trkpt><trkpt lat="59.208410" lon="21.275060"></trkpt><trkpt lat="59.216970" lon="21.280720"></trkpt><trkpt lat="59.223860" lon="21.287210"></trkpt><trkpt lat="59.232380" lon="21.293460"></trkpt><trkpt lat="59.225420" lon="21.285220"></trkpt><trkpt lat="59.233800" lon="21.288970"></trkpt><trkpt lat="59.242040" lon="21.294500"></trkpt><trkpt lat="59.248210" lon="21.307890"></trkpt><trkpt lat="59.264030" lon="21.319300"></trkpt><trkpt lat="59.266310" lon="21.334670"></trkpt><trkpt lat="59.275950" lon="21.325690"></trkpt><trkpt lat="59.269010" lon="21.330160"></trkpt><trkpt lat="59.278440" lon="21.339940"></trkpt><trkpt lat="59.285930" lon="21.364630"></trkpt><trkpt lat="59.277790" lon="21.361350"></trkpt><trkpt lat="59.293550" lon="21.370890"></trkpt><trkpt lat="59.301800" lon="21.368190"></trkpt><trkpt lat="59.309060" lon="21.380660"></trkpt><trkpt lat="59.318760" lon="21.382700"></trkpt><trkpt lat="59.341960" lon="21.389210"></trkpt><trkpt lat="59.350000" lon="21.397380"></trkpt><trkpt lat="59.342310" lon="21.402990"></trkpt><trkpt lat="59.354740" lon="21.408440"></trkpt><trkpt lat="59.358660" lon="21.421250"></trkpt><trkpt lat="59.367170" lon="21.421690"></trkpt><trkpt lat="59.380930" lon="21.433150"></trkpt><trkpt lat="59.389760" lon="21.435970"></trkpt><trkpt lat="59.392970" lon="21.451170"></trkpt><trkpt lat="59.385450" lon="21.451330"></trkpt><trkpt lat="59.393640" lon="21.455380"></trkpt><trkpt lat="59.401230" lon="21.463480"></trkpt><trkpt lat="59.409190" lon="21.463730"></trkpt><trkpt lat="59.418880" lon="21.470170"></trkpt><trkpt lat="59.427080" lon="21.485320"></trkpt><trkpt lat="59.437740" lon="21.484430"></trkpt><trkpt lat="59.422180" lon="21.489440"></trkpt><trkpt lat="59.429280" lon="21.498810"></trkpt><trkpt lat="59.438520" lon="21.505590"></trkpt><trkpt lat="59.450120" lon="21.512730"></trkpt><trkpt lat="59.461420" lon="21.521190"></trkpt><trkpt lat="59.461400" lon="21.540440"></trkpt><trkpt lat="59.470720" lon="21.548180"></trkpt><trkpt lat="59.477990" lon="21.558690"></trkpt><trkpt lat="59.472840" lon="21.541940"></trkpt><trkpt lat="59.477650" lon="21.555300"></trkpt><trkpt lat="59.476100" lon="21.571070"></trkpt><trkpt lat="59.483460" lon="21.571060"></trkpt><trkpt lat="59.495540" lon="21.580040"></trkpt><trkpt lat="59.502520" lon="21.586650"></trkpt><trkpt lat="59.511770" lon="21.590610"></trkpt><trkpt lat="59.519320" lon="21.600320"></trkpt><trkpt lat="59.531370" lon="21.611580"></trkpt><trkpt lat="59.541960" lon="21.616120"></trkpt><trkpt lat="59.530160" lon="21.624670"></trkpt><trkpt lat="59.537920" lon="21.631580"></trkpt><trkpt lat="59.549850" lon="21.637880"></trkpt><trkpt lat="59.554410" lon="21.651460"></trkpt><trkpt lat="59.563720" lon="21.655550"></trkpt><trkpt lat="59.574490" lon="21.656090"></trkpt><trkpt lat="59.582040" lon="21.662860"></trkpt><trkpt lat="59.590760" lon="21.667880"></trkpt><trkpt lat="59.598020" lon="21.675690"></trkpt><trkpt lat="59.606010" lon="21.684940"></trkpt><trkpt lat="59.613780" lon="21.685770"></trkpt><trkpt lat="59.625620" lon="21.692650"></trkpt><trkpt lat="59.634360" lon="21.702450"></trkpt><trkpt lat="59.639680" lon="21.714220"></trkpt><trkpt lat="59.647790" lon="21.716440"></trkpt><trkpt lat="59.655670" lon="21.733590"></trkpt><trkpt lat="59.663480" lon="21.738840"></trkpt><trkpt lat="59.676330" lon="21.749790"></trkpt><trkpt lat="59.683050" lon="21.762100"></trkpt><trkpt lat="59.690250" lon="21.771450"></trkpt><trkpt lat="59.699690" lon="21.777900"></trkpt><trkpt lat="59.707110" lon="21.786730"></trkpt><trkpt lat="59.715120" lon="21.795230"></trkpt><trkpt lat="59.727950" lon="21.805500"></trkpt><trkpt lat="59.738250" lon="21.817410"></trkpt><trkpt lat="59.746530" lon="21.820860"></trkpt><trkpt lat="59.752370" lon="21.835600"></trkpt><trkpt lat="59.760690" lon="21.833480"></trkpt><trkpt lat="59.771710" lon="21.836810"></trkpt><trkpt lat="59.779880" lon="21.842920"></trkpt><trkpt lat="59.787980" lon="21.857950"></trkpt><trkpt lat="59.797530" lon="21.859920"></trkpt><trkpt lat="59.801050" lon="21.879110"></trkpt><trkpt lat="59.809240" lon="21.887880"></trkpt><trkpt lat="59.814760" lon="21.897510"></trkpt><trkpt lat="59.823210" lon="21.907050"></trkpt><trkpt lat="59.832030" lon="21.920850"></trkpt><trkpt lat="59.854020" lon="21.930360"></trkpt><trkpt lat="59.865660" lon="21.941550"></trkpt><trkpt lat="59.859350" lon="21.932450"></trkpt><trkpt lat="59.871850" lon="21.923360"></trkpt><trkpt lat="59.886510" lon="21.932330"></trkpt><trkpt lat="59.898230" lon="21.938040"></trkpt><trkpt lat="59.905160" lon="21.946040"></trkpt><trkpt lat="59.915510" lon="21.959800"></trkpt><trkpt lat="59.936720" lon="21.964020"></trkpt><trkpt lat="59.944440" lon="21.971380"></trkpt><trkpt lat="59.943620" lon="21.993550"></trkpt><trkpt lat="59.985770" lon="21.993510"></trkpt><trkpt lat="59.997860" lon="22.009940"></trkpt><trkpt lat="60.014940" lon="22.018440"></trkpt><trkpt lat="60.021260" lon="22.026680"></trkpt><trkpt lat="60.028780" lon="22.032550"></trkpt><trkpt lat="60.036330" lon="22.041140"></trkpt><trkpt lat="60.045400" lon="22.050800"></trkpt><trkpt lat="60.048840" lon="22.065830"></trkpt><trkpt lat="60.056320" lon="22.070360"></trkpt><trkpt lat="60.070410" lon="22.073650"></trkpt><trkpt lat="60.078460" lon="22.077480"></trkpt><trkpt lat="60.080180" lon="22.093670"></trkpt><trkpt lat="60.086530" lon="22.115480"></trkpt><trkpt lat="60.099150" lon="22.125010"></trkpt><trkpt lat="60.098840" lon="22.148340"></trkpt><trkpt lat="60.104450" lon="22.157480"></trkpt><trkpt lat="60.114540" lon="22.164630"></trkpt><trkpt lat="60.125040" lon="22.173460"></trkpt><trkpt lat="60.131510" lon="22.184870"></trkpt><trkpt lat="60.139070" lon="22.201340"></trkpt><trkpt lat="60.157440" lon="22.215610"></trkpt><trkpt lat="60.165040" lon="22.224740"></trkpt><trkpt lat="60.171150" lon="22.235240"></trkpt><trkpt lat="60.179660" lon="22.243280"></trkpt><trkpt lat="60.186990" lon="22.253340"></trkpt><trkpt lat="60.192890" lon="22.265220"></trkpt><trkpt lat="60.200890" lon="22.276540"></trkpt><trkpt lat="60.208530" lon="22.286730"></trkpt><trkpt lat="60.216480" lon="22.294750"></trkpt><trkpt lat="60.224910" lon="22.304410"></trkpt><trkpt lat="60.233130" lon="22.314360"></trkpt><trkpt lat="60.240360" lon="22.321790"></trkpt><trkpt lat="60.248480" lon="22.333020"></trkpt><trkpt lat="60.258340" lon="22.341590"></trkpt><trkpt lat="60.269040" lon="22.352980"></trkpt><trkpt lat="60.259540" lon="22.349970"></trkpt><trkpt lat="60.268070" lon="22.361950"></trkpt><trkpt lat="60.280580" lon="22.379740"></trkpt><trkpt lat="60.291320" lon="22.388090"></trkpt><trkpt lat="60.299720" lon="22.395340"></trkpt><trkpt lat="60.307260" lon="22.402220"></trkpt><trkpt lat="60.314490" lon="22.410240"></trkpt><trkpt lat="60.322220" lon="22.418520"></trkpt><trkpt lat="60.331350" lon="22.427070"></trkpt><trkpt lat="60.333250" lon="22.408090"></trkpt><trkpt lat="60.340700" lon="22.415840"></trkpt><trkpt lat="60.331820" lon="22.411050"></trkpt><trkpt lat="60.322390" lon="22.399410"></trkpt><trkpt lat="60.307640" lon="22.388860"></trkpt><trkpt lat="60.300140" lon="22.383520"></trkpt><trkpt lat="60.290190" lon="22.375280"></trkpt><trkpt lat="60.285140" lon="22.362500"></trkpt><trkpt lat="60.275600" lon="22.349910"></trkpt><trkpt lat="60.266240" lon="22.344520"></trkpt><trkpt lat="60.232130" lon="22.336250"></trkpt><trkpt lat="60.213630" lon="22.335410"></trkpt><trkpt lat="60.210020" lon="22.320130"></trkpt><trkpt lat="60.196980" lon="22.313130"></trkpt><trkpt lat="60.174570" lon="22.303500"></trkpt><trkpt lat="60.167960" lon="22.288740"></trkpt><trkpt lat="60.159380" lon="22.283510"></trkpt><trkpt lat="60.157120" lon="22.262990"></trkpt><trkpt lat="60.146410" lon="22.258250"></trkpt><trkpt lat="60.134970" lon="22.245180"></trkpt><trkpt lat="60.126080" lon="22.234900"></trkpt><trkpt lat="60.118380" lon="22.224390"></trkpt><trkpt lat="60.111330" lon="22.221200"></trkpt><trkpt lat="60.104320" lon="22.213360"></trkpt><trkpt lat="60.094840" lon="22.223180"></trkpt><trkpt lat="60.084830" lon="22.221780"></trkpt><trkpt lat="60.083540" lon="22.207020"></trkpt><trkpt lat="60.072480" lon="22.205630"></trkpt><trkpt lat="60.061230" lon="22.204350"></trkpt><trkpt lat="60.053400" lon="22.198060"></trkpt><trkpt lat="60.061240" lon="22.206920"></trkpt><trkpt lat="60.051100" lon="22.200540"></trkpt><trkpt lat="60.044300" lon="22.193830"></trkpt><trkpt lat="60.050010" lon="22.207490"></trkpt><trkpt lat="60.058050" lon="22.218770"></trkpt><trkpt lat="60.065560" lon="22.224210"></trkpt><trkpt lat="60.074920" lon="22.227420"></trkpt><trkpt lat="60.082350" lon="22.237920"></trkpt><trkpt lat="60.072600" lon="22.230520"></trkpt><trkpt lat="60.079800" lon="22.241800"></trkpt><trkpt lat="60.091160" lon="22.250030"></trkpt><trkpt lat="60.087530" lon="22.262730"></trkpt><trkpt lat="60.080190" lon="22.260350"></trkpt><trkpt lat="60.087040" lon="22.272080"></trkpt><trkpt lat="60.094840" lon="22.275420"></trkpt><trkpt lat="60.104170" lon="22.285420"></trkpt><trkpt lat="60.111960" lon="22.292770"></trkpt><trkpt lat="60.102010" lon="22.289980"></trkpt><trkpt lat="60.110590" lon="22.289460"></trkpt><trkpt lat="60.120260" lon="22.295720"></trkpt><trkpt lat="60.125070" lon="22.311570"></trkpt><trkpt lat="60.132160" lon="22.316230"></trkpt><trkpt lat="60.141220" lon="22.318330"></trkpt><trkpt lat="60.147980" lon="22.327790"></trkpt><trkpt lat="60.157040" lon="22.338870"></trkpt><trkpt lat="60.165120" lon="22.352140"></trkpt><trkpt lat="60.167390" lon="22.365910"></trkpt><trkpt lat="60.153810" lon="22.380130"></trkpt><trkpt lat="60.160790" lon="22.390520"></trkpt><trkpt lat="60.170150" lon="22.395900"></trkpt><trkpt lat="60.175290" lon="22.408520"></trkpt><trkpt lat="60.183300" lon="22.412660"></trkpt><trkpt lat="60.177230" lon="22.403530"></trkpt><trkpt lat="60.151020" lon="22.402830"></trkpt><trkpt lat="60.156030" lon="22.414650"></trkpt><trkpt lat="60.148070" lon="22.412870"></trkpt><trkpt lat="60.155140" lon="22.419970"></trkpt><trkpt lat="60.161740" lon="22.429210"></trkpt><trkpt lat="60.153000" lon="22.413650"></trkpt><trkpt lat="60.151850" lon="22.428990"></trkpt><trkpt lat="60.158980" lon="22.432010"></trkpt><trkpt lat="60.168280" lon="22.440590"></trkpt><trkpt lat="60.152380" lon="22.444600"></trkpt><trkpt lat="60.162140" lon="22.444690"></trkpt><trkpt lat="60.153170" lon="22.439750"></trkpt><trkpt lat="60.162780" lon="22.450250"></trkpt><trkpt lat="60.172600" lon="22.453190"></trkpt><trkpt lat="60.183030" lon="22.459380"></trkpt><trkpt lat="60.190750" lon="22.462870"></trkpt><trkpt lat="60.199990" lon="22.479060"></trkpt><trkpt lat="60.192260" lon="22.475260"></trkpt><trkpt lat="60.181960" lon="22.475690"></trkpt><trkpt lat="60.194900" lon="22.484220"></trkpt><trkpt lat="60.202740" lon="22.476410"></trkpt><trkpt lat="60.214140" lon="22.481180"></trkpt><trkpt lat="60.215820" lon="22.497520"></trkpt><trkpt lat="60.231120" lon="22.504360"></trkpt><trkpt lat="60.253460" lon="22.520060"></trkpt><trkpt lat="60.260910" lon="22.527860"></trkpt><trkpt lat="60.269390" lon="22.526190"></trkpt><trkpt lat="60.267180" lon="22.505800"></trkpt><trkpt lat="60.259140" lon="22.497370"></trkpt><trkpt lat="60.267870" lon="22.501050"></trkpt><trkpt lat="60.269590" lon="22.516020"></trkpt><trkpt lat="60.251450" lon="22.505920"></trkpt><trkpt lat="60.240770" lon="22.495210"></trkpt><trkpt lat="60.242060" lon="22.478260"></trkpt><trkpt lat="60.215200" lon="22.478810"></trkpt><trkpt lat="60.207000" lon="22.470160"></trkpt><trkpt lat="60.199040" lon="22.464030"></trkpt><trkpt lat="60.207650" lon="22.473610"></trkpt><trkpt lat="60.212860" lon="22.492790"></trkpt><trkpt lat="60.205350" lon="22.488790"></trkpt><trkpt lat="60.213220" lon="22.489720"></trkpt><trkpt lat="60.238850" lon="22.499880"></trkpt><trkpt lat="60.231940" lon="22.495650"></trkpt><trkpt lat="60.225040" lon="22.482850"></trkpt><trkpt lat="60.216050" lon="22.471170"></trkpt><trkpt lat="60.225340" lon="22.471540"></trkpt><trkpt lat="60.234470" lon="22.476910"></trkpt><trkpt lat="60.243200" lon="22.496660"></trkpt><trkpt lat="60.233220" lon="22.493130"></trkpt><trkpt lat="60.215160" lon="22.487190"></trkpt><trkpt lat="60.216380" lon="22.471650"></trkpt><trkpt lat="60.223720" lon="22.485850"></trkpt><trkpt lat="60.230380" lon="22.493880"></trkpt><trkpt lat="60.235780" lon="22.506480"></trkpt><trkpt lat="60.251680" lon="22.511930"></trkpt><trkpt lat="60.260240" lon="22.517900"></trkpt><trkpt lat="60.271760" lon="22.518690"></trkpt><trkpt lat="60.279100" lon="22.525630"></trkpt><trkpt lat="60.269820" lon="22.521780"></trkpt><trkpt lat="60.263680" lon="22.512170"></trkpt><trkpt lat="60.255080" lon="22.501310"></trkpt><trkpt lat="60.247500" lon="22.498730"></trkpt><trkpt lat="60.238080" lon="22.489670"></trkpt><trkpt lat="60.231940" lon="22.480260"></trkpt><trkpt lat="60.223190" lon="22.473700"></trkpt><trkpt lat="60.216030" lon="22.466060"></trkpt><trkpt lat="60.206110" lon="22.461720"></trkpt><trkpt lat="60.199570" lon="22.452380"></trkpt><trkpt lat="60.193450" lon="22.442770"></trkpt><trkpt lat="60.182740" lon="22.432560"></trkpt><trkpt lat="60.193730" lon="22.428350"></trkpt><trkpt lat="60.187340" lon="22.416770"></trkpt><trkpt lat="60.185370" lon="22.400650"></trkpt><trkpt lat="60.176190" lon="22.404140"></trkpt><trkpt lat="60.168590" lon="22.389390"></trkpt><trkpt lat="60.179000" lon="22.390080"></trkpt><trkpt lat="60.165840" lon="22.385260"></trkpt><trkpt lat="60.176330" lon="22.380040"></trkpt><trkpt lat="60.175090" lon="22.395820"></trkpt><trkpt lat="60.169630" lon="22.405940"></trkpt><trkpt lat="60.177920" lon="22.395450"></trkpt><trkpt lat="60.185690" lon="22.396710"></trkpt><trkpt lat="60.184080" lon="22.364080"></trkpt><trkpt lat="60.176080" lon="22.359680"></trkpt><trkpt lat="60.170950" lon="22.348960"></trkpt><trkpt lat="60.158820" lon="22.336660"></trkpt><trkpt lat="60.167800" lon="22.344360"></trkpt><trkpt lat="60.183390" lon="22.342150"></trkpt><trkpt lat="60.189610" lon="22.354740"></trkpt><trkpt lat="60.185890" lon="22.341320"></trkpt><trkpt lat="60.178750" lon="22.333700"></trkpt><trkpt lat="60.172890" lon="22.319970"></trkpt><trkpt lat="60.163080" lon="22.319580"></trkpt><trkpt lat="60.153360" lon="22.314720"></trkpt><trkpt lat="60.157840" lon="22.328730"></trkpt><trkpt lat="60.147490" lon="22.326890"></trkpt><trkpt lat="60.140830" lon="22.309990"></trkpt><trkpt lat="60.134050" lon="22.291990"></trkpt><trkpt lat="60.125290" lon="22.282960"></trkpt><trkpt lat="60.120620" lon="22.268950"></trkpt><trkpt lat="60.109510" lon="22.259380"></trkpt><trkpt lat="60.100090" lon="22.252240"></trkpt><trkpt lat="60.092410" lon="22.230950"></trkpt><trkpt lat="60.080930" lon="22.226090"></trkpt><trkpt lat="60.073430" lon="22.211580"></trkpt><trkpt lat="60.066670" lon="22.203390"></trkpt><trkpt lat="60.058220" lon="22.193850"></trkpt><trkpt lat="60.051730" lon="22.182680"></trkpt><trkpt lat="60.042220" lon="22.174980"></trkpt><trkpt lat="60.029690" lon="22.175420"></trkpt><trkpt lat="60.021960" lon="22.169430"></trkpt><trkpt lat="60.014340" lon="22.164450"></trkpt><trkpt lat="59.991960" lon="22.165850"></trkpt><trkpt lat="59.983010" lon="22.160440"></trkpt><trkpt lat="59.990400" lon="22.166020"></trkpt><trkpt lat="59.981630" lon="22.160420"></trkpt><trkpt lat="59.968700" lon="22.150190"></trkpt><trkpt lat="59.961060" lon="22.141510"></trkpt><trkpt lat="59.953150" lon="22.134930"></trkpt><trkpt lat="59.945380" lon="22.128060"></trkpt><trkpt lat="59.938330" lon="22.120920"></trkpt><trkpt lat="59.928050" lon="22.113650"></trkpt><trkpt lat="59.924960" lon="22.098660"></trkpt><trkpt lat="59.917350" lon="22.095470"></trkpt><trkpt lat="59.909750" lon="22.087960"></trkpt><trkpt lat="59.900090" lon="22.082170"></trkpt><trkpt lat="59.891210" lon="22.078430"></trkpt><trkpt lat="59.885100" lon="22.068190"></trkpt><trkpt lat="59.871840" lon="22.065860"></trkpt><trkpt lat="59.866820" lon="22.047250"></trkpt><trkpt lat="59.858030" lon="22.039450"></trkpt><trkpt lat="59.835870" lon="22.043280"></trkpt><trkpt lat="59.827660" lon="22.029590"></trkpt><trkpt lat="59.820220" lon="22.025700"></trkpt><trkpt lat="59.815210" lon="22.012690"></trkpt><trkpt lat="59.806820" lon="22.010710"></trkpt><trkpt lat="59.792930" lon="22.005660"></trkpt><trkpt lat="59.779520" lon="22.001650"></trkpt><trkpt lat="59.771510" lon="21.993030"></trkpt><trkpt lat="59.761390" lon="21.985590"></trkpt><trkpt lat="59.753220" lon="21.978780"></trkpt><trkpt lat="59.746590" lon="21.964580"></trkpt><trkpt lat="59.735030" lon="21.953110"></trkpt><trkpt lat="59.720140" lon="21.947280"></trkpt><trkpt lat="59.717860" lon="21.931440"></trkpt><trkpt lat="59.707780" lon="21.905970"></trkpt><trkpt lat="59.687670" lon="21.900890"></trkpt><trkpt lat="59.676990" lon="21.893270"></trkpt><trkpt lat="59.672680" lon="21.907170"></trkpt><trkpt lat="59.662630" lon="21.907160"></trkpt><trkpt lat="59.670610" lon="21.902730"></trkpt><trkpt lat="59.661800" lon="21.904870"></trkpt><trkpt lat="59.667630" lon="21.890510"></trkpt><trkpt lat="59.639730" lon="21.900040"></trkpt><trkpt lat="59.644590" lon="21.882530"></trkpt><trkpt lat="59.609680" lon="21.891410"></trkpt><trkpt lat="59.617460" lon="21.861430"></trkpt><trkpt lat="59.617440" lon="21.884920"></trkpt><trkpt lat="59.524300" lon="21.884860"></trkpt><trkpt lat="59.529770" lon="21.895750"></trkpt><trkpt lat="59.544670" lon="21.898240"></trkpt><trkpt lat="59.544110" lon="21.882540"></trkpt><trkpt lat="59.544100" lon="21.943650"></trkpt><trkpt lat="59.421030" lon="21.943550"></trkpt><trkpt lat="59.525900" lon="21.722360"></trkpt><trkpt lat="59.525740" lon="21.895070"></trkpt><trkpt lat="59.166470" lon="21.894800"></trkpt><trkpt lat="59.210660" lon="21.809370"></trkpt><trkpt lat="59.210590" lon="21.858500"></trkpt><trkpt lat="59.103300" lon="21.858420"></trkpt><trkpt lat="59.115110" lon="21.830170"></trkpt><trkpt lat="59.121890" lon="21.843320"></trkpt><trkpt lat="59.130700" lon="21.845430"></trkpt><trkpt lat="59.122110" lon="21.842920"></trkpt><trkpt lat="59.132690" lon="21.847750"></trkpt><trkpt lat="59.122570" lon="21.839630"></trkpt><trkpt lat="59.151820" lon="21.839470"></trkpt><trkpt lat="59.123060" lon="21.835960"></trkpt><trkpt lat="59.118490" lon="21.822990"></trkpt><trkpt lat="59.112520" lon="21.814170"></trkpt><trkpt lat="59.103980" lon="21.822690"></trkpt><trkpt lat="59.095800" lon="21.809620"></trkpt><trkpt lat="59.107550" lon="21.820040"></trkpt><trkpt lat="59.098170" lon="21.812770"></trkpt><trkpt lat="59.096480" lon="21.830150"></trkpt><trkpt lat="59.084940" lon="21.826280"></trkpt><trkpt lat="59.078080" lon="21.817350"></trkpt><trkpt lat="59.071910" lon="21.805650"></trkpt><trkpt lat="59.090350" lon="21.811200"></trkpt><trkpt lat="59.093780" lon="21.829030"></trkpt><trkpt lat="59.085730" lon="21.830030"></trkpt><trkpt lat="59.075740" lon="21.826430"></trkpt><trkpt lat="59.083840" lon="21.835620"></trkpt><trkpt lat="59.076180" lon="21.842670"></trkpt><trkpt lat="59.083340" lon="21.850130"></trkpt><trkpt lat="59.087790" lon="21.863260"></trkpt><trkpt lat="59.117790" lon="21.866460"></trkpt><trkpt lat="59.092520" lon="21.873000"></trkpt><trkpt lat="59.101730" lon="21.883310"></trkpt><trkpt lat="59.088220" lon="21.881410"></trkpt><trkpt lat="59.099530" lon="21.876730"></trkpt><trkpt lat="59.122560" lon="21.883430"></trkpt><trkpt lat="59.141050" lon="21.895730"></trkpt><trkpt lat="59.125470" lon="21.888790"></trkpt><trkpt lat="59.126770" lon="21.870870"></trkpt><trkpt lat="59.132210" lon="21.880890"></trkpt><trkpt lat="59.141260" lon="21.882710"></trkpt><trkpt lat="59.156830" lon="21.891180"></trkpt><trkpt lat="59.144950" lon="21.900350"></trkpt><trkpt lat="59.156460" lon="21.897900"></trkpt><trkpt lat="59.136550" lon="21.892770"></trkpt><trkpt lat="59.146860" lon="21.882350"></trkpt><trkpt lat="59.146030" lon="21.905060"></trkpt><trkpt lat="59.152870" lon="21.919080"></trkpt><trkpt lat="59.155230" lon="21.941430"></trkpt><trkpt lat="59.144040" lon="21.940400"></trkpt><trkpt lat="59.131640" lon="21.926450"></trkpt><trkpt lat="59.119960" lon="21.915880"></trkpt><trkpt lat="59.111560" lon="21.915470"></trkpt><trkpt lat="59.122470" lon="21.909980"></trkpt><trkpt lat="59.129810" lon="21.921160"></trkpt><trkpt lat="59.122620" lon="21.922160"></trkpt><trkpt lat="59.130200" lon="21.932670"></trkpt><trkpt lat="59.137560" lon="21.938290"></trkpt><trkpt lat="59.143450" lon="21.949520"></trkpt><trkpt lat="59.150840" lon="21.953040"></trkpt><trkpt lat="59.168290" lon="21.955950"></trkpt><trkpt lat="59.178030" lon="21.963920"></trkpt><trkpt lat="59.181560" lon="21.998590"></trkpt><trkpt lat="59.173640" lon="22.004730"></trkpt><trkpt lat="59.181970" lon="22.011500"></trkpt><trkpt lat="59.172990" lon="22.013420"></trkpt><trkpt lat="59.175570" lon="22.031980"></trkpt><trkpt lat="59.198820" lon="22.031920"></trkpt><trkpt lat="59.196970" lon="22.011460"></trkpt><trkpt lat="59.167000" lon="22.014110"></trkpt><trkpt lat="59.180630" lon="22.009490"></trkpt><trkpt lat="59.187870" lon="22.018370"></trkpt><trkpt lat="59.188100" lon="22.004000"></trkpt><trkpt lat="59.179640" lon="22.004050"></trkpt><trkpt lat="59.188610" lon="22.011200"></trkpt><trkpt lat="59.196440" lon="22.015590"></trkpt><trkpt lat="59.190100" lon="22.026620"></trkpt><trkpt lat="59.197580" lon="22.032230"></trkpt><trkpt lat="59.207810" lon="22.036060"></trkpt><trkpt lat="59.217110" lon="22.045910"></trkpt><trkpt lat="59.226780" lon="22.049940"></trkpt><trkpt lat="59.218150" lon="22.041840"></trkpt><trkpt lat="59.226450" lon="22.042880"></trkpt><trkpt lat="59.239610" lon="22.046440"></trkpt><trkpt lat="59.247520" lon="22.050210"></trkpt><trkpt lat="59.240580" lon="22.035670"></trkpt><trkpt lat="59.245770" lon="22.047300"></trkpt><trkpt lat="59.252410" lon="22.058050"></trkpt><trkpt lat="59.247330" lon="22.069210"></trkpt><trkpt lat="59.231080" lon="22.082880"></trkpt><trkpt lat="59.239640" lon="22.090490"></trkpt><trkpt lat="59.247680" lon="22.102430"></trkpt><trkpt lat="59.254460" lon="22.111000"></trkpt><trkpt lat="59.262560" lon="22.122940"></trkpt><trkpt lat="59.270440" lon="22.123500"></trkpt><trkpt lat="59.277390" lon="22.128610"></trkpt><trkpt lat="59.286790" lon="22.133520"></trkpt><trkpt lat="59.304650" lon="22.123530"></trkpt><trkpt lat="59.317410" lon="22.117210"></trkpt><trkpt lat="59.309330" lon="22.116930"></trkpt><trkpt lat="59.303800" lon="22.102690"></trkpt><trkpt lat="59.296800" lon="22.089030"></trkpt><trkpt lat="59.305230" lon="22.090460"></trkpt><trkpt lat="59.313120" lon="22.101260"></trkpt><trkpt lat="59.305750" lon="22.108870"></trkpt><trkpt lat="59.313810" lon="22.106860"></trkpt><trkpt lat="59.324460" lon="22.118110"></trkpt><trkpt lat="59.331710" lon="22.106740"></trkpt><trkpt lat="59.321280" lon="22.100090"></trkpt><trkpt lat="59.313930" lon="22.101100"></trkpt><trkpt lat="59.323480" lon="22.099170"></trkpt><trkpt lat="59.316740" lon="22.082250"></trkpt><trkpt lat="59.326870" lon="22.084820"></trkpt><trkpt lat="59.316160" lon="22.080160"></trkpt><trkpt lat="59.325530" lon="22.087140"></trkpt><trkpt lat="59.332100" lon="22.077240"></trkpt><trkpt lat="59.342770" lon="22.084600"></trkpt><trkpt lat="59.332880" lon="22.079270"></trkpt><trkpt lat="59.340520" lon="22.075390"></trkpt><trkpt lat="59.344760" lon="22.088370"></trkpt><trkpt lat="59.355820" lon="22.088650"></trkpt><trkpt lat="59.347890" lon="22.087580"></trkpt><trkpt lat="59.360230" lon="22.090430"></trkpt><trkpt lat="59.353690" lon="22.080180"></trkpt><trkpt lat="59.346730" lon="22.072670"></trkpt><trkpt lat="59.356420" lon="22.076590"></trkpt><trkpt lat="59.346640" lon="22.077150"></trkpt><trkpt lat="59.352550" lon="22.068570"></trkpt><trkpt lat="59.337830" lon="22.078970"></trkpt><trkpt lat="59.329700" lon="22.066300"></trkpt><trkpt lat="59.340780" lon="22.065030"></trkpt><trkpt lat="59.348210" lon="22.067740"></trkpt><trkpt lat="59.357200" lon="22.069310"></trkpt><trkpt lat="59.362500" lon="22.053960"></trkpt><trkpt lat="59.382620" lon="22.053980"></trkpt><trkpt lat="59.372730" lon="22.047890"></trkpt><trkpt lat="59.366330" lon="22.034430"></trkpt><trkpt lat="59.359120" lon="22.025840"></trkpt><trkpt lat="59.352500" lon="22.018950"></trkpt><trkpt lat="59.342660" lon="22.010530"></trkpt><trkpt lat="59.331520" lon="22.001070"></trkpt><trkpt lat="59.324430" lon="21.990980"></trkpt><trkpt lat="59.331800" lon="21.988520"></trkpt><trkpt lat="59.335910" lon="21.976230"></trkpt><trkpt lat="59.324160" lon="21.976210"></trkpt><trkpt lat="59.332780" lon="21.979690"></trkpt><trkpt lat="59.324270" lon="21.969050"></trkpt><trkpt lat="59.340230" lon="21.969390"></trkpt><trkpt lat="59.335590" lon="21.950680"></trkpt><trkpt lat="59.340980" lon="21.962450"></trkpt><trkpt lat="59.330980" lon="21.962460"></trkpt><trkpt lat="59.338490" lon="21.955470"></trkpt><trkpt lat="59.342940" lon="21.970910"></trkpt><trkpt lat="59.334600" lon="21.970970"></trkpt><trkpt lat="59.326100" lon="21.964960"></trkpt><trkpt lat="59.335120" lon="21.966820"></trkpt><trkpt lat="59.321940" lon="21.966580"></trkpt><trkpt lat="59.334320" lon="21.968240"></trkpt><trkpt lat="59.341830" lon="21.971110"></trkpt><trkpt lat="59.338450" lon="21.955310"></trkpt><trkpt lat="59.350800" lon="21.964540"></trkpt><trkpt lat="59.344980" lon="21.954770"></trkpt><trkpt lat="59.359170" lon="21.961370"></trkpt><trkpt lat="59.349500" lon="21.954250"></trkpt><trkpt lat="59.357630" lon="21.957950"></trkpt><trkpt lat="59.360410" lon="21.938200"></trkpt><trkpt lat="59.377300" lon="21.938320"></trkpt><trkpt lat="59.369130" lon="21.929580"></trkpt><trkpt lat="59.359520" lon="21.929660"></trkpt><trkpt lat="59.352220" lon="21.922250"></trkpt><trkpt lat="59.345030" lon="21.916230"></trkpt><trkpt lat="59.339100" lon="21.900470"></trkpt><trkpt lat="59.346180" lon="21.904880"></trkpt><trkpt lat="59.356160" lon="21.907030"></trkpt><trkpt lat="59.349560" lon="21.897150"></trkpt><trkpt lat="59.342340" lon="21.909820"></trkpt><trkpt lat="59.333440" lon="21.897100"></trkpt><trkpt lat="59.342410" lon="21.897650"></trkpt><trkpt lat="59.329690" lon="21.895160"></trkpt><trkpt lat="59.317800" lon="21.887440"></trkpt><trkpt lat="59.310520" lon="21.886890"></trkpt><trkpt lat="59.317580" lon="21.898260"></trkpt><trkpt lat="59.295730" lon="21.896060"></trkpt><trkpt lat="59.303740" lon="21.894520"></trkpt><trkpt lat="59.318230" lon="21.886670"></trkpt><trkpt lat="59.311370" lon="21.875430"></trkpt><trkpt lat="59.300370" lon="21.875230"></trkpt><trkpt lat="59.316610" lon="21.866380"></trkpt><trkpt lat="59.309060" lon="21.860440"></trkpt><trkpt lat="59.295260" lon="21.858560"></trkpt><trkpt lat="59.284900" lon="21.852770"></trkpt><trkpt lat="59.288300" lon="21.872870"></trkpt><trkpt lat="59.297550" lon="21.885870"></trkpt><trkpt lat="59.302720" lon="21.869560"></trkpt><trkpt lat="59.316190" lon="21.883320"></trkpt><trkpt lat="59.329820" lon="21.875690"></trkpt><trkpt lat="59.323860" lon="21.866380"></trkpt><trkpt lat="59.324120" lon="21.882290"></trkpt><trkpt lat="59.314890" lon="21.882320"></trkpt><trkpt lat="59.322430" lon="21.887750"></trkpt><trkpt lat="59.324580" lon="21.910550"></trkpt><trkpt lat="59.332030" lon="21.907320"></trkpt><trkpt lat="59.340580" lon="21.919510"></trkpt><trkpt lat="59.326830" lon="21.919680"></trkpt><trkpt lat="59.333300" lon="21.927150"></trkpt><trkpt lat="59.341750" lon="21.931910"></trkpt><trkpt lat="59.348650" lon="21.940290"></trkpt><trkpt lat="59.355460" lon="21.952200"></trkpt><trkpt lat="59.359930" lon="21.963360"></trkpt><trkpt lat="59.373590" lon="21.940400"></trkpt><trkpt lat="59.381390" lon="21.948340"></trkpt><trkpt lat="59.391140" lon="21.956220"></trkpt><trkpt lat="59.399870" lon="21.963780"></trkpt><trkpt lat="59.408820" lon="21.969600"></trkpt><trkpt lat="59.414180" lon="21.980500"></trkpt><trkpt lat="59.424260" lon="21.996110"></trkpt><trkpt lat="59.433140" lon="22.001430"></trkpt><trkpt lat="59.414210" lon="22.013970"></trkpt><trkpt lat="59.407890" lon="22.026660"></trkpt><trkpt lat="59.399740" lon="22.015680"></trkpt><trkpt lat="59.388010" lon="22.011030"></trkpt><trkpt lat="59.379710" lon="22.005630"></trkpt><trkpt lat="59.391940" lon="22.022310"></trkpt><trkpt lat="59.399910" lon="22.015070"></trkpt><trkpt lat="59.406060" lon="22.034640"></trkpt><trkpt lat="59.414890" lon="22.042470"></trkpt><trkpt lat="59.423630" lon="22.050620"></trkpt><trkpt lat="59.415980" lon="22.049210"></trkpt><trkpt lat="59.408740" lon="22.061120"></trkpt><trkpt lat="59.424910" lon="22.053600"></trkpt><trkpt lat="59.414980" lon="22.047050"></trkpt><trkpt lat="59.404980" lon="22.038800"></trkpt><trkpt lat="59.418320" lon="22.051530"></trkpt><trkpt lat="59.406800" lon="22.056910"></trkpt><trkpt lat="59.414510" lon="22.053100"></trkpt><trkpt lat="59.408460" lon="22.068920"></trkpt><trkpt lat="59.403430" lon="22.056330"></trkpt><trkpt lat="59.391120" lon="22.050890"></trkpt><trkpt lat="59.399250" lon="22.050340"></trkpt><trkpt lat="59.399960" lon="22.065000"></trkpt><trkpt lat="59.411450" lon="22.054210"></trkpt><trkpt lat="59.420330" lon="22.059420"></trkpt><trkpt lat="59.412500" lon="22.059160"></trkpt><trkpt lat="59.417110" lon="22.070100"></trkpt><trkpt lat="59.425450" lon="22.079600"></trkpt><trkpt lat="59.426320" lon="22.094610"></trkpt><trkpt lat="59.434880" lon="22.098330"></trkpt><trkpt lat="59.442240" lon="22.108330"></trkpt><trkpt lat="59.464500" lon="22.118870"></trkpt><trkpt lat="59.459520" lon="22.108090"></trkpt><trkpt lat="59.469040" lon="22.102390"></trkpt><trkpt lat="59.476760" lon="22.106980"></trkpt><trkpt lat="59.483280" lon="22.116300"></trkpt><trkpt lat="59.490730" lon="22.115530"></trkpt><trkpt lat="59.505570" lon="22.115790"></trkpt><trkpt lat="59.512490" lon="22.121560"></trkpt><trkpt lat="59.506730" lon="22.101480"></trkpt><trkpt lat="59.502050" lon="22.085040"></trkpt><trkpt lat="59.513460" lon="22.080270"></trkpt><trkpt lat="59.514140" lon="22.095670"></trkpt><trkpt lat="59.502670" lon="22.093140"></trkpt><trkpt lat="59.517440" lon="22.093070"></trkpt><trkpt lat="59.520810" lon="22.115560"></trkpt><trkpt lat="59.506950" lon="22.109990"></trkpt><trkpt lat="59.499070" lon="22.104170"></trkpt><trkpt lat="59.491520" lon="22.085590"></trkpt><trkpt lat="59.481480" lon="22.078680"></trkpt><trkpt lat="59.488870" lon="22.090560"></trkpt><trkpt lat="59.500710" lon="22.090670"></trkpt><trkpt lat="59.509020" lon="22.095500"></trkpt><trkpt lat="59.513270" lon="22.114710"></trkpt><trkpt lat="59.504200" lon="22.119440"></trkpt><trkpt lat="59.497130" lon="22.099380"></trkpt><trkpt lat="59.506470" lon="22.112940"></trkpt><trkpt lat="59.491890" lon="22.112620"></trkpt><trkpt lat="59.482920" lon="22.109170"></trkpt><trkpt lat="59.492740" lon="22.101770"></trkpt><trkpt lat="59.500120" lon="22.104600"></trkpt><trkpt lat="59.524190" lon="22.104770"></trkpt><trkpt lat="59.513040" lon="22.096740"></trkpt><trkpt lat="59.522170" lon="22.087250"></trkpt><trkpt lat="59.532460" lon="22.094670"></trkpt><trkpt lat="59.541850" lon="22.102700"></trkpt><trkpt lat="59.549580" lon="22.108580"></trkpt><trkpt lat="59.557040" lon="22.117970"></trkpt><trkpt lat="59.568930" lon="22.122310"></trkpt><trkpt lat="59.578080" lon="22.127120"></trkpt><trkpt lat="59.569670" lon="22.124760"></trkpt><trkpt lat="59.577890" lon="22.144480"></trkpt><trkpt lat="59.569390" lon="22.144800"></trkpt><trkpt lat="59.578320" lon="22.154190"></trkpt><trkpt lat="59.586870" lon="22.157620"></trkpt><trkpt lat="59.593800" lon="22.163620"></trkpt><trkpt lat="59.600010" lon="22.175010"></trkpt><trkpt lat="59.608620" lon="22.180800"></trkpt><trkpt lat="59.617180" lon="22.193420"></trkpt><trkpt lat="59.623470" lon="22.206260"></trkpt><trkpt lat="59.632880" lon="22.206870"></trkpt><trkpt lat="59.635080" lon="22.220870"></trkpt><trkpt lat="59.645330" lon="22.228350"></trkpt><trkpt lat="59.660960" lon="22.233580"></trkpt><trkpt lat="59.668750" lon="22.245350"></trkpt><trkpt lat="59.693020" lon="22.249370"></trkpt><trkpt lat="59.699700" lon="22.255590"></trkpt><trkpt lat="59.709250" lon="22.266390"></trkpt><trkpt lat="59.717800" lon="22.273550"></trkpt><trkpt lat="59.726990" lon="22.276350"></trkpt><trkpt lat="59.718860" lon="22.267810"></trkpt><trkpt lat="59.713170" lon="22.257180"></trkpt><trkpt lat="59.701710" lon="22.255920"></trkpt><trkpt lat="59.691970" lon="22.248210"></trkpt><trkpt lat="59.701170" lon="22.250030"></trkpt><trkpt lat="59.733930" lon="22.250220"></trkpt><trkpt lat="59.726940" lon="22.242500"></trkpt><trkpt lat="59.716460" lon="22.228450"></trkpt><trkpt lat="59.704900" lon="22.216920"></trkpt><trkpt lat="59.713250" lon="22.211300"></trkpt><trkpt lat="59.719800" lon="22.222320"></trkpt><trkpt lat="59.724910" lon="22.209940"></trkpt><trkpt lat="59.716970" lon="22.219530"></trkpt><trkpt lat="59.706890" lon="22.212160"></trkpt><trkpt lat="59.695300" lon="22.208070"></trkpt><trkpt lat="59.689380" lon="22.190160"></trkpt><trkpt lat="59.705200" lon="22.194520"></trkpt><trkpt lat="59.712270" lon="22.206320"></trkpt><trkpt lat="59.722730" lon="22.218680"></trkpt><trkpt lat="59.710290" lon="22.217670"></trkpt><trkpt lat="59.718240" lon="22.224010"></trkpt><trkpt lat="59.712440" lon="22.212780"></trkpt><trkpt lat="59.720870" lon="22.216220"></trkpt><trkpt lat="59.728470" lon="22.215760"></trkpt><trkpt lat="59.736150" lon="22.219850"></trkpt><trkpt lat="59.742720" lon="22.226470"></trkpt><trkpt lat="59.750480" lon="22.231740"></trkpt><trkpt lat="59.759960" lon="22.202150"></trkpt><trkpt lat="59.752650" lon="22.202680"></trkpt><trkpt lat="59.745870" lon="22.189570"></trkpt><trkpt lat="59.752460" lon="22.195600"></trkpt><trkpt lat="59.756570" lon="22.207570"></trkpt><trkpt lat="59.765890" lon="22.212350"></trkpt><trkpt lat="59.755510" lon="22.212980"></trkpt><trkpt lat="59.763030" lon="22.217950"></trkpt><trkpt lat="59.770630" lon="22.219240"></trkpt><trkpt lat="59.780150" lon="22.221090"></trkpt><trkpt lat="59.787330" lon="22.219120"></trkpt><trkpt lat="59.795760" lon="22.228690"></trkpt><trkpt lat="59.801200" lon="22.246140"></trkpt><trkpt lat="59.791240" lon="22.239450"></trkpt><trkpt lat="59.782900" lon="22.236230"></trkpt><trkpt lat="59.805850" lon="22.245620"></trkpt><trkpt lat="59.794980" lon="22.243300"></trkpt><trkpt lat="59.785290" lon="22.249210"></trkpt><trkpt lat="59.783800" lon="22.230420"></trkpt><trkpt lat="59.790160" lon="22.244010"></trkpt><trkpt lat="59.783770" lon="22.231350"></trkpt><trkpt lat="59.769890" lon="22.237630"></trkpt><trkpt lat="59.754970" lon="22.246480"></trkpt><trkpt lat="59.763160" lon="22.245750"></trkpt><trkpt lat="59.779060" lon="22.258470"></trkpt><trkpt lat="59.766750" lon="22.252140"></trkpt><trkpt lat="59.758750" lon="22.245300"></trkpt><trkpt lat="59.781410" lon="22.252400"></trkpt><trkpt lat="59.774920" lon="22.263920"></trkpt><trkpt lat="59.780660" lon="22.253650"></trkpt><trkpt lat="59.771580" lon="22.252440"></trkpt><trkpt lat="59.780150" lon="22.265380"></trkpt><trkpt lat="59.788480" lon="22.269290"></trkpt><trkpt lat="59.779790" lon="22.265670"></trkpt><trkpt lat="59.771220" lon="22.264710"></trkpt><trkpt lat="59.763940" lon="22.266610"></trkpt><trkpt lat="59.757910" lon="22.256950"></trkpt><trkpt lat="59.744930" lon="22.245770"></trkpt><trkpt lat="59.755120" lon="22.245040"></trkpt><trkpt lat="59.746140" lon="22.238250"></trkpt><trkpt lat="59.733260" lon="22.224820"></trkpt><trkpt lat="59.725480" lon="22.216910"></trkpt><trkpt lat="59.705880" lon="22.212050"></trkpt><trkpt lat="59.696760" lon="22.204850"></trkpt><trkpt lat="59.690060" lon="22.196390"></trkpt><trkpt lat="59.678590" lon="22.195820"></trkpt><trkpt lat="59.669890" lon="22.189390"></trkpt><trkpt lat="59.661150" lon="22.180940"></trkpt><trkpt lat="59.654830" lon="22.171610"></trkpt><trkpt lat="59.648460" lon="22.158130"></trkpt><trkpt lat="59.642610" lon="22.147760"></trkpt><trkpt lat="59.631800" lon="22.138730"></trkpt><trkpt lat="59.623340" lon="22.133730"></trkpt><trkpt lat="59.618660" lon="22.121730"></trkpt><trkpt lat="59.610780" lon="22.121550"></trkpt><trkpt lat="59.601850" lon="22.112020"></trkpt><trkpt lat="59.595480" lon="22.096480"></trkpt><trkpt lat="59.603980" lon="22.096320"></trkpt><trkpt lat="59.597490" lon="22.085450"></trkpt><trkpt lat="59.589500" lon="22.085360"></trkpt><trkpt lat="59.582600" lon="22.076690"></trkpt><trkpt lat="59.574790" lon="22.071470"></trkpt><trkpt lat="59.564970" lon="22.062210"></trkpt><trkpt lat="59.558100" lon="22.050770"></trkpt><trkpt lat="59.549230" lon="22.044710"></trkpt><trkpt lat="59.539960" lon="22.042960"></trkpt><trkpt lat="59.537070" lon="22.024170"></trkpt><trkpt lat="59.554830" lon="22.025440"></trkpt><trkpt lat="59.548940" lon="22.010520"></trkpt><trkpt lat="59.539180" lon="22.000540"></trkpt><trkpt lat="59.531220" lon="21.995010"></trkpt><trkpt lat="59.523070" lon="21.989620"></trkpt><trkpt lat="59.514950" lon="21.990100"></trkpt><trkpt lat="59.507140" lon="21.984880"></trkpt><trkpt lat="59.499020" lon="21.975170"></trkpt><trkpt lat="59.489640" lon="21.973870"></trkpt><trkpt lat="59.481400" lon="21.972740"></trkpt><trkpt lat="59.474540" lon="21.966720"></trkpt><trkpt lat="59.466370" lon="21.963910"></trkpt><trkpt lat="59.459560" lon="21.954270"></trkpt><trkpt lat="59.469220" lon="21.948240"></trkpt><trkpt lat="59.456990" lon="21.942780"></trkpt><trkpt lat="59.448640" lon="21.934070"></trkpt><trkpt lat="59.453470" lon="21.950530"></trkpt><trkpt lat="59.459040" lon="21.966950"></trkpt><trkpt lat="59.466530" lon="21.968340"></trkpt><trkpt lat="59.453440" lon="21.973070"></trkpt><trkpt lat="59.444210" lon="21.992370"></trkpt><trkpt lat="59.429420" lon="21.980650"></trkpt><trkpt lat="59.421650" lon="21.971620"></trkpt><trkpt lat="59.414280" lon="21.966550"></trkpt><trkpt lat="59.405560" lon="21.958700"></trkpt><trkpt lat="59.397490" lon="21.947690"></trkpt><trkpt lat="59.390110" lon="21.939610"></trkpt><trkpt lat="59.383140" lon="21.932520"></trkpt><trkpt lat="59.383120" lon="21.915490"></trkpt><trkpt lat="59.400010" lon="21.915610"></trkpt><trkpt lat="59.408450" lon="21.914820"></trkpt><trkpt lat="59.398500" lon="21.905620"></trkpt><trkpt lat="59.393160" lon="21.893570"></trkpt><trkpt lat="59.378110" lon="21.893950"></trkpt><trkpt lat="59.368270" lon="21.890710"></trkpt><trkpt lat="59.378220" lon="21.897370"></trkpt><trkpt lat="59.364110" lon="21.896500"></trkpt><trkpt lat="59.354650" lon="21.884020"></trkpt><trkpt lat="59.338750" lon="21.881080"></trkpt><trkpt lat="59.346610" lon="21.880030"></trkpt><trkpt lat="59.337520" lon="21.875090"></trkpt><trkpt lat="59.342380" lon="21.863160"></trkpt><trkpt lat="59.336150" lon="21.855760"></trkpt><trkpt lat="59.340120" lon="21.869010"></trkpt><trkpt lat="59.331710" lon="21.863580"></trkpt><trkpt lat="59.319740" lon="21.854590"></trkpt><trkpt lat="59.348070" lon="21.859860"></trkpt><trkpt lat="59.347790" lon="21.881590"></trkpt><trkpt lat="59.326670" lon="21.880190"></trkpt><trkpt lat="59.327850" lon="21.861820"></trkpt><trkpt lat="59.335930" lon="21.862670"></trkpt><trkpt lat="59.325600" lon="21.859220"></trkpt><trkpt lat="59.334310" lon="21.857910"></trkpt><trkpt lat="59.327770" lon="21.821440"></trkpt><trkpt lat="59.335970" lon="21.819020"></trkpt><trkpt lat="59.327860" lon="21.811350"></trkpt><trkpt lat="59.301720" lon="21.804920"></trkpt><trkpt lat="59.293660" lon="21.797630"></trkpt><trkpt lat="59.287300" lon="21.788180"></trkpt><trkpt lat="59.279540" lon="21.779950"></trkpt><trkpt lat="59.272260" lon="21.771020"></trkpt><trkpt lat="59.281570" lon="21.769260"></trkpt><trkpt lat="59.274410" lon="21.760160"></trkpt><trkpt lat="59.265090" lon="21.754420"></trkpt><trkpt lat="59.280330" lon="21.753910"></trkpt><trkpt lat="59.271800" lon="21.759730"></trkpt><trkpt lat="59.273130" lon="21.774180"></trkpt><trkpt lat="59.283500" lon="21.774240"></trkpt><trkpt lat="59.297370" lon="21.786520"></trkpt><trkpt lat="59.275840" lon="21.800720"></trkpt><trkpt lat="59.261920" lon="21.793570"></trkpt><trkpt lat="59.273610" lon="21.791040"></trkpt><trkpt lat="59.268260" lon="21.774570"></trkpt><trkpt lat="59.274410" lon="21.787590"></trkpt><trkpt lat="59.260930" lon="21.785810"></trkpt><trkpt lat="59.252690" lon="21.770120"></trkpt><trkpt lat="59.249000" lon="21.756470"></trkpt><trkpt lat="59.258550" lon="21.754420"></trkpt><trkpt lat="59.264810" lon="21.769010"></trkpt><trkpt lat="59.259460" lon="21.756810"></trkpt><trkpt lat="59.251820" lon="21.731210"></trkpt><trkpt lat="59.243750" lon="21.717940"></trkpt><trkpt lat="59.251570" lon="21.715910"></trkpt><trkpt lat="59.240380" lon="21.717730"></trkpt><trkpt lat="59.246150" lon="21.728820"></trkpt><trkpt lat="59.253860" lon="21.751850"></trkpt><trkpt lat="59.261840" lon="21.759490"></trkpt><trkpt lat="59.268370" lon="21.771300"></trkpt><trkpt lat="59.261160" lon="21.769210"></trkpt><trkpt lat="59.258890" lon="21.754760"></trkpt><trkpt lat="59.241580" lon="21.756610"></trkpt><trkpt lat="59.249340" lon="21.756400"></trkpt><trkpt lat="59.253030" lon="21.770550"></trkpt><trkpt lat="59.262300" lon="21.775470"></trkpt><trkpt lat="59.270020" lon="21.785630"></trkpt><trkpt lat="59.260180" lon="21.788450"></trkpt><trkpt lat="59.270700" lon="21.793630"></trkpt><trkpt lat="59.298980" lon="21.797990"></trkpt><trkpt lat="59.284250" lon="21.785960"></trkpt><trkpt lat="59.273470" lon="21.774080"></trkpt><trkpt lat="59.272710" lon="21.754010"></trkpt><trkpt lat="59.283500" lon="21.758820"></trkpt><trkpt lat="59.265160" lon="21.755340"></trkpt><trkpt lat="59.273420" lon="21.759030"></trkpt><trkpt lat="59.280760" lon="21.770210"></trkpt><trkpt lat="59.273570" lon="21.771210"></trkpt><trkpt lat="59.281150" lon="21.781720"></trkpt><trkpt lat="59.288510" lon="21.787340"></trkpt><trkpt lat="59.294070" lon="21.798900"></trkpt><trkpt lat="59.301460" lon="21.802420"></trkpt><trkpt lat="59.318910" lon="21.805330"></trkpt><trkpt lat="59.328650" lon="21.813300"></trkpt><trkpt lat="59.332180" lon="21.847970"></trkpt><trkpt lat="59.324260" lon="21.854110"></trkpt><trkpt lat="59.332590" lon="21.860880"></trkpt><trkpt lat="59.323610" lon="21.862800"></trkpt><trkpt lat="59.326190" lon="21.881360"></trkpt><trkpt lat="59.349440" lon="21.881300"></trkpt><trkpt lat="59.347590" lon="21.860840"></trkpt><trkpt lat="59.317620" lon="21.863490"></trkpt><trkpt lat="59.331250" lon="21.858870"></trkpt><trkpt lat="59.338490" lon="21.867750"></trkpt><trkpt lat="59.338720" lon="21.853380"></trkpt><trkpt lat="59.330260" lon="21.853430"></trkpt><trkpt lat="59.339230" lon="21.860580"></trkpt><trkpt lat="59.347060" lon="21.864970"></trkpt><trkpt lat="59.340720" lon="21.876000"></trkpt><trkpt lat="59.348200" lon="21.881610"></trkpt><trkpt lat="59.358430" lon="21.885440"></trkpt><trkpt lat="59.367730" lon="21.895290"></trkpt><trkpt lat="59.377400" lon="21.899320"></trkpt><trkpt lat="59.368770" lon="21.891220"></trkpt><trkpt lat="59.377070" lon="21.892260"></trkpt><trkpt lat="59.390230" lon="21.895820"></trkpt><trkpt lat="59.398140" lon="21.899590"></trkpt><trkpt lat="59.391200" lon="21.885050"></trkpt><trkpt lat="59.396390" lon="21.896680"></trkpt><trkpt lat="59.403030" lon="21.907430"></trkpt><trkpt lat="59.397950" lon="21.918590"></trkpt><trkpt lat="59.381700" lon="21.932260"></trkpt><trkpt lat="59.390260" lon="21.939870"></trkpt><trkpt lat="59.398300" lon="21.951810"></trkpt><trkpt lat="59.405080" lon="21.960380"></trkpt><trkpt lat="59.413180" lon="21.972320"></trkpt><trkpt lat="59.421060" lon="21.972880"></trkpt><trkpt lat="59.428010" lon="21.977990"></trkpt><trkpt lat="59.437410" lon="21.982900"></trkpt><trkpt lat="59.455270" lon="21.972910"></trkpt><trkpt lat="59.468030" lon="21.966590"></trkpt><trkpt lat="59.459950" lon="21.966310"></trkpt><trkpt lat="59.454420" lon="21.952070"></trkpt><trkpt lat="59.447420" lon="21.938410"></trkpt><trkpt lat="59.455850" lon="21.939840"></trkpt><trkpt lat="59.463740" lon="21.950640"></trkpt><trkpt lat="59.456370" lon="21.958250"></trkpt><trkpt lat="59.464620" lon="21.961070"></trkpt><trkpt lat="59.476310" lon="21.959520"></trkpt><trkpt lat="59.484140" lon="21.974620"></trkpt><trkpt lat="59.491710" lon="21.981960"></trkpt><trkpt lat="59.500350" lon="21.976760"></trkpt><trkpt lat="59.509490" lon="21.986680"></trkpt><trkpt lat="59.518120" lon="21.988830"></trkpt><trkpt lat="59.529480" lon="21.994140"></trkpt><trkpt lat="59.539740" lon="22.002390"></trkpt><trkpt lat="59.546980" lon="22.009190"></trkpt><trkpt lat="59.553730" lon="22.029630"></trkpt><trkpt lat="59.540490" lon="22.029990"></trkpt><trkpt lat="59.546310" lon="22.042160"></trkpt><trkpt lat="59.555140" lon="22.049140"></trkpt><trkpt lat="59.564440" lon="22.062690"></trkpt><trkpt lat="59.573830" lon="22.070720"></trkpt><trkpt lat="59.581560" lon="22.076600"></trkpt><trkpt lat="59.589020" lon="22.085990"></trkpt><trkpt lat="59.600910" lon="22.090330"></trkpt><trkpt lat="59.610060" lon="22.095140"></trkpt><trkpt lat="59.602800" lon="22.090840"></trkpt><trkpt lat="59.612080" lon="22.087000"></trkpt><trkpt lat="59.622710" lon="22.083660"></trkpt><trkpt lat="59.631390" lon="22.087450"></trkpt><trkpt lat="59.638990" lon="22.088220"></trkpt><trkpt lat="59.647300" lon="22.096890"></trkpt><trkpt lat="59.655440" lon="22.105070"></trkpt><trkpt lat="59.670140" lon="22.109180"></trkpt><trkpt lat="59.678950" lon="22.124700"></trkpt><trkpt lat="59.670410" lon="22.121290"></trkpt><trkpt lat="59.662440" lon="22.114520"></trkpt><trkpt lat="59.672020" lon="22.123250"></trkpt><trkpt lat="59.683350" lon="22.129480"></trkpt><trkpt lat="59.693530" lon="22.134960"></trkpt><trkpt lat="59.707120" lon="22.143450"></trkpt><trkpt lat="59.714720" lon="22.147510"></trkpt><trkpt lat="59.721880" lon="22.167580"></trkpt><trkpt lat="59.714180" lon="22.167350"></trkpt><trkpt lat="59.713820" lon="22.142890"></trkpt><trkpt lat="59.703720" lon="22.146710"></trkpt><trkpt lat="59.709800" lon="22.134940"></trkpt><trkpt lat="59.697490" lon="22.139450"></trkpt><trkpt lat="59.703710" lon="22.126920"></trkpt><trkpt lat="59.711090" lon="22.138790"></trkpt><trkpt lat="59.722580" lon="22.143170"></trkpt><trkpt lat="59.732020" lon="22.148490"></trkpt><trkpt lat="59.746880" lon="22.154520"></trkpt><trkpt lat="59.739490" lon="22.151590"></trkpt><trkpt lat="59.754170" lon="22.159930"></trkpt><trkpt lat="59.746780" lon="22.171140"></trkpt><trkpt lat="59.751220" lon="22.182590"></trkpt><trkpt lat="59.750250" lon="22.167820"></trkpt><trkpt lat="59.764940" lon="22.174610"></trkpt><trkpt lat="59.774050" lon="22.187590"></trkpt><trkpt lat="59.775780" lon="22.202240"></trkpt><trkpt lat="59.784050" lon="22.212000"></trkpt><trkpt lat="59.793490" lon="22.209510"></trkpt><trkpt lat="59.783820" lon="22.211780"></trkpt><trkpt lat="59.791750" lon="22.223590"></trkpt><trkpt lat="59.799630" lon="22.225370"></trkpt><trkpt lat="59.806580" lon="22.237430"></trkpt><trkpt lat="59.818920" lon="22.248270"></trkpt><trkpt lat="59.821960" lon="22.267070"></trkpt><trkpt lat="59.830530" lon="22.268520"></trkpt><trkpt lat="59.835760" lon="22.280160"></trkpt><trkpt lat="59.827700" lon="22.275750"></trkpt><trkpt lat="59.835040" lon="22.278560"></trkpt><trkpt lat="59.827860" lon="22.270720"></trkpt><trkpt lat="59.835140" lon="22.280810"></trkpt><trkpt lat="59.843220" lon="22.275580"></trkpt><trkpt lat="59.868300" lon="22.275480"></trkpt><trkpt lat="59.855960" lon="22.267550"></trkpt><trkpt lat="59.863280" lon="22.277010"></trkpt><trkpt lat="59.873380" lon="22.291310"></trkpt><trkpt lat="59.880150" lon="22.301710"></trkpt><trkpt lat="59.891180" lon="22.303430"></trkpt><trkpt lat="59.899470" lon="22.311110"></trkpt><trkpt lat="59.900070" lon="22.328950"></trkpt><trkpt lat="59.892570" lon="22.334880"></trkpt><trkpt lat="59.899850" lon="22.344530"></trkpt><trkpt lat="59.906200" lon="22.364140"></trkpt><trkpt lat="59.915690" lon="22.369940"></trkpt><trkpt lat="59.923620" lon="22.373270"></trkpt><trkpt lat="59.935000" lon="22.381460"></trkpt><trkpt lat="59.940590" lon="22.395240"></trkpt><trkpt lat="59.956130" lon="22.402020"></trkpt><trkpt lat="59.965820" lon="22.410750"></trkpt><trkpt lat="59.973710" lon="22.422760"></trkpt><trkpt lat="59.984080" lon="22.427780"></trkpt><trkpt lat="59.995230" lon="22.433360"></trkpt><trkpt lat="60.002040" lon="22.444220"></trkpt><trkpt lat="59.993420" lon="22.450240"></trkpt><trkpt lat="59.981020" lon="22.447940"></trkpt><trkpt lat="59.987280" lon="22.461630"></trkpt><trkpt lat="59.999500" lon="22.464440"></trkpt><trkpt lat="60.010230" lon="22.472390"></trkpt><trkpt lat="60.000480" lon="22.461940"></trkpt><trkpt lat="60.008010" lon="22.469140"></trkpt><trkpt lat="60.014540" lon="22.484990"></trkpt><trkpt lat="60.025860" lon="22.487610"></trkpt><trkpt lat="60.033020" lon="22.493650"></trkpt><trkpt lat="60.043450" lon="22.482030"></trkpt><trkpt lat="60.050820" lon="22.495210"></trkpt><trkpt lat="60.040030" lon="22.493820"></trkpt><trkpt lat="60.032180" lon="22.498770"></trkpt><trkpt lat="60.030630" lon="22.479880"></trkpt><trkpt lat="60.020650" lon="22.470980"></trkpt><trkpt lat="60.013010" lon="22.449250"></trkpt><trkpt lat="60.041180" lon="22.448990"></trkpt><trkpt lat="60.031210" lon="22.438940"></trkpt><trkpt lat="60.019780" lon="22.435000"></trkpt><trkpt lat="60.027210" lon="22.428460"></trkpt><trkpt lat="60.046720" lon="22.440480"></trkpt><trkpt lat="60.055980" lon="22.432770"></trkpt><trkpt lat="60.036390" lon="22.435380"></trkpt><trkpt lat="60.031310" lon="22.414810"></trkpt><trkpt lat="60.023390" lon="22.413550"></trkpt><trkpt lat="60.015350" lon="22.406090"></trkpt><trkpt lat="60.023450" lon="22.395290"></trkpt><trkpt lat="60.029860" lon="22.401880"></trkpt><trkpt lat="60.022480" lon="22.407410"></trkpt><trkpt lat="60.013800" lon="22.405640"></trkpt><trkpt lat="60.006710" lon="22.394550"></trkpt><trkpt lat="59.999360" lon="22.397190"></trkpt><trkpt lat="59.992250" lon="22.389130"></trkpt><trkpt lat="59.985550" lon="22.383510"></trkpt><trkpt lat="59.978210" lon="22.376880"></trkpt><trkpt lat="59.986150" lon="22.387810"></trkpt><trkpt lat="59.994350" lon="22.395570"></trkpt><trkpt lat="60.003870" lon="22.395150"></trkpt><trkpt lat="59.995770" lon="22.406100"></trkpt><trkpt lat="60.007710" lon="22.411900"></trkpt><trkpt lat="60.014810" lon="22.421670"></trkpt><trkpt lat="60.003670" lon="22.428350"></trkpt><trkpt lat="59.996210" lon="22.418360"></trkpt><trkpt lat="60.007700" lon="22.421830"></trkpt><trkpt lat="60.016130" lon="22.424560"></trkpt><trkpt lat="60.026450" lon="22.431290"></trkpt><trkpt lat="60.038220" lon="22.434610"></trkpt><trkpt lat="60.036390" lon="22.456550"></trkpt><trkpt lat="60.050760" lon="22.462110"></trkpt><trkpt lat="60.060200" lon="22.467390"></trkpt><trkpt lat="60.061950" lon="22.482310"></trkpt><trkpt lat="60.065610" lon="22.502060"></trkpt><trkpt lat="60.089560" lon="22.505420"></trkpt><trkpt lat="60.101980" lon="22.434810"></trkpt><trkpt lat="60.128240" lon="22.440210"></trkpt><trkpt lat="60.136480" lon="22.454830"></trkpt><trkpt lat="60.138610" lon="22.473600"></trkpt><trkpt lat="60.128040" lon="22.474680"></trkpt><trkpt lat="60.149460" lon="22.470950"></trkpt><trkpt lat="60.156800" lon="22.485800"></trkpt><trkpt lat="60.165760" lon="22.496580"></trkpt><trkpt lat="60.183500" lon="22.486580"></trkpt><trkpt lat="60.168600" lon="22.493470"></trkpt><trkpt lat="60.175910" lon="22.496490"></trkpt><trkpt lat="60.181790" lon="22.516380"></trkpt><trkpt lat="60.190010" lon="22.510770"></trkpt><trkpt lat="60.183100" lon="22.519010"></trkpt><trkpt lat="60.194350" lon="22.524040"></trkpt><trkpt lat="60.203210" lon="22.525380"></trkpt><trkpt lat="60.212610" lon="22.528300"></trkpt><trkpt lat="60.220890" lon="22.540420"></trkpt><trkpt lat="60.220280" lon="22.555620"></trkpt><trkpt lat="60.230550" lon="22.562410"></trkpt><trkpt lat="60.240170" lon="22.557480"></trkpt><trkpt lat="60.230500" lon="22.553310"></trkpt><trkpt lat="60.235660" lon="22.567870"></trkpt><trkpt lat="60.242870" lon="22.572460"></trkpt><trkpt lat="60.251320" lon="22.572610"></trkpt><trkpt lat="60.256730" lon="22.588350"></trkpt><trkpt lat="60.265280" lon="22.592210"></trkpt><trkpt lat="60.277560" lon="22.596990"></trkpt><trkpt lat="60.284130" lon="22.605840"></trkpt><trkpt lat="60.314000" lon="22.605930"></trkpt><trkpt lat="60.295390" lon="22.600330"></trkpt><trkpt lat="60.303080" lon="22.609920"></trkpt><trkpt lat="60.309800" lon="22.618640"></trkpt><trkpt lat="60.319180" lon="22.628400"></trkpt><trkpt lat="60.266720" lon="22.641820"></trkpt><trkpt lat="60.282520" lon="22.648490"></trkpt><trkpt lat="60.292440" lon="22.653310"></trkpt><trkpt lat="60.300940" lon="22.660180"></trkpt><trkpt lat="60.313370" lon="22.655410"></trkpt><trkpt lat="60.316310" lon="22.673250"></trkpt><trkpt lat="60.326160" lon="22.680000"></trkpt><trkpt lat="60.334430" lon="22.686130"></trkpt><trkpt lat="60.345310" lon="22.691720"></trkpt><trkpt lat="60.354710" lon="22.705340"></trkpt><trkpt lat="60.348070" lon="22.694640"></trkpt><trkpt lat="60.340950" lon="22.685950"></trkpt><trkpt lat="60.333400" lon="22.675940"></trkpt><trkpt lat="60.343830" lon="22.667990"></trkpt><trkpt lat="60.332750" lon="22.655110"></trkpt><trkpt lat="60.323870" lon="22.644180"></trkpt><trkpt lat="60.307290" lon="22.649840"></trkpt><trkpt lat="60.294910" lon="22.660010"></trkpt><trkpt lat="60.287580" lon="22.643660"></trkpt><trkpt lat="60.282600" lon="22.624770"></trkpt><trkpt lat="60.290690" lon="22.617270"></trkpt><trkpt lat="60.281110" lon="22.600790"></trkpt><trkpt lat="60.272360" lon="22.593710"></trkpt><trkpt lat="60.262780" lon="22.586900"></trkpt><trkpt lat="60.253530" lon="22.599850"></trkpt><trkpt lat="60.263480" lon="22.590330"></trkpt><trkpt lat="60.255000" lon="22.592960"></trkpt><trkpt lat="60.247420" lon="22.601860"></trkpt><trkpt lat="60.256360" lon="22.610380"></trkpt><trkpt lat="60.263160" lon="22.615570"></trkpt><trkpt lat="60.272240" lon="22.622810"></trkpt><trkpt lat="60.278530" lon="22.635310"></trkpt><trkpt lat="60.291190" lon="22.641430"></trkpt><trkpt lat="60.298040" lon="22.656150"></trkpt><trkpt lat="60.304390" lon="22.646370"></trkpt><trkpt lat="60.294340" lon="22.642000"></trkpt><trkpt lat="60.292270" lon="22.658580"></trkpt><trkpt lat="60.300450" lon="22.668350"></trkpt><trkpt lat="60.309380" lon="22.676050"></trkpt><trkpt lat="60.316810" lon="22.681770"></trkpt><trkpt lat="60.323420" lon="22.689600"></trkpt><trkpt lat="60.329800" lon="22.699340"></trkpt><trkpt lat="60.337220" lon="22.707300"></trkpt><trkpt lat="60.345010" lon="22.711220"></trkpt><trkpt lat="60.354750" lon="22.711690"></trkpt><trkpt lat="60.360760" lon="22.725300"></trkpt><trkpt lat="60.370550" lon="22.725840"></trkpt><trkpt lat="60.379750" lon="22.721950"></trkpt><trkpt lat="60.367490" lon="22.716790"></trkpt><trkpt lat="60.375920" lon="22.723980"></trkpt><trkpt lat="60.388470" lon="22.737500"></trkpt><trkpt lat="60.395100" lon="22.748660"></trkpt><trkpt lat="60.403470" lon="22.757190"></trkpt><trkpt lat="60.408390" lon="22.768820"></trkpt><trkpt lat="60.400330" lon="22.769800"></trkpt><trkpt lat="60.411370" lon="22.775270"></trkpt><trkpt lat="60.422070" lon="22.788750"></trkpt><trkpt lat="60.432180" lon="22.785850"></trkpt><trkpt lat="60.438730" lon="22.798550"></trkpt><trkpt lat="60.446980" lon="22.809890"></trkpt><trkpt lat="60.454380" lon="22.809650"></trkpt><trkpt lat="60.445280" lon="22.820520"></trkpt><trkpt lat="60.456920" lon="22.848370"></trkpt><trkpt lat="60.433470" lon="22.853110"></trkpt><trkpt lat="60.421670" lon="22.847160"></trkpt><trkpt lat="60.431690" lon="22.849420"></trkpt><trkpt lat="60.433080" lon="22.866570"></trkpt><trkpt lat="60.447720" lon="22.867810"></trkpt><trkpt lat="60.453900" lon="22.888870"></trkpt><trkpt lat="60.478280" lon="22.876470"></trkpt><trkpt lat="60.486670" lon="22.884730"></trkpt><trkpt lat="60.495850" lon="22.892730"></trkpt><trkpt lat="60.503530" lon="22.899820"></trkpt><trkpt lat="60.510970" lon="22.904700"></trkpt><trkpt lat="60.517310" lon="22.916900"></trkpt><trkpt lat="60.523220" lon="22.931030"></trkpt><trkpt lat="60.513720" lon="22.924030"></trkpt><trkpt lat="60.519530" lon="22.957790"></trkpt><trkpt lat="60.515400" lon="22.942410"></trkpt><trkpt lat="60.519580" lon="22.957050"></trkpt><trkpt lat="60.528830" lon="22.963320"></trkpt><trkpt lat="60.535500" lon="22.969800"></trkpt><trkpt lat="60.543720" lon="22.976060"></trkpt><trkpt lat="60.550520" lon="22.985220"></trkpt><trkpt lat="60.558520" lon="22.990440"></trkpt><trkpt lat="60.569320" lon="22.997340"></trkpt><trkpt lat="60.576690" lon="23.005100"></trkpt><trkpt lat="60.584000" lon="23.014970"></trkpt><trkpt lat="60.574530" lon="23.012570"></trkpt><trkpt lat="60.595670" lon="23.020260"></trkpt><trkpt lat="60.602030" lon="23.029590"></trkpt><trkpt lat="60.608540" lon="23.042970"></trkpt><trkpt lat="60.596850" lon="23.043080"></trkpt><trkpt lat="60.586940" lon="23.049130"></trkpt><trkpt lat="60.579750" lon="23.041060"></trkpt><trkpt lat="60.588440" lon="23.044320"></trkpt><trkpt lat="60.599650" lon="23.051700"></trkpt><trkpt lat="60.608330" lon="23.060100"></trkpt><trkpt lat="60.622980" lon="23.069860"></trkpt><trkpt lat="60.615390" lon="23.063420"></trkpt><trkpt lat="60.603080" lon="23.056100"></trkpt><trkpt lat="60.613890" lon="23.060650"></trkpt><trkpt lat="60.623200" lon="23.067970"></trkpt><trkpt lat="60.662200" lon="23.080380"></trkpt><trkpt lat="60.685990" lon="23.067130"></trkpt><trkpt lat="60.697730" lon="23.078930"></trkpt><trkpt lat="60.699020" lon="23.096850"></trkpt><trkpt lat="60.711910" lon="23.098020"></trkpt><trkpt lat="60.690270" lon="23.095720"></trkpt><trkpt lat="60.698630" lon="23.091040"></trkpt><trkpt lat="60.694360" lon="23.105870"></trkpt><trkpt lat="60.700740" lon="23.115740"></trkpt><trkpt lat="60.710120" lon="23.117890"></trkpt><trkpt lat="60.713000" lon="23.139720"></trkpt><trkpt lat="60.703430" lon="23.126470"></trkpt><trkpt lat="60.716550" lon="23.134610"></trkpt><trkpt lat="60.707560" lon="23.130790"></trkpt><trkpt lat="60.715660" lon="23.139720"></trkpt><trkpt lat="60.706380" lon="23.133260"></trkpt><trkpt lat="60.713080" lon="23.150570"></trkpt><trkpt lat="60.704990" lon="23.147760"></trkpt><trkpt lat="60.718610" lon="23.160100"></trkpt><trkpt lat="60.722720" lon="23.176740"></trkpt><trkpt lat="60.731170" lon="23.187530"></trkpt><trkpt lat="60.738800" lon="23.194980"></trkpt><trkpt lat="60.740380" lon="23.178380"></trkpt><trkpt lat="60.733150" lon="23.181330"></trkpt><trkpt lat="60.739850" lon="23.172590"></trkpt><trkpt lat="60.746550" lon="23.181460"></trkpt><trkpt lat="60.757570" lon="23.189310"></trkpt><trkpt lat="60.765220" lon="23.196020"></trkpt><trkpt lat="60.753930" lon="23.202470"></trkpt><trkpt lat="60.761550" lon="23.207790"></trkpt><trkpt lat="60.779750" lon="23.210730"></trkpt><trkpt lat="60.773090" lon="23.217300"></trkpt><trkpt lat="60.763650" lon="23.222930"></trkpt><trkpt lat="60.772020" lon="23.227950"></trkpt><trkpt lat="60.779380" lon="23.235750"></trkpt><trkpt lat="60.787340" lon="23.237260"></trkpt><trkpt lat="60.796040" lon="23.249710"></trkpt><trkpt lat="60.805480" lon="23.257980"></trkpt><trkpt lat="60.810630" lon="23.274980"></trkpt><trkpt lat="60.905900" lon="23.328600"></trkpt><trkpt lat="60.913380" lon="23.336700"></trkpt><trkpt lat="60.920870" lon="23.344190"></trkpt><trkpt lat="60.945490" lon="23.363630"></trkpt><trkpt lat="60.936960" lon="23.365940"></trkpt><trkpt lat="60.933450" lon="23.350870"></trkpt><trkpt lat="60.923700" lon="23.350720"></trkpt><trkpt lat="60.929060" lon="23.336390"></trkpt><trkpt lat="60.934020" lon="23.347320"></trkpt><trkpt lat="60.942180" lon="23.356780"></trkpt><trkpt lat="60.947520" lon="23.369990"></trkpt><trkpt lat="60.954980" lon="23.382820"></trkpt><trkpt lat="60.963670" lon="23.388870"></trkpt><trkpt lat="60.973780" lon="23.394290"></trkpt><trkpt lat="60.980580" lon="23.402140"></trkpt><trkpt lat="60.988650" lon="23.411000"></trkpt><trkpt lat="61.009500" lon="23.416100"></trkpt><trkpt lat="60.997270" lon="23.421940"></trkpt><trkpt lat="61.006850" lon="23.418130"></trkpt><trkpt lat="60.992850" lon="23.423990"></trkpt><trkpt lat="60.984480" lon="23.427220"></trkpt><trkpt lat="60.958440" lon="23.431860"></trkpt><trkpt lat="60.966710" lon="23.436090"></trkpt><trkpt lat="60.979630" lon="23.435870"></trkpt><trkpt lat="60.975970" lon="23.419900"></trkpt><trkpt lat="60.983940" lon="23.419600"></trkpt><trkpt lat="60.975020" lon="23.412440"></trkpt><trkpt lat="60.968350" lon="23.406880"></trkpt><trkpt lat="60.976320" lon="23.424800"></trkpt><trkpt lat="60.982780" lon="23.431920"></trkpt><trkpt lat="60.991690" lon="23.440540"></trkpt><trkpt lat="61.013040" lon="23.446160"></trkpt><trkpt lat="61.017290" lon="23.465550"></trkpt><trkpt lat="61.024180" lon="23.479380"></trkpt><trkpt lat="61.042500" lon="23.479190"></trkpt><trkpt lat="61.049340" lon="23.489200"></trkpt><trkpt lat="61.056090" lon="23.496850"></trkpt><trkpt lat="61.047370" lon="23.490330"></trkpt><trkpt lat="61.055660" lon="23.487930"></trkpt><trkpt lat="61.057590" lon="23.466960"></trkpt><trkpt lat="61.050670" lon="23.482070"></trkpt><trkpt lat="61.039720" lon="23.477020"></trkpt><trkpt lat="61.050240" lon="23.477070"></trkpt><trkpt lat="61.055080" lon="23.446620"></trkpt><trkpt lat="61.040120" lon="23.445130"></trkpt><trkpt lat="61.033150" lon="23.436030"></trkpt><trkpt lat="61.039870" lon="23.444830"></trkpt><trkpt lat="61.044740" lon="23.455800"></trkpt><trkpt lat="61.053550" lon="23.465290"></trkpt><trkpt lat="61.068080" lon="23.486730"></trkpt><trkpt lat="61.064900" lon="23.501550"></trkpt><trkpt lat="61.079740" lon="23.501890"></trkpt><trkpt lat="61.071150" lon="23.495280"></trkpt><trkpt lat="61.083300" lon="23.502670"></trkpt><trkpt lat="61.089080" lon="23.492610"></trkpt><trkpt lat="61.098680" lon="23.498470"></trkpt><trkpt lat="61.091130" lon="23.491050"></trkpt><trkpt lat="61.110520" lon="23.498860"></trkpt><trkpt lat="61.100380" lon="23.512350"></trkpt><trkpt lat="61.109360" lon="23.523960"></trkpt><trkpt lat="61.118390" lon="23.530350"></trkpt><trkpt lat="61.123440" lon="23.549310"></trkpt><trkpt lat="61.137540" lon="23.555250"></trkpt><trkpt lat="61.123920" lon="23.565920"></trkpt><trkpt lat="61.118270" lon="23.554150"></trkpt><trkpt lat="61.102340" lon="23.553130"></trkpt><trkpt lat="61.110180" lon="23.562540"></trkpt><trkpt lat="61.118390" lon="23.563190"></trkpt><trkpt lat="61.127200" lon="23.568850"></trkpt><trkpt lat="61.134720" lon="23.569170"></trkpt><trkpt lat="61.143010" lon="23.555030"></trkpt><trkpt lat="61.149700" lon="23.566290"></trkpt><trkpt lat="61.141400" lon="23.567180"></trkpt><trkpt lat="61.155900" lon="23.579620"></trkpt><trkpt lat="61.149480" lon="23.586680"></trkpt><trkpt lat="61.157520" lon="23.594180"></trkpt><trkpt lat="61.166380" lon="23.607150"></trkpt><trkpt lat="61.170580" lon="23.620880"></trkpt><trkpt lat="61.165330" lon="23.634170"></trkpt><trkpt lat="61.167820" lon="23.648250"></trkpt><trkpt lat="61.177770" lon="23.655110"></trkpt><trkpt lat="61.190680" lon="23.668390"></trkpt><trkpt lat="61.204810" lon="23.679010"></trkpt><trkpt lat="61.221900" lon="23.686540"></trkpt><trkpt lat="61.207810" lon="23.694110"></trkpt><trkpt lat="61.217410" lon="23.682660"></trkpt><trkpt lat="61.225890" lon="23.690670"></trkpt><trkpt lat="61.232550" lon="23.698700"></trkpt><trkpt lat="61.237270" lon="23.713410"></trkpt><trkpt lat="61.259530" lon="23.716410"></trkpt><trkpt lat="61.265000" lon="23.728720"></trkpt><trkpt lat="61.257000" lon="23.728720"></trkpt><trkpt lat="61.264210" lon="23.737140"></trkpt><trkpt lat="61.271270" lon="23.733600"></trkpt><trkpt lat="61.280020" lon="23.742370"></trkpt><trkpt lat="61.291720" lon="23.748110"></trkpt><trkpt lat="61.275420" lon="23.762090"></trkpt><trkpt lat="61.289240" lon="23.761970"></trkpt><trkpt lat="61.298880" lon="23.756790"></trkpt><trkpt lat="61.306760" lon="23.767360"></trkpt><trkpt lat="61.316150" lon="23.777360"></trkpt><trkpt lat="61.325600" lon="23.777950"></trkpt><trkpt lat="61.333270" lon="23.779220"></trkpt><trkpt lat="61.340470" lon="23.781460"></trkpt><trkpt lat="61.348640" lon="23.785870"></trkpt><trkpt lat="61.353210" lon="23.798420"></trkpt><trkpt lat="61.364160" lon="23.799260"></trkpt><trkpt lat="61.387240" lon="23.811310"></trkpt><trkpt lat="61.395000" lon="23.809670"></trkpt><trkpt lat="61.408600" lon="23.814790"></trkpt><trkpt lat="61.417360" lon="23.822950"></trkpt><trkpt lat="61.424330" lon="23.835280"></trkpt><trkpt lat="61.395100" lon="23.834280"></trkpt><trkpt lat="61.387160" lon="23.826600"></trkpt><trkpt lat="61.401360" lon="23.835710"></trkpt><trkpt lat="61.408870" lon="23.840790"></trkpt><trkpt lat="61.391290" lon="23.833980"></trkpt><trkpt lat="61.382600" lon="23.829910"></trkpt><trkpt lat="61.374840" lon="23.821390"></trkpt><trkpt lat="61.381130" lon="23.829230"></trkpt><trkpt lat="61.388420" lon="23.833440"></trkpt><trkpt lat="61.398230" lon="23.840470"></trkpt><trkpt lat="61.390870" lon="23.849730"></trkpt><trkpt lat="61.406690" lon="23.831430"></trkpt><trkpt lat="61.413580" lon="23.836940"></trkpt><trkpt lat="61.420550" lon="23.840770"></trkpt><trkpt lat="61.428040" lon="23.854980"></trkpt><trkpt lat="61.440570" lon="23.870060"></trkpt><trkpt lat="61.450440" lon="23.878070"></trkpt><trkpt lat="61.461630" lon="23.886010"></trkpt><trkpt lat="61.475470" lon="23.892240"></trkpt><trkpt lat="61.481800" lon="23.901180"></trkpt><trkpt lat="61.488000" lon="23.910240"></trkpt><trkpt lat="61.496510" lon="23.918250"></trkpt><trkpt lat="61.502830" lon="23.930740"></trkpt><trkpt lat="61.511730" lon="23.933470"></trkpt><trkpt lat="61.521200" lon="23.930780"></trkpt><trkpt lat="61.517510" lon="23.913860"></trkpt><trkpt lat="61.509890" lon="23.897030"></trkpt><trkpt lat="61.502660" lon="23.895150"></trkpt><trkpt lat="61.494960" lon="23.887520"></trkpt><trkpt lat="61.492000" lon="23.872000"></trkpt><trkpt lat="61.480700" lon="23.868120"></trkpt><trkpt lat="61.473100" lon="23.862650"></trkpt><trkpt lat="61.464040" lon="23.854180"></trkpt><trkpt lat="61.459170" lon="23.837300"></trkpt><trkpt lat="61.451530" lon="23.828670"></trkpt><trkpt lat="61.459850" lon="23.836580"></trkpt><trkpt lat="61.466430" lon="23.849840"></trkpt><trkpt lat="61.475110" lon="23.855810"></trkpt><trkpt lat="61.484620" lon="23.866330"></trkpt><trkpt lat="61.492380" lon="23.873050"></trkpt><trkpt lat="61.502040" lon="23.873910"></trkpt><trkpt lat="61.505770" lon="23.888750"></trkpt><trkpt lat="61.513060" lon="23.898860"></trkpt><trkpt lat="61.524500" lon="23.907380"></trkpt><trkpt lat="61.512770" lon="23.907140"></trkpt><trkpt lat="61.522300" lon="23.911990"></trkpt><trkpt lat="61.528560" lon="23.923580"></trkpt><trkpt lat="61.538310" lon="23.929490"></trkpt><trkpt lat="61.525060" lon="23.926430"></trkpt><trkpt lat="61.515210" lon="23.921960"></trkpt><trkpt lat="61.507520" lon="23.924520"></trkpt><trkpt lat="61.511000" lon="23.937920"></trkpt><trkpt lat="61.518200" lon="23.935650"></trkpt><trkpt lat="61.531360" lon="23.936980"></trkpt><trkpt lat="61.544560" lon="23.962050"></trkpt><trkpt lat="61.568470" lon="23.972030"></trkpt><trkpt lat="61.570730" lon="23.955550"></trkpt><trkpt lat="61.579600" lon="23.961090"></trkpt><trkpt lat="61.567920" lon="23.956470"></trkpt><trkpt lat="61.586000" lon="23.963450"></trkpt><trkpt lat="61.593230" lon="23.973580"></trkpt><trkpt lat="61.585430" lon="23.965490"></trkpt><trkpt lat="61.580500" lon="23.949790"></trkpt><trkpt lat="61.589680" lon="23.964620"></trkpt><trkpt lat="61.599590" lon="23.978840"></trkpt><trkpt lat="61.608320" lon="23.989710"></trkpt><trkpt lat="61.618870" lon="24.003760"></trkpt><trkpt lat="61.628130" lon="24.014010"></trkpt><trkpt lat="61.639310" lon="24.019490"></trkpt><trkpt lat="61.644610" lon="24.043510"></trkpt><trkpt lat="61.652600" lon="24.053440"></trkpt><trkpt lat="61.659910" lon="24.057360"></trkpt><trkpt lat="61.668400" lon="24.069320"></trkpt><trkpt lat="61.677030" lon="24.069520"></trkpt><trkpt lat="61.692060" lon="24.076660"></trkpt><trkpt lat="61.698090" lon="24.089450"></trkpt><trkpt lat="61.706330" lon="24.116880"></trkpt><trkpt lat="61.718110" lon="24.128230"></trkpt><trkpt lat="61.730860" lon="24.139500"></trkpt><trkpt lat="61.739740" lon="24.145910"></trkpt><trkpt lat="61.752770" lon="24.165730"></trkpt><trkpt lat="61.760740" lon="24.179650"></trkpt><trkpt lat="61.767820" lon="24.176430"></trkpt><trkpt lat="61.779470" lon="24.186450"></trkpt><trkpt lat="61.791100" lon="24.194010"></trkpt><trkpt lat="61.799680" lon="24.208250"></trkpt><trkpt lat="61.808210" lon="24.218740"></trkpt><trkpt lat="61.825010" lon="24.216990"></trkpt><trkpt lat="61.832150" lon="24.224300"></trkpt><trkpt lat="61.839780" lon="24.228750"></trkpt><trkpt lat="61.849740" lon="24.224810"></trkpt><trkpt lat="61.840590" lon="24.226980"></trkpt><trkpt lat="61.853110" lon="24.232100"></trkpt><trkpt lat="61.861950" lon="24.238080"></trkpt><trkpt lat="61.870040" lon="24.244790"></trkpt><trkpt lat="61.859900" lon="24.252850"></trkpt><trkpt lat="61.861480" lon="24.236610"></trkpt><trkpt lat="61.850110" lon="24.237640"></trkpt><trkpt lat="61.857330" lon="24.233650"></trkpt><trkpt lat="61.865730" lon="24.243930"></trkpt><trkpt lat="61.876250" lon="24.251980"></trkpt><trkpt lat="61.884150" lon="24.242570"></trkpt><trkpt lat="61.888590" lon="24.256140"></trkpt><trkpt lat="61.874100" lon="24.267350"></trkpt><trkpt lat="61.866240" lon="24.261220"></trkpt><trkpt lat="61.874220" lon="24.254660"></trkpt><trkpt lat="61.861780" lon="24.249970"></trkpt><trkpt lat="61.872370" lon="24.248230"></trkpt><trkpt lat="61.890520" lon="24.245240"></trkpt><trkpt lat="61.882490" lon="24.245410"></trkpt><trkpt lat="61.870850" lon="24.231700"></trkpt><trkpt lat="61.860720" lon="24.229740"></trkpt><trkpt lat="61.853090" lon="24.221500"></trkpt><trkpt lat="61.854800" lon="24.203230"></trkpt><trkpt lat="61.847000" lon="24.196540"></trkpt><trkpt lat="61.839540" lon="24.188760"></trkpt><trkpt lat="61.848670" lon="24.197250"></trkpt><trkpt lat="61.870830" lon="24.203540"></trkpt><trkpt lat="61.860790" lon="24.194580"></trkpt><trkpt lat="61.851250" lon="24.187210"></trkpt><trkpt lat="61.839830" lon="24.187990"></trkpt><trkpt lat="61.834160" lon="24.178160"></trkpt><trkpt lat="61.825310" lon="24.174320"></trkpt><trkpt lat="61.810780" lon="24.160280"></trkpt><trkpt lat="61.818500" lon="24.171460"></trkpt><trkpt lat="61.816220" lon="24.192930"></trkpt><trkpt lat="61.783610" lon="24.187210"></trkpt><trkpt lat="61.768570" lon="24.172920"></trkpt><trkpt lat="61.760940" lon="24.163780"></trkpt><trkpt lat="61.750980" lon="24.158170"></trkpt><trkpt lat="61.743960" lon="24.144180"></trkpt><trkpt lat="61.749550" lon="24.156980"></trkpt><trkpt lat="61.757410" lon="24.168270"></trkpt><trkpt lat="61.762830" lon="24.182650"></trkpt><trkpt lat="61.778320" lon="24.182860"></trkpt><trkpt lat="61.809650" lon="24.200380"></trkpt><trkpt lat="61.814300" lon="24.179260"></trkpt><trkpt lat="61.802570" lon="24.179110"></trkpt><trkpt lat="61.820620" lon="24.181470"></trkpt><trkpt lat="61.828840" lon="24.191630"></trkpt><trkpt lat="61.836770" lon="24.200460"></trkpt><trkpt lat="61.845790" lon="24.198740"></trkpt><trkpt lat="61.852670" lon="24.206830"></trkpt><trkpt lat="61.860660" lon="24.216180"></trkpt><trkpt lat="61.853070" lon="24.198920"></trkpt><trkpt lat="61.842400" lon="24.195470"></trkpt><trkpt lat="61.850540" lon="24.196150"></trkpt><trkpt lat="61.858710" lon="24.203480"></trkpt><trkpt lat="61.877010" lon="24.203760"></trkpt><trkpt lat="61.870780" lon="24.192830"></trkpt><trkpt lat="61.879330" lon="24.206210"></trkpt><trkpt lat="61.887340" lon="24.224440"></trkpt><trkpt lat="61.879660" lon="24.220350"></trkpt><trkpt lat="61.897390" lon="24.233100"></trkpt><trkpt lat="61.904360" lon="24.240210"></trkpt><trkpt lat="61.895790" lon="24.241610"></trkpt><trkpt lat="61.895440" lon="24.224870"></trkpt><trkpt lat="61.899550" lon="24.256500"></trkpt><trkpt lat="61.907970" lon="24.266620"></trkpt><trkpt lat="61.920990" lon="24.275690"></trkpt><trkpt lat="61.928230" lon="24.286190"></trkpt><trkpt lat="61.933690" lon="24.299490"></trkpt><trkpt lat="61.940950" lon="24.306630"></trkpt><trkpt lat="61.949260" lon="24.308800"></trkpt><trkpt lat="61.963830" lon="24.359190"></trkpt><trkpt lat="61.973060" lon="24.364640"></trkpt><trkpt lat="61.983230" lon="24.371930"></trkpt><trkpt lat="61.991170" lon="24.385830"></trkpt><trkpt lat="61.999440" lon="24.396590"></trkpt><trkpt lat="62.000820" lon="24.420360"></trkpt><trkpt lat="62.011720" lon="24.424970"></trkpt><trkpt lat="62.022400" lon="24.452690"></trkpt><trkpt lat="62.029630" lon="24.460290"></trkpt><trkpt lat="62.036590" lon="24.466000"></trkpt><trkpt lat="62.042910" lon="24.476590"></trkpt><trkpt lat="62.071290" lon="24.482960"></trkpt><trkpt lat="62.050300" lon="24.484410"></trkpt><trkpt lat="62.041650" lon="24.477060"></trkpt><trkpt lat="62.053430" lon="24.495700"></trkpt><trkpt lat="62.064320" lon="24.497000"></trkpt><trkpt lat="62.055800" lon="24.492770"></trkpt><trkpt lat="62.043120" lon="24.493060"></trkpt><trkpt lat="62.050820" lon="24.497610"></trkpt><trkpt lat="62.058340" lon="24.508110"></trkpt><trkpt lat="62.065330" lon="24.523420"></trkpt><trkpt lat="62.079720" lon="24.523650"></trkpt><trkpt lat="62.080540" lon="24.545260"></trkpt><trkpt lat="62.100050" lon="24.547410"></trkpt><trkpt lat="62.105290" lon="24.562640"></trkpt><trkpt lat="62.118270" lon="24.562640"></trkpt><trkpt lat="62.122450" lon="24.581390"></trkpt><trkpt lat="62.135040" lon="24.586660"></trkpt><trkpt lat="62.119250" lon="24.577680"></trkpt><trkpt lat="62.129370" lon="24.584160"></trkpt><trkpt lat="62.137430" lon="24.587630"></trkpt><trkpt lat="62.146700" lon="24.600300"></trkpt><trkpt lat="62.155680" lon="24.608420"></trkpt><trkpt lat="62.163020" lon="24.619410"></trkpt><trkpt lat="62.166890" lon="24.637280"></trkpt><trkpt lat="62.173870" lon="24.645550"></trkpt><trkpt lat="62.165050" lon="24.645290"></trkpt><trkpt lat="62.165490" lon="24.663660"></trkpt><trkpt lat="62.177760" lon="24.667200"></trkpt><trkpt lat="62.185940" lon="24.677920"></trkpt><trkpt lat="62.199770" lon="24.684140"></trkpt><trkpt lat="62.204870" lon="24.701030"></trkpt><trkpt lat="62.242380" lon="24.700990"></trkpt><trkpt lat="62.249540" lon="24.704540"></trkpt><trkpt lat="62.257300" lon="24.719410"></trkpt><trkpt lat="62.264760" lon="24.708310"></trkpt><trkpt lat="62.251050" lon="24.712840"></trkpt><trkpt lat="62.233480" lon="24.720890"></trkpt><trkpt lat="62.244320" lon="24.697270"></trkpt><trkpt lat="62.229810" lon="24.704270"></trkpt><trkpt lat="62.223610" lon="24.717630"></trkpt><trkpt lat="62.231840" lon="24.703140"></trkpt><trkpt lat="62.239870" lon="24.710020"></trkpt><trkpt lat="62.249830" lon="24.717250"></trkpt><trkpt lat="62.229550" lon="24.721660"></trkpt><trkpt lat="62.233290" lon="24.705360"></trkpt><trkpt lat="62.213050" lon="24.707400"></trkpt><trkpt lat="62.203510" lon="24.698950"></trkpt><trkpt lat="62.196040" lon="24.692500"></trkpt><trkpt lat="62.200980" lon="24.680780"></trkpt><trkpt lat="62.197040" lon="24.661840"></trkpt><trkpt lat="62.188680" lon="24.656850"></trkpt><trkpt lat="62.174490" lon="24.648110"></trkpt><trkpt lat="62.185330" lon="24.634220"></trkpt><trkpt lat="62.178180" lon="24.625670"></trkpt><trkpt lat="62.171080" lon="24.638670"></trkpt><trkpt lat="62.163800" lon="24.634370"></trkpt><trkpt lat="62.157470" lon="24.622470"></trkpt><trkpt lat="62.148860" lon="24.616470"></trkpt><trkpt lat="62.154500" lon="24.627560"></trkpt><trkpt lat="62.134470" lon="24.616860"></trkpt><trkpt lat="62.118500" lon="24.608070"></trkpt><trkpt lat="62.107710" lon="24.608480"></trkpt><trkpt lat="62.099590" lon="24.590900"></trkpt><trkpt lat="62.089790" lon="24.589300"></trkpt><trkpt lat="62.083720" lon="24.578680"></trkpt><trkpt lat="62.073890" lon="24.568690"></trkpt><trkpt lat="62.066550" lon="24.564580"></trkpt><trkpt lat="62.059010" lon="24.566480"></trkpt><trkpt lat="62.053620" lon="24.582810"></trkpt><trkpt lat="62.036020" lon="24.585740"></trkpt><trkpt lat="62.024650" lon="24.586610"></trkpt><trkpt lat="62.014400" lon="24.580330"></trkpt><trkpt lat="62.022710" lon="24.588240"></trkpt><trkpt lat="62.013510" lon="24.579160"></trkpt><trkpt lat="62.024500" lon="24.576940"></trkpt><trkpt lat="62.019170" lon="24.565830"></trkpt><trkpt lat="62.012010" lon="24.560510"></trkpt><trkpt lat="62.019320" lon="24.562370"></trkpt><trkpt lat="62.027790" lon="24.574740"></trkpt><trkpt lat="62.034790" lon="24.589230"></trkpt><trkpt lat="62.050210" lon="24.598820"></trkpt><trkpt lat="62.081070" lon="24.604700"></trkpt><trkpt lat="62.087900" lon="24.619670"></trkpt><trkpt lat="62.096390" lon="24.625250"></trkpt><trkpt lat="62.103070" lon="24.634330"></trkpt><trkpt lat="62.111790" lon="24.639890"></trkpt><trkpt lat="62.118930" lon="24.647370"></trkpt><trkpt lat="62.125730" lon="24.654990"></trkpt><trkpt lat="62.133200" lon="24.670400"></trkpt><trkpt lat="62.141520" lon="24.676690"></trkpt><trkpt lat="62.148770" lon="24.685010"></trkpt><trkpt lat="62.156000" lon="24.691950"></trkpt><trkpt lat="62.162650" lon="24.702190"></trkpt><trkpt lat="62.152300" lon="24.701540"></trkpt><trkpt lat="62.145550" lon="24.687470"></trkpt><trkpt lat="62.139150" lon="24.673360"></trkpt><trkpt lat="62.131260" lon="24.664450"></trkpt><trkpt lat="62.121470" lon="24.656770"></trkpt><trkpt lat="62.113680" lon="24.647190"></trkpt><trkpt lat="62.105340" lon="24.639230"></trkpt><trkpt lat="62.096280" lon="24.630410"></trkpt><trkpt lat="62.083490" lon="24.623320"></trkpt><trkpt lat="62.092750" lon="24.628140"></trkpt><trkpt lat="62.101760" lon="24.640670"></trkpt><trkpt lat="62.094540" lon="24.636410"></trkpt><trkpt lat="62.111990" lon="24.638350"></trkpt><trkpt lat="62.120110" lon="24.642050"></trkpt><trkpt lat="62.114960" lon="24.626260"></trkpt><trkpt lat="62.102980" lon="24.628630"></trkpt><trkpt lat="62.094470" lon="24.626300"></trkpt><trkpt lat="62.087000" lon="24.625410"></trkpt><trkpt lat="62.076550" lon="24.616230"></trkpt><trkpt lat="62.084170" lon="24.620210"></trkpt><trkpt lat="62.082250" lon="24.643380"></trkpt><trkpt lat="62.075310" lon="24.628770"></trkpt><trkpt lat="62.066780" lon="24.623450"></trkpt><trkpt lat="62.056750" lon="24.633360"></trkpt><trkpt lat="62.048520" lon="24.663110"></trkpt><trkpt lat="62.041600" lon="24.649960"></trkpt><trkpt lat="62.050460" lon="24.656540"></trkpt><trkpt lat="62.043110" lon="24.639940"></trkpt><trkpt lat="62.050990" lon="24.644880"></trkpt><trkpt lat="62.042590" lon="24.641660"></trkpt><trkpt lat="62.049200" lon="24.655190"></trkpt><trkpt lat="62.041590" lon="24.645090"></trkpt><trkpt lat="62.032880" lon="24.640900"></trkpt><trkpt lat="62.038810" lon="24.650870"></trkpt><trkpt lat="62.062590" lon="24.656420"></trkpt><trkpt lat="62.070410" lon="24.668410"></trkpt><trkpt lat="62.074240" lon="24.682550"></trkpt><trkpt lat="62.081990" lon="24.696390"></trkpt><trkpt lat="62.090580" lon="24.697810"></trkpt><trkpt lat="62.102900" lon="24.710020"></trkpt><trkpt lat="62.110420" lon="24.727730"></trkpt><trkpt lat="62.125900" lon="24.732240"></trkpt><trkpt lat="62.139090" lon="24.747940"></trkpt><trkpt lat="62.147730" lon="24.759730"></trkpt><trkpt lat="62.154120" lon="24.776020"></trkpt><trkpt lat="62.146570" lon="24.770940"></trkpt><trkpt lat="62.124280" lon="24.760850"></trkpt><trkpt lat="62.114150" lon="24.745670"></trkpt><trkpt lat="62.106210" lon="24.735700"></trkpt><trkpt lat="62.095490" lon="24.728960"></trkpt><trkpt lat="62.087840" lon="24.718270"></trkpt><trkpt lat="62.080480" lon="24.707460"></trkpt><trkpt lat="62.088170" lon="24.704950"></trkpt><trkpt lat="62.100110" lon="24.713610"></trkpt><trkpt lat="62.109630" lon="24.725450"></trkpt><trkpt lat="62.118290" lon="24.735930"></trkpt><trkpt lat="62.126320" lon="24.743170"></trkpt><trkpt lat="62.136960" lon="24.751510"></trkpt><trkpt lat="62.150190" lon="24.755100"></trkpt><trkpt lat="62.158060" lon="24.774360"></trkpt><trkpt lat="62.165720" lon="24.777500"></trkpt><trkpt lat="62.171280" lon="24.789810"></trkpt><trkpt lat="62.182330" lon="24.792660"></trkpt><trkpt lat="62.189280" lon="24.801960"></trkpt><trkpt lat="62.175250" lon="24.802900"></trkpt><trkpt lat="62.182430" lon="24.805810"></trkpt><trkpt lat="62.191500" lon="24.790380"></trkpt><trkpt lat="62.200450" lon="24.799660"></trkpt><trkpt lat="62.205070" lon="24.812890"></trkpt><trkpt lat="62.226520" lon="24.821090"></trkpt><trkpt lat="62.235520" lon="24.827890"></trkpt><trkpt lat="62.224660" lon="24.830760"></trkpt><trkpt lat="62.213120" lon="24.837530"></trkpt><trkpt lat="62.221410" lon="24.841060"></trkpt><trkpt lat="62.230550" lon="24.851010"></trkpt><trkpt lat="62.237950" lon="24.853470"></trkpt><trkpt lat="62.244110" lon="24.862510"></trkpt><trkpt lat="62.251760" lon="24.870540"></trkpt><trkpt lat="62.259490" lon="24.871720"></trkpt><trkpt lat="62.265930" lon="24.884190"></trkpt><trkpt lat="62.273310" lon="24.896890"></trkpt><trkpt lat="62.274620" lon="24.912520"></trkpt><trkpt lat="62.257900" lon="24.923000"></trkpt><trkpt lat="62.256350" lon="24.905790"></trkpt><trkpt lat="62.272530" lon="24.908590"></trkpt><trkpt lat="62.262290" lon="24.899420"></trkpt><trkpt lat="62.273930" lon="24.907330"></trkpt><trkpt lat="62.282000" lon="24.908060"></trkpt><trkpt lat="62.289950" lon="24.908770"></trkpt><trkpt lat="62.300850" lon="24.911040"></trkpt><trkpt lat="62.291430" lon="24.913880"></trkpt><trkpt lat="62.298560" lon="24.929730"></trkpt><trkpt lat="62.307320" lon="24.934820"></trkpt><trkpt lat="62.319450" lon="24.945590"></trkpt><trkpt lat="62.327860" lon="24.948870"></trkpt><trkpt lat="62.318100" lon="24.947740"></trkpt><trkpt lat="62.326500" lon="24.954690"></trkpt><trkpt lat="62.336820" lon="24.962280"></trkpt><trkpt lat="62.389080" lon="24.970180"></trkpt><trkpt lat="62.390990" lon="24.997240"></trkpt><trkpt lat="62.341040" lon="25.000240"></trkpt><trkpt lat="62.324760" lon="24.989700"></trkpt><trkpt lat="62.328660" lon="24.974210"></trkpt><trkpt lat="62.338150" lon="24.985510"></trkpt><trkpt lat="62.345910" lon="24.993450"></trkpt><trkpt lat="62.352300" lon="25.002170"></trkpt><trkpt lat="62.342450" lon="24.996720"></trkpt><trkpt lat="62.332260" lon="24.989940"></trkpt><trkpt lat="62.319750" lon="24.988690"></trkpt><trkpt lat="62.313080" lon="24.977140"></trkpt><trkpt lat="62.322810" lon="24.982730"></trkpt><trkpt lat="62.317910" lon="24.996850"></trkpt><trkpt lat="62.316740" lon="25.019300"></trkpt><trkpt lat="62.311300" lon="25.003330"></trkpt><trkpt lat="62.298580" lon="24.997070"></trkpt><trkpt lat="62.294130" lon="24.972090"></trkpt><trkpt lat="62.286260" lon="24.960940"></trkpt><trkpt lat="62.292060" lon="24.976820"></trkpt><trkpt lat="62.299390" lon="24.986060"></trkpt><trkpt lat="62.314960" lon="24.987780"></trkpt><trkpt lat="62.324730" lon="24.997270"></trkpt><trkpt lat="62.330460" lon="25.010250"></trkpt><trkpt lat="62.343910" lon="25.019030"></trkpt><trkpt lat="62.350000" lon="25.028790"></trkpt><trkpt lat="62.329950" lon="25.019590"></trkpt><trkpt lat="62.323030" lon="25.011130"></trkpt><trkpt lat="62.342440" lon="25.022430"></trkpt><trkpt lat="62.325110" lon="25.016260"></trkpt><trkpt lat="62.316160" lon="25.011860"></trkpt><trkpt lat="62.307670" lon="25.007630"></trkpt><trkpt lat="62.311500" lon="24.988930"></trkpt><trkpt lat="62.300460" lon="24.984560"></trkpt><trkpt lat="62.293050" lon="24.990810"></trkpt><trkpt lat="62.284170" lon="24.979220"></trkpt><trkpt lat="62.274340" lon="24.970020"></trkpt><trkpt lat="62.267800" lon="24.962750"></trkpt><trkpt lat="62.257760" lon="24.951730"></trkpt><trkpt lat="62.264300" lon="24.942710"></trkpt><trkpt lat="62.256510" lon="24.930640"></trkpt><trkpt lat="62.251990" lon="24.918140"></trkpt><trkpt lat="62.244530" lon="24.906650"></trkpt><trkpt lat="62.238180" lon="24.897340"></trkpt><trkpt lat="62.231160" lon="24.885560"></trkpt><trkpt lat="62.222640" lon="24.880290"></trkpt><trkpt lat="62.215590" lon="24.866280"></trkpt><trkpt lat="62.207980" lon="24.863020"></trkpt><trkpt lat="62.201640" lon="24.852000"></trkpt><trkpt lat="62.193820" lon="24.842210"></trkpt><trkpt lat="62.184520" lon="24.841310"></trkpt><trkpt lat="62.175570" lon="24.834580"></trkpt><trkpt lat="62.193430" lon="24.833790"></trkpt><trkpt lat="62.195680" lon="24.812480"></trkpt><trkpt lat="62.182160" lon="24.812840"></trkpt><trkpt lat="62.173430" lon="24.802600"></trkpt><trkpt lat="62.166730" lon="24.796100"></trkpt><trkpt lat="62.146020" lon="24.786650"></trkpt><trkpt lat="62.138780" lon="24.786040"></trkpt><trkpt lat="62.129700" lon="24.782590"></trkpt><trkpt lat="62.118540" lon="24.789610"></trkpt><trkpt lat="62.127010" lon="24.789720"></trkpt><trkpt lat="62.114690" lon="24.809010"></trkpt><trkpt lat="62.107270" lon="24.796830"></trkpt><trkpt lat="62.098380" lon="24.794640"></trkpt><trkpt lat="62.090810" lon="24.789810"></trkpt><trkpt lat="62.094860" lon="24.804550"></trkpt><trkpt lat="62.085850" lon="24.795240"></trkpt><trkpt lat="62.079630" lon="24.785800"></trkpt><trkpt lat="62.092710" lon="24.776560"></trkpt><trkpt lat="62.109060" lon="24.776700"></trkpt><trkpt lat="62.104760" lon="24.798230"></trkpt><trkpt lat="62.114860" lon="24.803190"></trkpt><trkpt lat="62.124290" lon="24.812550"></trkpt><trkpt lat="62.130540" lon="24.825210"></trkpt><trkpt lat="62.139920" lon="24.830250"></trkpt><trkpt lat="62.131140" lon="24.831740"></trkpt><trkpt lat="62.143680" lon="24.840350"></trkpt><trkpt lat="62.150550" lon="24.845670"></trkpt><trkpt lat="62.179680" lon="24.846040"></trkpt><trkpt lat="62.180590" lon="24.828490"></trkpt><trkpt lat="62.160910" lon="24.828740"></trkpt><trkpt lat="62.160270" lon="24.845650"></trkpt><trkpt lat="62.169390" lon="24.851060"></trkpt><trkpt lat="62.153240" lon="24.861020"></trkpt><trkpt lat="62.143920" lon="24.829740"></trkpt><trkpt lat="62.133540" lon="24.826790"></trkpt><trkpt lat="62.121840" lon="24.817070"></trkpt><trkpt lat="62.114440" lon="24.811800"></trkpt><trkpt lat="62.107300" lon="24.802290"></trkpt><trkpt lat="62.099140" lon="24.792190"></trkpt><trkpt lat="62.090660" lon="24.790630"></trkpt><trkpt lat="62.082520" lon="24.777220"></trkpt><trkpt lat="62.061940" lon="24.761930"></trkpt><trkpt lat="62.072940" lon="24.754550"></trkpt><trkpt lat="62.062190" lon="24.755140"></trkpt><trkpt lat="62.053800" lon="24.745150"></trkpt><trkpt lat="62.041650" lon="24.741550"></trkpt><trkpt lat="62.062740" lon="24.743770"></trkpt><trkpt lat="62.057890" lon="24.729960"></trkpt><trkpt lat="62.045640" lon="24.726430"></trkpt><trkpt lat="62.037900" lon="24.722190"></trkpt><trkpt lat="62.024280" lon="24.710120"></trkpt><trkpt lat="62.009170" lon="24.714140"></trkpt><trkpt lat="62.019690" lon="24.710890"></trkpt><trkpt lat="62.010370" lon="24.719090"></trkpt><trkpt lat="62.017180" lon="24.728630"></trkpt><trkpt lat="62.026640" lon="24.732560"></trkpt><trkpt lat="62.033910" lon="24.753940"></trkpt><trkpt lat="62.050110" lon="24.756660"></trkpt><trkpt lat="62.049980" lon="24.736900"></trkpt><trkpt lat="62.039100" lon="24.733390"></trkpt><trkpt lat="62.045500" lon="24.741660"></trkpt><trkpt lat="62.052940" lon="24.750830"></trkpt><trkpt lat="62.064010" lon="24.761790"></trkpt><trkpt lat="62.072000" lon="24.774880"></trkpt><trkpt lat="62.080930" lon="24.785530"></trkpt><trkpt lat="62.095880" lon="24.800910"></trkpt><trkpt lat="62.100580" lon="24.813590"></trkpt><trkpt lat="62.111610" lon="24.824880"></trkpt><trkpt lat="62.128880" lon="24.840340"></trkpt><trkpt lat="62.130850" lon="24.864350"></trkpt><trkpt lat="62.147340" lon="24.868090"></trkpt><trkpt lat="62.155750" lon="24.895230"></trkpt><trkpt lat="62.206480" lon="24.895360"></trkpt><trkpt lat="62.221430" lon="24.904450"></trkpt><trkpt lat="62.229050" lon="24.911030"></trkpt><trkpt lat="62.231320" lon="24.926740"></trkpt><trkpt lat="62.241040" lon="24.931560"></trkpt><trkpt lat="62.254680" lon="24.941380"></trkpt><trkpt lat="62.270970" lon="24.954160"></trkpt><trkpt lat="62.269920" lon="24.932940"></trkpt><trkpt lat="62.261540" lon="24.935810"></trkpt><trkpt lat="62.253670" lon="24.929890"></trkpt><trkpt lat="62.240520" lon="24.921600"></trkpt><trkpt lat="62.232020" lon="24.914490"></trkpt><trkpt lat="62.224560" lon="24.910870"></trkpt><trkpt lat="62.213800" lon="24.903490"></trkpt><trkpt lat="62.210930" lon="24.885490"></trkpt><trkpt lat="62.224530" lon="24.886900"></trkpt><trkpt lat="62.207680" lon="24.889140"></trkpt><trkpt lat="62.190630" lon="24.882510"></trkpt><trkpt lat="62.176990" lon="24.878790"></trkpt><trkpt lat="62.168300" lon="24.874080"></trkpt><trkpt lat="62.163620" lon="24.860910"></trkpt><trkpt lat="62.171150" lon="24.864530"></trkpt><trkpt lat="62.169300" lon="24.845860"></trkpt><trkpt lat="62.163050" lon="24.836780"></trkpt><trkpt lat="62.156290" lon="24.811770"></trkpt><trkpt lat="62.152380" lon="24.796240"></trkpt><trkpt lat="62.139920" lon="24.787410"></trkpt><trkpt lat="62.151220" lon="24.786770"></trkpt><trkpt lat="62.141200" lon="24.776550"></trkpt><trkpt lat="62.151030" lon="24.772550"></trkpt><trkpt lat="62.142770" lon="24.769710"></trkpt><trkpt lat="62.135940" lon="24.761800"></trkpt><trkpt lat="62.127100" lon="24.750440"></trkpt><trkpt lat="62.120900" lon="24.740930"></trkpt><trkpt lat="62.128650" lon="24.732320"></trkpt><trkpt lat="62.131080" lon="24.714950"></trkpt><trkpt lat="62.121340" lon="24.707110"></trkpt><trkpt lat="62.131030" lon="24.711740"></trkpt><trkpt lat="62.139910" lon="24.724410"></trkpt><trkpt lat="62.146160" lon="24.732240"></trkpt><trkpt lat="62.144780" lon="24.749700"></trkpt><trkpt lat="62.135190" lon="24.744120"></trkpt><trkpt lat="62.136050" lon="24.715990"></trkpt><trkpt lat="62.118380" lon="24.728540"></trkpt><trkpt lat="62.105370" lon="24.729800"></trkpt><trkpt lat="62.096570" lon="24.731940"></trkpt><trkpt lat="62.107250" lon="24.726530"></trkpt><trkpt lat="62.124650" lon="24.733670"></trkpt><trkpt lat="62.115920" lon="24.733760"></trkpt><trkpt lat="62.126000" lon="24.736510"></trkpt><trkpt lat="62.127980" lon="24.753700"></trkpt><trkpt lat="62.116580" lon="24.767620"></trkpt><trkpt lat="62.127860" lon="24.771250"></trkpt><trkpt lat="62.131380" lon="24.736990"></trkpt><trkpt lat="62.135920" lon="24.749190"></trkpt><trkpt lat="62.127280" lon="24.748390"></trkpt><trkpt lat="62.135880" lon="24.758600"></trkpt><trkpt lat="62.146190" lon="24.761830"></trkpt><trkpt lat="62.159570" lon="24.754690"></trkpt><trkpt lat="62.187770" lon="24.765100"></trkpt><trkpt lat="62.194500" lon="24.771820"></trkpt><trkpt lat="62.203870" lon="24.776820"></trkpt><trkpt lat="62.215030" lon="24.785310"></trkpt><trkpt lat="62.233410" lon="24.788340"></trkpt><trkpt lat="62.248670" lon="24.796120"></trkpt><trkpt lat="62.228270" lon="24.801390"></trkpt><trkpt lat="62.222080" lon="24.790860"></trkpt><trkpt lat="62.213690" lon="24.779510"></trkpt><trkpt lat="62.223490" lon="24.777530"></trkpt><trkpt lat="62.230140" lon="24.789930"></trkpt><trkpt lat="62.240040" lon="24.808880"></trkpt><trkpt lat="62.257410" lon="24.806470"></trkpt><trkpt lat="62.261390" lon="24.780340"></trkpt><trkpt lat="62.273610" lon="24.790240"></trkpt><trkpt lat="62.269780" lon="24.804280"></trkpt><trkpt lat="62.262400" lon="24.803310"></trkpt><trkpt lat="62.254430" lon="24.799290"></trkpt><trkpt lat="62.246750" lon="24.785920"></trkpt><trkpt lat="62.248760" lon="24.801060"></trkpt><trkpt lat="62.259850" lon="24.810040"></trkpt><trkpt lat="62.249180" lon="24.802640"></trkpt><trkpt lat="62.252980" lon="24.820920"></trkpt><trkpt lat="62.286670" lon="24.820730"></trkpt><trkpt lat="62.272600" lon="24.817230"></trkpt><trkpt lat="62.275490" lon="24.832740"></trkpt><trkpt lat="62.285780" lon="24.840880"></trkpt><trkpt lat="62.293150" lon="24.853330"></trkpt><trkpt lat="62.296720" lon="24.871180"></trkpt><trkpt lat="62.305640" lon="24.868110"></trkpt><trkpt lat="62.314840" lon="24.933750"></trkpt><trkpt lat="62.325250" lon="24.947320"></trkpt><trkpt lat="62.340610" lon="24.954560"></trkpt><trkpt lat="62.328950" lon="24.958000"></trkpt><trkpt lat="62.321220" lon="24.952120"></trkpt><trkpt lat="62.328620" lon="24.959750"></trkpt><trkpt lat="62.335100" lon="24.976050"></trkpt><trkpt lat="62.343000" lon="24.976460"></trkpt><trkpt lat="62.348900" lon="24.990960"></trkpt><trkpt lat="62.336680" lon="24.997560"></trkpt><trkpt lat="62.344770" lon="25.006070"></trkpt><trkpt lat="62.345940" lon="24.984790"></trkpt><trkpt lat="62.348970" lon="24.934460"></trkpt><trkpt lat="62.351720" lon="24.958750"></trkpt><trkpt lat="62.361390" lon="24.964560"></trkpt><trkpt lat="62.353310" lon="24.968960"></trkpt><trkpt lat="62.362350" lon="24.963710"></trkpt><trkpt lat="62.376670" lon="24.970630"></trkpt><trkpt lat="62.369140" lon="24.973200"></trkpt><trkpt lat="62.382380" lon="24.974430"></trkpt><trkpt lat="62.391710" lon="24.978280"></trkpt><trkpt lat="62.383250" lon="24.975440"></trkpt><trkpt lat="62.393020" lon="24.968200"></trkpt><trkpt lat="62.401740" lon="24.973310"></trkpt><trkpt lat="62.413630" lon="24.979650"></trkpt><trkpt lat="62.421080" lon="24.985260"></trkpt><trkpt lat="62.436720" lon="24.995890"></trkpt><trkpt lat="62.450120" lon="25.004670"></trkpt><trkpt lat="62.459060" lon="25.013060"></trkpt><trkpt lat="62.470290" lon="25.017880"></trkpt><trkpt lat="62.473290" lon="25.033630"></trkpt><trkpt lat="62.458150" lon="25.070700"></trkpt><trkpt lat="62.449760" lon="25.059730"></trkpt><trkpt lat="62.441340" lon="25.057780"></trkpt><trkpt lat="62.433870" lon="25.053540"></trkpt><trkpt lat="62.442890" lon="25.056030"></trkpt><trkpt lat="62.469600" lon="25.064370"></trkpt><trkpt lat="62.460410" lon="25.046460"></trkpt><trkpt lat="62.447820" lon="25.045490"></trkpt><trkpt lat="62.435400" lon="25.029910"></trkpt><trkpt lat="62.427730" lon="25.017680"></trkpt><trkpt lat="62.420140" lon="25.004670"></trkpt><trkpt lat="62.413510" lon="24.991560"></trkpt><trkpt lat="62.401300" lon="24.959470"></trkpt><trkpt lat="62.396810" lon="24.944900"></trkpt><trkpt lat="62.389870" lon="24.934220"></trkpt><trkpt lat="62.381310" lon="24.925020"></trkpt><trkpt lat="62.353250" lon="24.918520"></trkpt><trkpt lat="62.343830" lon="24.905720"></trkpt><trkpt lat="62.335430" lon="24.895090"></trkpt><trkpt lat="62.323470" lon="24.897920"></trkpt><trkpt lat="62.324550" lon="24.913910"></trkpt><trkpt lat="62.330960" lon="24.923490"></trkpt><trkpt lat="62.342910" lon="24.927680"></trkpt><trkpt lat="62.344880" lon="24.955940"></trkpt><trkpt lat="62.358510" lon="24.964930"></trkpt><trkpt lat="62.368800" lon="24.971890"></trkpt><trkpt lat="62.381950" lon="24.975020"></trkpt><trkpt lat="62.415810" lon="24.982460"></trkpt><trkpt lat="62.425740" lon="24.989000"></trkpt><trkpt lat="62.430970" lon="25.000010"></trkpt><trkpt lat="62.441350" lon="25.002760"></trkpt><trkpt lat="62.454290" lon="25.010420"></trkpt><trkpt lat="62.469880" lon="25.022860"></trkpt><trkpt lat="62.485590" lon="25.037860"></trkpt><trkpt lat="62.499330" lon="25.020930"></trkpt><trkpt lat="62.480270" lon="25.017840"></trkpt><trkpt lat="62.473730" lon="25.001850"></trkpt><trkpt lat="62.481730" lon="25.015600"></trkpt><trkpt lat="62.490090" lon="25.025850"></trkpt><trkpt lat="62.497710" lon="25.050650"></trkpt><trkpt lat="62.457410" lon="25.050730"></trkpt><trkpt lat="62.448470" lon="25.049500"></trkpt><trkpt lat="62.438690" lon="25.035830"></trkpt><trkpt lat="62.428890" lon="25.024350"></trkpt><trkpt lat="62.420380" lon="25.011350"></trkpt><trkpt lat="62.414430" lon="24.999000"></trkpt><trkpt lat="62.405960" lon="24.991090"></trkpt><trkpt lat="62.399520" lon="24.979580"></trkpt><trkpt lat="62.390950" lon="24.973590"></trkpt><trkpt lat="62.396550" lon="24.949700"></trkpt><trkpt lat="62.403200" lon="24.963980"></trkpt><trkpt lat="62.397270" lon="24.948150"></trkpt><trkpt lat="62.405640" lon="24.950270"></trkpt><trkpt lat="62.412690" lon="24.958410"></trkpt><trkpt lat="62.421790" lon="24.959300"></trkpt><trkpt lat="62.429720" lon="24.963820"></trkpt><trkpt lat="62.439530" lon="24.969110"></trkpt><trkpt lat="62.431790" lon="24.966660"></trkpt><trkpt lat="62.440750" lon="24.972980"></trkpt><trkpt lat="62.451530" lon="24.983030"></trkpt><trkpt lat="62.460840" lon="24.991370"></trkpt><trkpt lat="62.461230" lon="25.056440"></trkpt><trkpt lat="62.501660" lon="25.065590"></trkpt><trkpt lat="62.509360" lon="25.072710"></trkpt><trkpt lat="62.517050" lon="25.080500"></trkpt><trkpt lat="62.524860" lon="25.088020"></trkpt><trkpt lat="62.534080" lon="25.098720"></trkpt><trkpt lat="62.542760" lon="25.117330"></trkpt><trkpt lat="62.550840" lon="25.127530"></trkpt><trkpt lat="62.557030" lon="25.101830"></trkpt><trkpt lat="62.561920" lon="25.116470"></trkpt><trkpt lat="62.571120" lon="25.121550"></trkpt><trkpt lat="62.580590" lon="25.124030"></trkpt><trkpt lat="62.591830" lon="25.139580"></trkpt><trkpt lat="62.597850" lon="25.149380"></trkpt><trkpt lat="62.613110" lon="25.149540"></trkpt><trkpt lat="62.610940" lon="25.125250"></trkpt><trkpt lat="62.619910" lon="25.138800"></trkpt><trkpt lat="62.628770" lon="25.147250"></trkpt><trkpt lat="62.635520" lon="25.152790"></trkpt><trkpt lat="62.652980" lon="25.163830"></trkpt><trkpt lat="62.643970" lon="25.172630"></trkpt><trkpt lat="62.653080" lon="25.145240"></trkpt><trkpt lat="62.660730" lon="25.149800"></trkpt><trkpt lat="62.669190" lon="25.155800"></trkpt><trkpt lat="62.662010" lon="25.171740"></trkpt><trkpt lat="62.652130" lon="25.170220"></trkpt><trkpt lat="62.660330" lon="25.182930"></trkpt><trkpt lat="62.669000" lon="25.188910"></trkpt><trkpt lat="62.676370" lon="25.197130"></trkpt><trkpt lat="62.668080" lon="25.202390"></trkpt><trkpt lat="62.679030" lon="25.202980"></trkpt><trkpt lat="62.686950" lon="25.211530"></trkpt><trkpt lat="62.701130" lon="25.216640"></trkpt><trkpt lat="62.710090" lon="25.220850"></trkpt><trkpt lat="62.702140" lon="25.222160"></trkpt><trkpt lat="62.687810" lon="25.211450"></trkpt><trkpt lat="62.693450" lon="25.200780"></trkpt><trkpt lat="62.683500" lon="25.207280"></trkpt><trkpt lat="62.673080" lon="25.200160"></trkpt><trkpt lat="62.682580" lon="25.206390"></trkpt><trkpt lat="62.687850" lon="25.219970"></trkpt><trkpt lat="62.698350" lon="25.221680"></trkpt><trkpt lat="62.710280" lon="25.222290"></trkpt><trkpt lat="62.728620" lon="25.231780"></trkpt><trkpt lat="62.721700" lon="25.245550"></trkpt><trkpt lat="62.733140" lon="25.243130"></trkpt><trkpt lat="62.738720" lon="25.255860"></trkpt><trkpt lat="62.751070" lon="25.259360"></trkpt><trkpt lat="62.743190" lon="25.257790"></trkpt><trkpt lat="62.747950" lon="25.271550"></trkpt><trkpt lat="62.759680" lon="25.275180"></trkpt><trkpt lat="62.769260" lon="25.277910"></trkpt><trkpt lat="62.777920" lon="25.280280"></trkpt><trkpt lat="62.788150" lon="25.296140"></trkpt><trkpt lat="62.792950" lon="25.310270"></trkpt><trkpt lat="62.815890" lon="25.318120"></trkpt><trkpt lat="62.820580" lon="25.331770"></trkpt><trkpt lat="62.832260" lon="25.336760"></trkpt><trkpt lat="62.841310" lon="25.343770"></trkpt><trkpt lat="62.857880" lon="25.349930"></trkpt><trkpt lat="62.866600" lon="25.332550"></trkpt><trkpt lat="62.875370" lon="25.348200"></trkpt><trkpt lat="62.883210" lon="25.355830"></trkpt><trkpt lat="62.893090" lon="25.387990"></trkpt><trkpt lat="62.900360" lon="25.392340"></trkpt><trkpt lat="62.908000" lon="25.397070"></trkpt><trkpt lat="62.910450" lon="25.412560"></trkpt><trkpt lat="62.915780" lon="25.438280"></trkpt><trkpt lat="62.923260" lon="25.447110"></trkpt><trkpt lat="62.932050" lon="25.451850"></trkpt><trkpt lat="62.940580" lon="25.458210"></trkpt><trkpt lat="62.942100" lon="25.441850"></trkpt><trkpt lat="62.931700" lon="25.446250"></trkpt><trkpt lat="62.941610" lon="25.450810"></trkpt><trkpt lat="62.951240" lon="25.461960"></trkpt><trkpt lat="62.961030" lon="25.462160"></trkpt><trkpt lat="62.978220" lon="25.445570"></trkpt><trkpt lat="62.984980" lon="25.484070"></trkpt><trkpt lat="63.012230" lon="25.487960"></trkpt><trkpt lat="63.017290" lon="25.467680"></trkpt><trkpt lat="62.967240" lon="25.474060"></trkpt><trkpt lat="62.968730" lon="25.457820"></trkpt><trkpt lat="62.950550" lon="25.460100"></trkpt><trkpt lat="62.939650" lon="25.466570"></trkpt><trkpt lat="62.904560" lon="25.457800"></trkpt><trkpt lat="62.912010" lon="25.459220"></trkpt><trkpt lat="62.920880" lon="25.469850"></trkpt><trkpt lat="62.928490" lon="25.483320"></trkpt><trkpt lat="62.935560" lon="25.496860"></trkpt><trkpt lat="62.951900" lon="25.501140"></trkpt><trkpt lat="62.962080" lon="25.510610"></trkpt><trkpt lat="62.954650" lon="25.509050"></trkpt><trkpt lat="62.954860" lon="25.492930"></trkpt><trkpt lat="62.941770" lon="25.499920"></trkpt><trkpt lat="62.949950" lon="25.508740"></trkpt><trkpt lat="62.964270" lon="25.519920"></trkpt><trkpt lat="62.971590" lon="25.525700"></trkpt><trkpt lat="62.978190" lon="25.547620"></trkpt><trkpt lat="62.985770" lon="25.557480"></trkpt><trkpt lat="62.992630" lon="25.565080"></trkpt><trkpt lat="63.002770" lon="25.579870"></trkpt><trkpt lat="63.018070" lon="25.577920"></trkpt><trkpt lat="63.010780" lon="25.569330"></trkpt><trkpt lat="63.019050" lon="25.578190"></trkpt><trkpt lat="63.011500" lon="25.579420"></trkpt><trkpt lat="63.015980" lon="25.593870"></trkpt><trkpt lat="63.007480" lon="25.582590"></trkpt><trkpt lat="63.023360" lon="25.590560"></trkpt><trkpt lat="63.032480" lon="25.607300"></trkpt><trkpt lat="63.040910" lon="25.621970"></trkpt><trkpt lat="63.049450" lon="25.625540"></trkpt><trkpt lat="63.056070" lon="25.633040"></trkpt><trkpt lat="63.051470" lon="25.610140"></trkpt><trkpt lat="63.040820" lon="25.609110"></trkpt><trkpt lat="63.039750" lon="25.587000"></trkpt><trkpt lat="63.028220" lon="25.588510"></trkpt><trkpt lat="63.015390" lon="25.603430"></trkpt><trkpt lat="63.037950" lon="25.604820"></trkpt><trkpt lat="63.028960" lon="25.602740"></trkpt><trkpt lat="63.016950" lon="25.591310"></trkpt><trkpt lat="63.011170" lon="25.603010"></trkpt><trkpt lat="63.003850" lon="25.600160"></trkpt><trkpt lat="62.994250" lon="25.596620"></trkpt><trkpt lat="62.988150" lon="25.586900"></trkpt><trkpt lat="62.980190" lon="25.575100"></trkpt><trkpt lat="62.988340" lon="25.589000"></trkpt><trkpt lat="62.995520" lon="25.598820"></trkpt><trkpt lat="63.006290" lon="25.605980"></trkpt><trkpt lat="63.016730" lon="25.614000"></trkpt><trkpt lat="63.009020" lon="25.604730"></trkpt><trkpt lat="63.017930" lon="25.621500"></trkpt><trkpt lat="63.030960" lon="25.627890"></trkpt><trkpt lat="63.038630" lon="25.634860"></trkpt><trkpt lat="63.046620" lon="25.635130"></trkpt><trkpt lat="63.036010" lon="25.642500"></trkpt><trkpt lat="63.025020" lon="25.633030"></trkpt><trkpt lat="63.016020" lon="25.624990"></trkpt><trkpt lat="63.021920" lon="25.606160"></trkpt><trkpt lat="63.030320" lon="25.605880"></trkpt><trkpt lat="63.039520" lon="25.621390"></trkpt><trkpt lat="63.029360" lon="25.623450"></trkpt><trkpt lat="63.041910" lon="25.635140"></trkpt><trkpt lat="63.058980" lon="25.643660"></trkpt><trkpt lat="63.052000" lon="25.658080"></trkpt><trkpt lat="63.059040" lon="25.671500"></trkpt><trkpt lat="63.074270" lon="25.662050"></trkpt><trkpt lat="63.082140" lon="25.668530"></trkpt><trkpt lat="63.089390" lon="25.675060"></trkpt><trkpt lat="63.081100" lon="25.668540"></trkpt><trkpt lat="63.090720" lon="25.679050"></trkpt><trkpt lat="63.097450" lon="25.685150"></trkpt><trkpt lat="63.105880" lon="25.697800"></trkpt><trkpt lat="63.113400" lon="25.703110"></trkpt><trkpt lat="63.121600" lon="25.712880"></trkpt><trkpt lat="63.131270" lon="25.720070"></trkpt><trkpt lat="63.138440" lon="25.727440"></trkpt><trkpt lat="63.148120" lon="25.746310"></trkpt><trkpt lat="63.155950" lon="25.743940"></trkpt><trkpt lat="63.163580" lon="25.747340"></trkpt><trkpt lat="63.169370" lon="25.757400"></trkpt><trkpt lat="63.177100" lon="25.768180"></trkpt><trkpt lat="63.181680" lon="25.781390"></trkpt><trkpt lat="63.197600" lon="25.797090"></trkpt><trkpt lat="63.206940" lon="25.805790"></trkpt><trkpt lat="63.214990" lon="25.812490"></trkpt><trkpt lat="63.222110" lon="25.820440"></trkpt><trkpt lat="63.234380" lon="25.838200"></trkpt><trkpt lat="63.254660" lon="25.836740"></trkpt><trkpt lat="63.244030" lon="25.828650"></trkpt><trkpt lat="63.252430" lon="25.844720"></trkpt><trkpt lat="63.262380" lon="25.853500"></trkpt><trkpt lat="63.270700" lon="25.862990"></trkpt><trkpt lat="63.275690" lon="25.877950"></trkpt><trkpt lat="63.261950" lon="25.883890"></trkpt><trkpt lat="63.280980" lon="25.913680"></trkpt><trkpt lat="63.293080" lon="25.909250"></trkpt><trkpt lat="63.303310" lon="25.922710"></trkpt><trkpt lat="63.294160" lon="25.925240"></trkpt><trkpt lat="63.302410" lon="25.936140"></trkpt><trkpt lat="63.311260" lon="25.945960"></trkpt><trkpt lat="63.317450" lon="25.958850"></trkpt><trkpt lat="63.337270" lon="25.943200"></trkpt><trkpt lat="63.350020" lon="25.951910"></trkpt><trkpt lat="63.355410" lon="25.970230"></trkpt><trkpt lat="63.365230" lon="25.974530"></trkpt><trkpt lat="63.463570" lon="25.961560"></trkpt><trkpt lat="63.462560" lon="25.984720"></trkpt><trkpt lat="63.482410" lon="25.982800"></trkpt><trkpt lat="63.481090" lon="25.963840"></trkpt><trkpt lat="63.459050" lon="25.966080"></trkpt><trkpt lat="63.464130" lon="25.866130"></trkpt><trkpt lat="63.570920" lon="25.854210"></trkpt><trkpt lat="63.569910" lon="25.877370"></trkpt><trkpt lat="63.589760" lon="25.875450"></trkpt><trkpt lat="63.597910" lon="25.884500"></trkpt><trkpt lat="63.589230" lon="25.878330"></trkpt><trkpt lat="63.607210" lon="25.877520"></trkpt><trkpt lat="63.613360" lon="25.887870"></trkpt><trkpt lat="63.605690" lon="25.892970"></trkpt><trkpt lat="63.607000" lon="25.923590"></trkpt><trkpt lat="63.619970" lon="25.923360"></trkpt><trkpt lat="63.623870" lon="25.937850"></trkpt><trkpt lat="63.637550" lon="25.932800"></trkpt><trkpt lat="63.645510" lon="25.936640"></trkpt><trkpt lat="63.652760" lon="25.937850"></trkpt><trkpt lat="63.642980" lon="25.940940"></trkpt><trkpt lat="63.648390" lon="25.954950"></trkpt><trkpt lat="63.655660" lon="25.953580"></trkpt><trkpt lat="63.660970" lon="25.968530"></trkpt><trkpt lat="63.659780" lon="25.990350"></trkpt><trkpt lat="63.668520" lon="26.006470"></trkpt><trkpt lat="63.675960" lon="26.012280"></trkpt><trkpt lat="63.680380" lon="26.035370"></trkpt><trkpt lat="63.689190" lon="26.038830"></trkpt><trkpt lat="63.699890" lon="26.046830"></trkpt><trkpt lat="63.712080" lon="26.050790"></trkpt><trkpt lat="63.719400" lon="26.069100"></trkpt><trkpt lat="63.727120" lon="26.077330"></trkpt><trkpt lat="63.743870" lon="26.082450"></trkpt><trkpt lat="63.755530" lon="26.090450"></trkpt><trkpt lat="63.744440" lon="26.088610"></trkpt><trkpt lat="63.736220" lon="26.090670"></trkpt><trkpt lat="63.747350" lon="26.078000"></trkpt><trkpt lat="63.756850" lon="26.081950"></trkpt><trkpt lat="63.766430" lon="26.088520"></trkpt><trkpt lat="63.776750" lon="26.101860"></trkpt><trkpt lat="63.789030" lon="26.108300"></trkpt><trkpt lat="63.805570" lon="26.124890"></trkpt><trkpt lat="63.815900" lon="26.192610"></trkpt><trkpt lat="63.830360" lon="26.194020"></trkpt><trkpt lat="63.848580" lon="26.196450"></trkpt><trkpt lat="63.870950" lon="26.212860"></trkpt><trkpt lat="63.872120" lon="26.231960"></trkpt><trkpt lat="63.883690" lon="26.231970"></trkpt><trkpt lat="63.890550" lon="26.243120"></trkpt><trkpt lat="63.897400" lon="26.249810"></trkpt><trkpt lat="63.886450" lon="26.245400"></trkpt><trkpt lat="63.870390" lon="26.272050"></trkpt><trkpt lat="63.861130" lon="26.275830"></trkpt><trkpt lat="63.853580" lon="26.306830"></trkpt><trkpt lat="63.850630" lon="26.330960"></trkpt><trkpt lat="63.860420" lon="26.343850"></trkpt><trkpt lat="63.853470" lon="26.336390"></trkpt><trkpt lat="63.844570" lon="26.331580"></trkpt><trkpt lat="63.839360" lon="26.320120"></trkpt><trkpt lat="63.837990" lon="26.337530"></trkpt><trkpt lat="63.835800" lon="26.316580"></trkpt><trkpt lat="63.843970" lon="26.333650"></trkpt><trkpt lat="63.861510" lon="26.338760"></trkpt><trkpt lat="63.844580" lon="26.338170"></trkpt><trkpt lat="63.851270" lon="26.358880"></trkpt><trkpt lat="63.864900" lon="26.394000"></trkpt><trkpt lat="63.869500" lon="26.407840"></trkpt><trkpt lat="63.877590" lon="26.411110"></trkpt><trkpt lat="63.894360" lon="26.406910"></trkpt><trkpt lat="63.875610" lon="26.406510"></trkpt><trkpt lat="63.866140" lon="26.397880"></trkpt><trkpt lat="63.876030" lon="26.403440"></trkpt><trkpt lat="63.875390" lon="26.383960"></trkpt><trkpt lat="63.889290" lon="26.373980"></trkpt><trkpt lat="63.879300" lon="26.375440"></trkpt><trkpt lat="63.872030" lon="26.371440"></trkpt><trkpt lat="63.884070" lon="26.377660"></trkpt><trkpt lat="63.892800" lon="26.379840"></trkpt><trkpt lat="63.902260" lon="26.392030"></trkpt><trkpt lat="63.910240" lon="26.396750"></trkpt><trkpt lat="63.919580" lon="26.408650"></trkpt><trkpt lat="63.933560" lon="26.423120"></trkpt><trkpt lat="63.911970" lon="26.423320"></trkpt><trkpt lat="63.923160" lon="26.431610"></trkpt><trkpt lat="63.932280" lon="26.442400"></trkpt><trkpt lat="63.923210" lon="26.441110"></trkpt><trkpt lat="63.933150" lon="26.441220"></trkpt><trkpt lat="63.940060" lon="26.451190"></trkpt><trkpt lat="63.947850" lon="26.464650"></trkpt><trkpt lat="63.962210" lon="26.475640"></trkpt><trkpt lat="63.971620" lon="26.478890"></trkpt><trkpt lat="63.983280" lon="26.492420"></trkpt><trkpt lat="63.996910" lon="26.499360"></trkpt><trkpt lat="64.001830" lon="26.477830"></trkpt><trkpt lat="64.010000" lon="26.492050"></trkpt><trkpt lat="64.019680" lon="26.485340"></trkpt><trkpt lat="64.029470" lon="26.491350"></trkpt><trkpt lat="64.037210" lon="26.500280"></trkpt><trkpt lat="64.048140" lon="26.505810"></trkpt><trkpt lat="64.054620" lon="26.521290"></trkpt><trkpt lat="64.072160" lon="26.521530"></trkpt><trkpt lat="64.081830" lon="26.541730"></trkpt><trkpt lat="64.062870" lon="26.542010"></trkpt><trkpt lat="64.073020" lon="26.559110"></trkpt><trkpt lat="64.081730" lon="26.566120"></trkpt><trkpt lat="64.091640" lon="26.578460"></trkpt><trkpt lat="64.096960" lon="26.591500"></trkpt><trkpt lat="64.106640" lon="26.596410"></trkpt><trkpt lat="64.156060" lon="26.600660"></trkpt><trkpt lat="64.188320" lon="26.565710"></trkpt><trkpt lat="64.180730" lon="26.570780"></trkpt><trkpt lat="64.180700" lon="26.600540"></trkpt><trkpt lat="64.140240" lon="26.600380"></trkpt><trkpt lat="64.155250" lon="26.596640"></trkpt><trkpt lat="64.163380" lon="26.591360"></trkpt><trkpt lat="64.171620" lon="26.600570"></trkpt><trkpt lat="64.167840" lon="26.622900"></trkpt><trkpt lat="64.174910" lon="26.627930"></trkpt><trkpt lat="64.183460" lon="26.631510"></trkpt><trkpt lat="64.192960" lon="26.636210"></trkpt><trkpt lat="64.203100" lon="26.647450"></trkpt><trkpt lat="64.208340" lon="26.672310"></trkpt><trkpt lat="64.216110" lon="26.685590"></trkpt><trkpt lat="64.228190" lon="26.685980"></trkpt><trkpt lat="64.234870" lon="26.699460"></trkpt><trkpt lat="64.245780" lon="26.683860"></trkpt><trkpt lat="64.254770" lon="26.693390"></trkpt><trkpt lat="64.245500" lon="26.693440"></trkpt><trkpt lat="64.252840" lon="26.696520"></trkpt><trkpt lat="64.263400" lon="26.696760"></trkpt><trkpt lat="64.273760" lon="26.708260"></trkpt><trkpt lat="64.281110" lon="26.715530"></trkpt><trkpt lat="64.290570" lon="26.723140"></trkpt><trkpt lat="64.302880" lon="26.729360"></trkpt><trkpt lat="64.309460" lon="26.741610"></trkpt><trkpt lat="64.319030" lon="26.744190"></trkpt><trkpt lat="64.331430" lon="26.752710"></trkpt><trkpt lat="64.340360" lon="26.759380"></trkpt><trkpt lat="64.329700" lon="26.768210"></trkpt><trkpt lat="64.341140" lon="26.768410"></trkpt><trkpt lat="64.334430" lon="26.759440"></trkpt><trkpt lat="64.338990" lon="26.779640"></trkpt><trkpt lat="64.345500" lon="26.788150"></trkpt><trkpt lat="64.350500" lon="26.802010"></trkpt><trkpt lat="64.359380" lon="26.806720"></trkpt><trkpt lat="64.369690" lon="26.814540"></trkpt><trkpt lat="64.380090" lon="26.811720"></trkpt><trkpt lat="64.398650" lon="26.809980"></trkpt><trkpt lat="64.412160" lon="26.817700"></trkpt><trkpt lat="64.422190" lon="26.827310"></trkpt><trkpt lat="64.430800" lon="26.834110"></trkpt><trkpt lat="64.447020" lon="26.834210"></trkpt><trkpt lat="64.453780" lon="26.822130"></trkpt><trkpt lat="64.464690" lon="26.817650"></trkpt><trkpt lat="64.472650" lon="26.818730"></trkpt><trkpt lat="64.481460" lon="26.827310"></trkpt><trkpt lat="64.489230" lon="26.841240"></trkpt><trkpt lat="64.510390" lon="26.851510"></trkpt><trkpt lat="64.517470" lon="26.859490"></trkpt><trkpt lat="64.524340" lon="26.865600"></trkpt><trkpt lat="64.531430" lon="26.871510"></trkpt><trkpt lat="64.540500" lon="26.884980"></trkpt><trkpt lat="64.549310" lon="26.891450"></trkpt><trkpt lat="64.559490" lon="26.900310"></trkpt><trkpt lat="64.568940" lon="26.909900"></trkpt><trkpt lat="64.577530" lon="26.921570"></trkpt><trkpt lat="64.571700" lon="26.910470"></trkpt><trkpt lat="64.583130" lon="26.909520"></trkpt><trkpt lat="64.584990" lon="26.933490"></trkpt><trkpt lat="64.600350" lon="26.934550"></trkpt><trkpt lat="64.606940" lon="26.946200"></trkpt><trkpt lat="64.615000" lon="26.958580"></trkpt><trkpt lat="64.622250" lon="26.958660"></trkpt><trkpt lat="64.632890" lon="26.962180"></trkpt><trkpt lat="64.640370" lon="26.969090"></trkpt><trkpt lat="64.659240" lon="26.981460"></trkpt><trkpt lat="64.672980" lon="27.040250"></trkpt><trkpt lat="64.682990" lon="27.036590"></trkpt><trkpt lat="64.693360" lon="27.049780"></trkpt><trkpt lat="64.701540" lon="27.072560"></trkpt><trkpt lat="64.708280" lon="27.084930"></trkpt><trkpt lat="64.719690" lon="27.084970"></trkpt><trkpt lat="64.706310" lon="27.093550"></trkpt><trkpt lat="64.714210" lon="27.101620"></trkpt><trkpt lat="64.718090" lon="27.125330"></trkpt><trkpt lat="64.725300" lon="27.128870"></trkpt><trkpt lat="64.724920" lon="27.148370"></trkpt><trkpt lat="64.709450" lon="27.148350"></trkpt><trkpt lat="64.705340" lon="27.128640"></trkpt><trkpt lat="64.712660" lon="27.134640"></trkpt><trkpt lat="64.723860" lon="27.146340"></trkpt><trkpt lat="64.732140" lon="27.151500"></trkpt><trkpt lat="64.720690" lon="27.144310"></trkpt><trkpt lat="64.719740" lon="27.127240"></trkpt><trkpt lat="64.709340" lon="27.118080"></trkpt><trkpt lat="64.701480" lon="27.111510"></trkpt><trkpt lat="64.689780" lon="27.116330"></trkpt><trkpt lat="64.676710" lon="27.101060"></trkpt><trkpt lat="64.666150" lon="27.088590"></trkpt><trkpt lat="64.656300" lon="27.092460"></trkpt><trkpt lat="64.646060" lon="27.088010"></trkpt><trkpt lat="64.654230" lon="27.090540"></trkpt><trkpt lat="64.648150" lon="27.071430"></trkpt><trkpt lat="64.637680" lon="27.066870"></trkpt><trkpt lat="64.630680" lon="27.059150"></trkpt><trkpt lat="64.621910" lon="27.055180"></trkpt><trkpt lat="64.625890" lon="27.041050"></trkpt><trkpt lat="64.615790" lon="27.028320"></trkpt><trkpt lat="64.631570" lon="27.036570"></trkpt><trkpt lat="64.636200" lon="27.023530"></trkpt><trkpt lat="64.624560" lon="27.027240"></trkpt><trkpt lat="64.634900" lon="27.042800"></trkpt><trkpt lat="64.628650" lon="27.028560"></trkpt><trkpt lat="64.641670" lon="27.034980"></trkpt><trkpt lat="64.648620" lon="27.041880"></trkpt><trkpt lat="64.658910" lon="27.036910"></trkpt><trkpt lat="64.649410" lon="27.043000"></trkpt><trkpt lat="64.654760" lon="27.064540"></trkpt><trkpt lat="64.661880" lon="27.068050"></trkpt><trkpt lat="64.654480" lon="27.046410"></trkpt><trkpt lat="64.667030" lon="27.054020"></trkpt><trkpt lat="64.649990" lon="27.060190"></trkpt><trkpt lat="64.655430" lon="27.044290"></trkpt><trkpt lat="64.638470" lon="27.048460"></trkpt><trkpt lat="64.645580" lon="27.055690"></trkpt><trkpt lat="64.653410" lon="27.064410"></trkpt><trkpt lat="64.665290" lon="27.079400"></trkpt><trkpt lat="64.673660" lon="27.087150"></trkpt><trkpt lat="64.681660" lon="27.087370"></trkpt><trkpt lat="64.689650" lon="27.097290"></trkpt><trkpt lat="64.698510" lon="27.109470"></trkpt><trkpt lat="64.706580" lon="27.114840"></trkpt><trkpt lat="64.715020" lon="27.124140"></trkpt><trkpt lat="64.726360" lon="27.135940"></trkpt><trkpt lat="64.734990" lon="27.136740"></trkpt><trkpt lat="64.724920" lon="27.136640"></trkpt><trkpt lat="64.732670" lon="27.140940"></trkpt><trkpt lat="64.741090" lon="27.146390"></trkpt><trkpt lat="64.748260" lon="27.151380"></trkpt><trkpt lat="64.752590" lon="27.168820"></trkpt><trkpt lat="64.779900" lon="27.172430"></trkpt><trkpt lat="64.791070" lon="27.185270"></trkpt><trkpt lat="64.791960" lon="27.213830"></trkpt><trkpt lat="64.801410" lon="27.214250"></trkpt><trkpt lat="64.810520" lon="27.220480"></trkpt><trkpt lat="64.801310" lon="27.215770"></trkpt><trkpt lat="64.794030" lon="27.194830"></trkpt><trkpt lat="64.809710" lon="27.202670"></trkpt><trkpt lat="64.816790" lon="27.229810"></trkpt><trkpt lat="64.824260" lon="27.238130"></trkpt><trkpt lat="64.832820" lon="27.241120"></trkpt><trkpt lat="64.839560" lon="27.251380"></trkpt><trkpt lat="64.846880" lon="27.256290"></trkpt><trkpt lat="64.858400" lon="27.258300"></trkpt><trkpt lat="64.865510" lon="27.269060"></trkpt><trkpt lat="64.874410" lon="27.273390"></trkpt><trkpt lat="64.880140" lon="27.287890"></trkpt><trkpt lat="64.854890" lon="27.288010"></trkpt><trkpt lat="64.867230" lon="27.242680"></trkpt><trkpt lat="64.856910" lon="27.240260"></trkpt><trkpt lat="64.847770" lon="27.230310"></trkpt><trkpt lat="64.847810" lon="27.213300"></trkpt><trkpt lat="64.855650" lon="27.217710"></trkpt><trkpt lat="64.862940" lon="27.224200"></trkpt><trkpt lat="64.846120" lon="27.228690"></trkpt><trkpt lat="64.834160" lon="27.218440"></trkpt><trkpt lat="64.826890" lon="27.212880"></trkpt><trkpt lat="64.818210" lon="27.199020"></trkpt><trkpt lat="64.811640" lon="27.186740"></trkpt><trkpt lat="64.818120" lon="27.194600"></trkpt><trkpt lat="64.820840" lon="27.211540"></trkpt><trkpt lat="64.829350" lon="27.211420"></trkpt><trkpt lat="64.838450" lon="27.221450"></trkpt><trkpt lat="64.852290" lon="27.224250"></trkpt><trkpt lat="64.860280" lon="27.233420"></trkpt><trkpt lat="64.871470" lon="27.256530"></trkpt><trkpt lat="64.884190" lon="27.249220"></trkpt><trkpt lat="64.890340" lon="27.237710"></trkpt><trkpt lat="64.904590" lon="27.253610"></trkpt><trkpt lat="64.913210" lon="27.261930"></trkpt><trkpt lat="64.926720" lon="27.283890"></trkpt><trkpt lat="64.933240" lon="27.299200"></trkpt><trkpt lat="64.943700" lon="27.307010"></trkpt><trkpt lat="64.942910" lon="27.327300"></trkpt><trkpt lat="64.953940" lon="27.327180"></trkpt><trkpt lat="64.973110" lon="27.339100"></trkpt><trkpt lat="64.983680" lon="27.347150"></trkpt><trkpt lat="64.994840" lon="27.343900"></trkpt><trkpt lat="64.987380" lon="27.344070"></trkpt><trkpt lat="64.978750" lon="27.341380"></trkpt><trkpt lat="64.986340" lon="27.327880"></trkpt><trkpt lat="64.968240" lon="27.314550"></trkpt><trkpt lat="64.966970" lon="27.348550"></trkpt><trkpt lat="64.974220" lon="27.357820"></trkpt><trkpt lat="64.981620" lon="27.364420"></trkpt><trkpt lat="64.990010" lon="27.381560"></trkpt><trkpt lat="64.999920" lon="27.387550"></trkpt><trkpt lat="65.021860" lon="27.396680"></trkpt><trkpt lat="65.031100" lon="27.406450"></trkpt><trkpt lat="65.035740" lon="27.421350"></trkpt><trkpt lat="65.044520" lon="27.414250"></trkpt><trkpt lat="65.046640" lon="27.431850"></trkpt><trkpt lat="65.061090" lon="27.432560"></trkpt><trkpt lat="65.068310" lon="27.413690"></trkpt><trkpt lat="65.080170" lon="27.421760"></trkpt><trkpt lat="65.088410" lon="27.435740"></trkpt><trkpt lat="65.104570" lon="27.436790"></trkpt><trkpt lat="65.110680" lon="27.447750"></trkpt><trkpt lat="65.118710" lon="27.457700"></trkpt><trkpt lat="65.126210" lon="27.466950"></trkpt><trkpt lat="65.117290" lon="27.467170"></trkpt><trkpt lat="65.126520" lon="27.479930"></trkpt><trkpt lat="65.133000" lon="27.488510"></trkpt><trkpt lat="65.150260" lon="27.498250"></trkpt><trkpt lat="65.168550" lon="27.504920"></trkpt><trkpt lat="65.176730" lon="27.504710"></trkpt><trkpt lat="65.168280" lon="27.512030"></trkpt><trkpt lat="65.174610" lon="27.535930"></trkpt><trkpt lat="65.186890" lon="27.565790"></trkpt><trkpt lat="65.197090" lon="27.562060"></trkpt><trkpt lat="65.205330" lon="27.562070"></trkpt><trkpt lat="65.187420" lon="27.570450"></trkpt><trkpt lat="65.178810" lon="27.576170"></trkpt><trkpt lat="65.190570" lon="27.583280"></trkpt><trkpt lat="65.199320" lon="27.569770"></trkpt><trkpt lat="65.207030" lon="27.566840"></trkpt><trkpt lat="65.220860" lon="27.573830"></trkpt><trkpt lat="65.227890" lon="27.579920"></trkpt><trkpt lat="65.234310" lon="27.592210"></trkpt><trkpt lat="65.244900" lon="27.599990"></trkpt><trkpt lat="65.254030" lon="27.602780"></trkpt><trkpt lat="65.257670" lon="27.620470"></trkpt><trkpt lat="65.260450" lon="27.603230"></trkpt><trkpt lat="65.252080" lon="27.599290"></trkpt><trkpt lat="65.261300" lon="27.605400"></trkpt><trkpt lat="65.274980" lon="27.621860"></trkpt><trkpt lat="65.284350" lon="27.628880"></trkpt><trkpt lat="65.280370" lon="27.644420"></trkpt><trkpt lat="65.287120" lon="27.659570"></trkpt><trkpt lat="65.298200" lon="27.664480"></trkpt><trkpt lat="65.305740" lon="27.676710"></trkpt><trkpt lat="65.314050" lon="27.679840"></trkpt><trkpt lat="65.328840" lon="27.687420"></trkpt><trkpt lat="65.340920" lon="27.696600"></trkpt><trkpt lat="65.350160" lon="27.701510"></trkpt><trkpt lat="65.358570" lon="27.713490"></trkpt><trkpt lat="65.351010" lon="27.721260"></trkpt><trkpt lat="65.361370" lon="27.729270"></trkpt><trkpt lat="65.370430" lon="27.736930"></trkpt><trkpt lat="65.382170" lon="27.742320"></trkpt><trkpt lat="65.369560" lon="27.753800"></trkpt><trkpt lat="65.378320" lon="27.744900"></trkpt><trkpt lat="65.369900" lon="27.752720"></trkpt><trkpt lat="65.379440" lon="27.743060"></trkpt><trkpt lat="65.369460" lon="27.752820"></trkpt><trkpt lat="65.380230" lon="27.742030"></trkpt><trkpt lat="65.372100" lon="27.738040"></trkpt><trkpt lat="65.354480" lon="27.737280"></trkpt><trkpt lat="65.346860" lon="27.721920"></trkpt><trkpt lat="65.338280" lon="27.718700"></trkpt><trkpt lat="65.348660" lon="27.727780"></trkpt><trkpt lat="65.359770" lon="27.731890"></trkpt><trkpt lat="65.358760" lon="27.709220"></trkpt><trkpt lat="65.347690" lon="27.701090"></trkpt><trkpt lat="65.339050" lon="27.698730"></trkpt><trkpt lat="65.348630" lon="27.707070"></trkpt><trkpt lat="65.340050" lon="27.703950"></trkpt><trkpt lat="65.333500" lon="27.691580"></trkpt><trkpt lat="65.323410" lon="27.682200"></trkpt><trkpt lat="65.332400" lon="27.684540"></trkpt><trkpt lat="65.346450" lon="27.685830"></trkpt><trkpt lat="65.364310" lon="27.688520"></trkpt><trkpt lat="65.374260" lon="27.691010"></trkpt><trkpt lat="65.366810" lon="27.697590"></trkpt><trkpt lat="65.378220" lon="27.695680"></trkpt><trkpt lat="65.386700" lon="27.701170"></trkpt><trkpt lat="65.394070" lon="27.701220"></trkpt><trkpt lat="65.401170" lon="27.723040"></trkpt><trkpt lat="65.406210" lon="27.745180"></trkpt><trkpt lat="65.397790" lon="27.737300"></trkpt><trkpt lat="65.390290" lon="27.731170"></trkpt><trkpt lat="65.384340" lon="27.718320"></trkpt><trkpt lat="65.393520" lon="27.722400"></trkpt><trkpt lat="65.403500" lon="27.732590"></trkpt><trkpt lat="65.411820" lon="27.740950"></trkpt><trkpt lat="65.426280" lon="27.747730"></trkpt><trkpt lat="65.429370" lon="27.729650"></trkpt><trkpt lat="65.416160" lon="27.730470"></trkpt><trkpt lat="65.408260" lon="27.719680"></trkpt><trkpt lat="65.396930" lon="27.707950"></trkpt><trkpt lat="65.379650" lon="27.703870"></trkpt><trkpt lat="65.373920" lon="27.691100"></trkpt><trkpt lat="65.365460" lon="27.681830"></trkpt><trkpt lat="65.379790" lon="27.681560"></trkpt><trkpt lat="65.367340" lon="27.674130"></trkpt><trkpt lat="65.357440" lon="27.665580"></trkpt><trkpt lat="65.368540" lon="27.663630"></trkpt><trkpt lat="65.360900" lon="27.650680"></trkpt><trkpt lat="65.353470" lon="27.646520"></trkpt><trkpt lat="65.361510" lon="27.689850"></trkpt><trkpt lat="65.395110" lon="27.691740"></trkpt><trkpt lat="65.396230" lon="27.638770"></trkpt><trkpt lat="65.359550" lon="27.639290"></trkpt><trkpt lat="65.385710" lon="27.649490"></trkpt><trkpt lat="65.392300" lon="27.657440"></trkpt><trkpt lat="65.400840" lon="27.665720"></trkpt><trkpt lat="65.410630" lon="27.676050"></trkpt><trkpt lat="65.423730" lon="27.684250"></trkpt><trkpt lat="65.414190" lon="27.677180"></trkpt><trkpt lat="65.424420" lon="27.678740"></trkpt><trkpt lat="65.430480" lon="27.699530"></trkpt><trkpt lat="65.444330" lon="27.699850"></trkpt><trkpt lat="65.430350" lon="27.695640"></trkpt><trkpt lat="65.420400" lon="27.688650"></trkpt><trkpt lat="65.419760" lon="27.707500"></trkpt><trkpt lat="65.425820" lon="27.688180"></trkpt><trkpt lat="65.430070" lon="27.702500"></trkpt><trkpt lat="65.438590" lon="27.707510"></trkpt><trkpt lat="65.446900" lon="27.718720"></trkpt><trkpt lat="65.457610" lon="27.727410"></trkpt><trkpt lat="65.465590" lon="27.723820"></trkpt><trkpt lat="65.475540" lon="27.728860"></trkpt><trkpt lat="65.481980" lon="27.737600"></trkpt><trkpt lat="65.491120" lon="27.741480"></trkpt><trkpt lat="65.473230" lon="27.741510"></trkpt><trkpt lat="65.482470" lon="27.750780"></trkpt><trkpt lat="65.489540" lon="27.762810"></trkpt><trkpt lat="65.500610" lon="27.755070"></trkpt><trkpt lat="65.510160" lon="27.775140"></trkpt><trkpt lat="65.518050" lon="27.783700"></trkpt><trkpt lat="65.527750" lon="27.793550"></trkpt><trkpt lat="65.537300" lon="27.801230"></trkpt><trkpt lat="65.542750" lon="27.823110"></trkpt><trkpt lat="65.508880" lon="27.828670"></trkpt><trkpt lat="65.517060" lon="27.830700"></trkpt><trkpt lat="65.524260" lon="27.843750"></trkpt><trkpt lat="65.532110" lon="27.838820"></trkpt><trkpt lat="65.542180" lon="27.847920"></trkpt><trkpt lat="65.554100" lon="27.857560"></trkpt><trkpt lat="65.563310" lon="27.868400"></trkpt><trkpt lat="65.570950" lon="27.880100"></trkpt><trkpt lat="65.584250" lon="27.879410"></trkpt><trkpt lat="65.595980" lon="27.887130"></trkpt><trkpt lat="65.604770" lon="27.896040"></trkpt><trkpt lat="65.591790" lon="27.896980"></trkpt><trkpt lat="65.599250" lon="27.895840"></trkpt><trkpt lat="65.607710" lon="27.905990"></trkpt><trkpt lat="65.587460" lon="27.918680"></trkpt><trkpt lat="65.605110" lon="27.926250"></trkpt><trkpt lat="65.615010" lon="27.931330"></trkpt><trkpt lat="65.594550" lon="27.932080"></trkpt><trkpt lat="65.601840" lon="27.939640"></trkpt><trkpt lat="65.617860" lon="27.948520"></trkpt><trkpt lat="65.625470" lon="27.943390"></trkpt><trkpt lat="65.632730" lon="27.955880"></trkpt><trkpt lat="65.641710" lon="27.957030"></trkpt><trkpt lat="65.652460" lon="27.961800"></trkpt><trkpt lat="65.664340" lon="27.969890"></trkpt><trkpt lat="65.672510" lon="27.976180"></trkpt><trkpt lat="65.678570" lon="27.986080"></trkpt><trkpt lat="65.687010" lon="27.992230"></trkpt><trkpt lat="65.693760" lon="28.009180"></trkpt><trkpt lat="65.699100" lon="28.024550"></trkpt><trkpt lat="65.707930" lon="28.033950"></trkpt><trkpt lat="65.738510" lon="28.047470"></trkpt><trkpt lat="65.731950" lon="28.026310"></trkpt><trkpt lat="65.744980" lon="28.032650"></trkpt><trkpt lat="65.752230" lon="28.041130"></trkpt><trkpt lat="65.763830" lon="28.051320"></trkpt><trkpt lat="65.769970" lon="28.066380"></trkpt><trkpt lat="65.786290" lon="28.069360"></trkpt><trkpt lat="65.797300" lon="28.074190"></trkpt><trkpt lat="65.787910" lon="28.064380"></trkpt><trkpt lat="65.797810" lon="28.066390"></trkpt><trkpt lat="65.786690" lon="28.059230"></trkpt><trkpt lat="65.778140" lon="28.053730"></trkpt><trkpt lat="65.789570" lon="28.056580"></trkpt><trkpt lat="65.799220" lon="28.054940"></trkpt><trkpt lat="65.806270" lon="28.065450"></trkpt><trkpt lat="65.814510" lon="28.066070"></trkpt><trkpt lat="65.824170" lon="28.074420"></trkpt><trkpt lat="65.836380" lon="28.083390"></trkpt><trkpt lat="65.849360" lon="28.081960"></trkpt><trkpt lat="65.859480" lon="28.090260"></trkpt><trkpt lat="65.880940" lon="28.097570"></trkpt><trkpt lat="65.886250" lon="28.111960"></trkpt><trkpt lat="65.898630" lon="28.117440"></trkpt><trkpt lat="65.914700" lon="28.129150"></trkpt><trkpt lat="65.920910" lon="28.141380"></trkpt><trkpt lat="65.952140" lon="28.149400"></trkpt><trkpt lat="65.956220" lon="28.164270"></trkpt><trkpt lat="65.965090" lon="28.170280"></trkpt><trkpt lat="65.976350" lon="28.176960"></trkpt><trkpt lat="65.982230" lon="28.192020"></trkpt><trkpt lat="65.991220" lon="28.194420"></trkpt><trkpt lat="65.999110" lon="28.218350"></trkpt><trkpt lat="66.011690" lon="28.221660"></trkpt><trkpt lat="66.024900" lon="28.258470"></trkpt><trkpt lat="66.008180" lon="28.258740"></trkpt><trkpt lat="66.006290" lon="28.279900"></trkpt><trkpt lat="66.060410" lon="28.270020"></trkpt><trkpt lat="66.051820" lon="28.272840"></trkpt><trkpt lat="66.060500" lon="28.280460"></trkpt><trkpt lat="66.068970" lon="28.289030"></trkpt><trkpt lat="66.083420" lon="28.299680"></trkpt><trkpt lat="66.089390" lon="28.315980"></trkpt><trkpt lat="66.098110" lon="28.319820"></trkpt><trkpt lat="66.113500" lon="28.336510"></trkpt><trkpt lat="66.097120" lon="28.347780"></trkpt><trkpt lat="66.105110" lon="28.351460"></trkpt><trkpt lat="66.126170" lon="28.341460"></trkpt><trkpt lat="66.149010" lon="28.331440"></trkpt><trkpt lat="66.151340" lon="28.350200"></trkpt><trkpt lat="66.155710" lon="28.367310"></trkpt><trkpt lat="66.160930" lon="28.385110"></trkpt><trkpt lat="66.174310" lon="28.395700"></trkpt><trkpt lat="66.181640" lon="28.394990"></trkpt><trkpt lat="66.193280" lon="28.398570"></trkpt><trkpt lat="66.221950" lon="28.416860"></trkpt><trkpt lat="66.203000" lon="28.422030"></trkpt><trkpt lat="66.206080" lon="28.404150"></trkpt><trkpt lat="66.214730" lon="28.407050"></trkpt><trkpt lat="66.224090" lon="28.415720"></trkpt><trkpt lat="66.231170" lon="28.428910"></trkpt><trkpt lat="66.242080" lon="28.432480"></trkpt><trkpt lat="66.250970" lon="28.439590"></trkpt><trkpt lat="66.261180" lon="28.452180"></trkpt><trkpt lat="66.241430" lon="28.452700"></trkpt><trkpt lat="66.261090" lon="28.451740"></trkpt><trkpt lat="66.272320" lon="28.456640"></trkpt><trkpt lat="66.282420" lon="28.462610"></trkpt><trkpt lat="66.298040" lon="28.463050"></trkpt><trkpt lat="66.287930" lon="28.472880"></trkpt><trkpt lat="66.296480" lon="28.482210"></trkpt><trkpt lat="66.281980" lon="28.482620"></trkpt><trkpt lat="66.288990" lon="28.471810"></trkpt><trkpt lat="66.304100" lon="28.485340"></trkpt><trkpt lat="66.313630" lon="28.510720"></trkpt><trkpt lat="66.322350" lon="28.525030"></trkpt><trkpt lat="66.309400" lon="28.526650"></trkpt><trkpt lat="66.322360" lon="28.525810"></trkpt><trkpt lat="66.330900" lon="28.532770"></trkpt><trkpt lat="66.345500" lon="28.555310"></trkpt><trkpt lat="66.349910" lon="28.577100"></trkpt><trkpt lat="66.359560" lon="28.594350"></trkpt><trkpt lat="66.332040" lon="28.594850"></trkpt><trkpt lat="66.349250" lon="28.590060"></trkpt><trkpt lat="66.358930" lon="28.595650"></trkpt><trkpt lat="66.369850" lon="28.580100"></trkpt><trkpt lat="66.379920" lon="28.589300"></trkpt><trkpt lat="66.389180" lon="28.595860"></trkpt><trkpt lat="66.397660" lon="28.605360"></trkpt><trkpt lat="66.388290" lon="28.602170"></trkpt><trkpt lat="66.368530" lon="28.590470"></trkpt><trkpt lat="66.375410" lon="28.600050"></trkpt><trkpt lat="66.382980" lon="28.610430"></trkpt><trkpt lat="66.382950" lon="28.585530"></trkpt><trkpt lat="66.389050" lon="28.595630"></trkpt><trkpt lat="66.400260" lon="28.584440"></trkpt><trkpt lat="66.409370" lon="28.590410"></trkpt><trkpt lat="66.395580" lon="28.594870"></trkpt><trkpt lat="66.404960" lon="28.594570"></trkpt><trkpt lat="66.414230" lon="28.604950"></trkpt><trkpt lat="66.427470" lon="28.608450"></trkpt><trkpt lat="66.436030" lon="28.614090"></trkpt><trkpt lat="66.445800" lon="28.620610"></trkpt><trkpt lat="66.453560" lon="28.628920"></trkpt><trkpt lat="66.463840" lon="28.641340"></trkpt><trkpt lat="66.477540" lon="28.647930"></trkpt><trkpt lat="66.484990" lon="28.658050"></trkpt><trkpt lat="66.493790" lon="28.668110"></trkpt><trkpt lat="66.511480" lon="28.685120"></trkpt><trkpt lat="66.556640" lon="28.705400"></trkpt><trkpt lat="66.568630" lon="28.718160"></trkpt><trkpt lat="66.576740" lon="28.727420"></trkpt><trkpt lat="66.587310" lon="28.773720"></trkpt><trkpt lat="66.602310" lon="28.773900"></trkpt><trkpt lat="66.607670" lon="28.792620"></trkpt><trkpt lat="66.578260" lon="28.792800"></trkpt><trkpt lat="66.585430" lon="28.804280"></trkpt><trkpt lat="66.632380" lon="28.822530"></trkpt><trkpt lat="66.639620" lon="28.837810"></trkpt><trkpt lat="66.647980" lon="28.838720"></trkpt><trkpt lat="66.676070" lon="28.843130"></trkpt><trkpt lat="66.681230" lon="28.857640"></trkpt><trkpt lat="66.668520" lon="28.857910"></trkpt><trkpt lat="66.677170" lon="28.861750"></trkpt><trkpt lat="66.688450" lon="28.871750"></trkpt><trkpt lat="66.683250" lon="28.902000"></trkpt><trkpt lat="66.660460" lon="28.901780"></trkpt><trkpt lat="66.670870" lon="28.891550"></trkpt><trkpt lat="66.658330" lon="28.893890"></trkpt><trkpt lat="66.668560" lon="28.899100"></trkpt><trkpt lat="66.638310" lon="28.921890"></trkpt><trkpt lat="66.631870" lon="28.913630"></trkpt><trkpt lat="66.623290" lon="28.903770"></trkpt><trkpt lat="66.609840" lon="28.911470"></trkpt><trkpt lat="66.605660" lon="28.883520"></trkpt><trkpt lat="66.590930" lon="28.867500"></trkpt><trkpt lat="66.582540" lon="28.823600"></trkpt><trkpt lat="66.571140" lon="28.821720"></trkpt><trkpt lat="66.558750" lon="28.816120"></trkpt><trkpt lat="66.536760" lon="28.837190"></trkpt><trkpt lat="66.499310" lon="28.815650"></trkpt><trkpt lat="66.492220" lon="28.802070"></trkpt><trkpt lat="66.482960" lon="28.801630"></trkpt><trkpt lat="66.473990" lon="28.792460"></trkpt><trkpt lat="66.469480" lon="28.750800"></trkpt><trkpt lat="66.459390" lon="28.750660"></trkpt><trkpt lat="66.451510" lon="28.744250"></trkpt><trkpt lat="66.434670" lon="28.727230"></trkpt><trkpt lat="66.427290" lon="28.722930"></trkpt><trkpt lat="66.417540" lon="28.711640"></trkpt><trkpt lat="66.412170" lon="28.698000"></trkpt><trkpt lat="66.404150" lon="28.693580"></trkpt><trkpt lat="66.395060" lon="28.686840"></trkpt><trkpt lat="66.384180" lon="28.673830"></trkpt><trkpt lat="66.375980" lon="28.667220"></trkpt><trkpt lat="66.371510" lon="28.647670"></trkpt><trkpt lat="66.363100" lon="28.641510"></trkpt><trkpt lat="66.356430" lon="28.629120"></trkpt><trkpt lat="66.363500" lon="28.642910"></trkpt><trkpt lat="66.355300" lon="28.638240"></trkpt><trkpt lat="66.349000" lon="28.623780"></trkpt><trkpt lat="66.360780" lon="28.623440"></trkpt><trkpt lat="66.351990" lon="28.616490"></trkpt><trkpt lat="66.369230" lon="28.611870"></trkpt><trkpt lat="66.377630" lon="28.612930"></trkpt><trkpt lat="66.368340" lon="28.613090"></trkpt><trkpt lat="66.359430" lon="28.602870"></trkpt><trkpt lat="66.363010" lon="28.620180"></trkpt><trkpt lat="66.371970" lon="28.630080"></trkpt><trkpt lat="66.362110" lon="28.622500"></trkpt><trkpt lat="66.352830" lon="28.610480"></trkpt><trkpt lat="66.345650" lon="28.598550"></trkpt><trkpt lat="66.353220" lon="28.598190"></trkpt><trkpt lat="66.361370" lon="28.591310"></trkpt><trkpt lat="66.353650" lon="28.570200"></trkpt><trkpt lat="66.360810" lon="28.561340"></trkpt><trkpt lat="66.342150" lon="28.588860"></trkpt><trkpt lat="66.324470" lon="28.575100"></trkpt><trkpt lat="66.312180" lon="28.571700"></trkpt><trkpt lat="66.302450" lon="28.567270"></trkpt><trkpt lat="66.293580" lon="28.560440"></trkpt><trkpt lat="66.283130" lon="28.553930"></trkpt><trkpt lat="66.258680" lon="28.543200"></trkpt><trkpt lat="66.251290" lon="28.535690"></trkpt><trkpt lat="66.238270" lon="28.522530"></trkpt><trkpt lat="66.249450" lon="28.517730"></trkpt><trkpt lat="66.239860" lon="28.527500"></trkpt><trkpt lat="66.232280" lon="28.530540"></trkpt><trkpt lat="66.218960" lon="28.513780"></trkpt><trkpt lat="66.227960" lon="28.505060"></trkpt><trkpt lat="66.221440" lon="28.497020"></trkpt><trkpt lat="66.214450" lon="28.480720"></trkpt><trkpt lat="66.206050" lon="28.483410"></trkpt><trkpt lat="66.196840" lon="28.479590"></trkpt><trkpt lat="66.202320" lon="28.463510"></trkpt><trkpt lat="66.195370" lon="28.455540"></trkpt><trkpt lat="66.182290" lon="28.461260"></trkpt><trkpt lat="66.177320" lon="28.446060"></trkpt><trkpt lat="66.165440" lon="28.436540"></trkpt><trkpt lat="66.183320" lon="28.412910"></trkpt><trkpt lat="66.169960" lon="28.431860"></trkpt><trkpt lat="66.165030" lon="28.411190"></trkpt><trkpt lat="66.150200" lon="28.409750"></trkpt><trkpt lat="66.162720" lon="28.409080"></trkpt><trkpt lat="66.147770" lon="28.394470"></trkpt><trkpt lat="66.137180" lon="28.393920"></trkpt><trkpt lat="66.128810" lon="28.383120"></trkpt><trkpt lat="66.115740" lon="28.388250"></trkpt><trkpt lat="66.096960" lon="28.386560"></trkpt><trkpt lat="66.093850" lon="28.360930"></trkpt><trkpt lat="66.109710" lon="28.360630"></trkpt><trkpt lat="66.104440" lon="28.337390"></trkpt><trkpt lat="66.120810" lon="28.336960"></trkpt><trkpt lat="66.112100" lon="28.334530"></trkpt><trkpt lat="66.098190" lon="28.351030"></trkpt><trkpt lat="66.105320" lon="28.346630"></trkpt><trkpt lat="66.088740" lon="28.332090"></trkpt><trkpt lat="66.077500" lon="28.324060"></trkpt><trkpt lat="66.066360" lon="28.317230"></trkpt><trkpt lat="66.057410" lon="28.308520"></trkpt><trkpt lat="66.048420" lon="28.296900"></trkpt><trkpt lat="66.039860" lon="28.289820"></trkpt><trkpt lat="66.026510" lon="28.239830"></trkpt><trkpt lat="66.036390" lon="28.239340"></trkpt><trkpt lat="66.028500" lon="28.238480"></trkpt><trkpt lat="65.995820" lon="28.248340"></trkpt><trkpt lat="65.984810" lon="28.232650"></trkpt><trkpt lat="65.958480" lon="28.223130"></trkpt><trkpt lat="65.947000" lon="28.215250"></trkpt><trkpt lat="65.939090" lon="28.203800"></trkpt><trkpt lat="65.930710" lon="28.196880"></trkpt><trkpt lat="65.921670" lon="28.188610"></trkpt><trkpt lat="65.909860" lon="28.184710"></trkpt><trkpt lat="65.905100" lon="28.156710"></trkpt><trkpt lat="65.895410" lon="28.147810"></trkpt><trkpt lat="65.889550" lon="28.132170"></trkpt><trkpt lat="65.879560" lon="28.125230"></trkpt><trkpt lat="65.863760" lon="28.115510"></trkpt><trkpt lat="65.856080" lon="28.094030"></trkpt><trkpt lat="65.848070" lon="28.082400"></trkpt><trkpt lat="65.845820" lon="28.064450"></trkpt><trkpt lat="65.838710" lon="28.056200"></trkpt><trkpt lat="65.829000" lon="28.038290"></trkpt><trkpt lat="65.821590" lon="28.030180"></trkpt><trkpt lat="65.815420" lon="28.012910"></trkpt><trkpt lat="65.822440" lon="28.019890"></trkpt><trkpt lat="65.830220" lon="28.028550"></trkpt><trkpt lat="65.837920" lon="28.031450"></trkpt><trkpt lat="65.837640" lon="28.010640"></trkpt><trkpt lat="65.831120" lon="28.002300"></trkpt><trkpt lat="65.816940" lon="27.996580"></trkpt><trkpt lat="65.808930" lon="27.986930"></trkpt><trkpt lat="65.798920" lon="27.977820"></trkpt><trkpt lat="65.793110" lon="27.965260"></trkpt><trkpt lat="65.811280" lon="27.966290"></trkpt><trkpt lat="65.807500" lon="27.942800"></trkpt><trkpt lat="65.799930" lon="27.941100"></trkpt><trkpt lat="65.789940" lon="27.932400"></trkpt><trkpt lat="65.773880" lon="27.927030"></trkpt><trkpt lat="65.757720" lon="27.920180"></trkpt><trkpt lat="65.749450" lon="27.911170"></trkpt><trkpt lat="65.742040" lon="27.902220"></trkpt><trkpt lat="65.733770" lon="27.888120"></trkpt><trkpt lat="65.725260" lon="27.876720"></trkpt><trkpt lat="65.711860" lon="27.865630"></trkpt><trkpt lat="65.705120" lon="27.850140"></trkpt><trkpt lat="65.721330" lon="27.850850"></trkpt><trkpt lat="65.713110" lon="27.843190"></trkpt><trkpt lat="65.705680" lon="27.832190"></trkpt><trkpt lat="65.697630" lon="27.846550"></trkpt><trkpt lat="65.690660" lon="27.826510"></trkpt><trkpt lat="65.678450" lon="27.846150"></trkpt><trkpt lat="65.667870" lon="27.834040"></trkpt><trkpt lat="65.658380" lon="27.827090"></trkpt><trkpt lat="65.665810" lon="27.839360"></trkpt><trkpt lat="65.658120" lon="27.833720"></trkpt><trkpt lat="65.649870" lon="27.818790"></trkpt><trkpt lat="65.640010" lon="27.805620"></trkpt><trkpt lat="65.647450" lon="27.804380"></trkpt><trkpt lat="65.638340" lon="27.800200"></trkpt><trkpt lat="65.629790" lon="27.792590"></trkpt><trkpt lat="65.622300" lon="27.787100"></trkpt><trkpt lat="65.614380" lon="27.775720"></trkpt><trkpt lat="65.605670" lon="27.764860"></trkpt><trkpt lat="65.608070" lon="27.746080"></trkpt><trkpt lat="65.597370" lon="27.746140"></trkpt><trkpt lat="65.605980" lon="27.753250"></trkpt><trkpt lat="65.598150" lon="27.760950"></trkpt><trkpt lat="65.590670" lon="27.760630"></trkpt><trkpt lat="65.582330" lon="27.749480"></trkpt><trkpt lat="65.576240" lon="27.740210"></trkpt><trkpt lat="65.567490" lon="27.733860"></trkpt><trkpt lat="65.557880" lon="27.724390"></trkpt><trkpt lat="65.549770" lon="27.708260"></trkpt><trkpt lat="65.547090" lon="27.689580"></trkpt><trkpt lat="65.538920" lon="27.680300"></trkpt><trkpt lat="65.547600" lon="27.692310"></trkpt><trkpt lat="65.564690" lon="27.693340"></trkpt><trkpt lat="65.574500" lon="27.699190"></trkpt><trkpt lat="65.584550" lon="27.704770"></trkpt><trkpt lat="65.594940" lon="27.715160"></trkpt><trkpt lat="65.603620" lon="27.723120"></trkpt><trkpt lat="65.612350" lon="27.730270"></trkpt><trkpt lat="65.618670" lon="27.741670"></trkpt><trkpt lat="65.611520" lon="27.753980"></trkpt><trkpt lat="65.603360" lon="27.744140"></trkpt><trkpt lat="65.612710" lon="27.750800"></trkpt><trkpt lat="65.604880" lon="27.739480"></trkpt><trkpt lat="65.613450" lon="27.742060"></trkpt><trkpt lat="65.620900" lon="27.754170"></trkpt><trkpt lat="65.633460" lon="27.756640"></trkpt><trkpt lat="65.645380" lon="27.766280"></trkpt><trkpt lat="65.654590" lon="27.777120"></trkpt><trkpt lat="65.662230" lon="27.788820"></trkpt><trkpt lat="65.675530" lon="27.788130"></trkpt><trkpt lat="65.687260" lon="27.795850"></trkpt><trkpt lat="65.696050" lon="27.804760"></trkpt><trkpt lat="65.683070" lon="27.805700"></trkpt><trkpt lat="65.690530" lon="27.804560"></trkpt><trkpt lat="65.698990" lon="27.814710"></trkpt><trkpt lat="65.678740" lon="27.827400"></trkpt><trkpt lat="65.696390" lon="27.834970"></trkpt><trkpt lat="65.706290" lon="27.840050"></trkpt><trkpt lat="65.685830" lon="27.840800"></trkpt><trkpt lat="65.693120" lon="27.848360"></trkpt><trkpt lat="65.709140" lon="27.857240"></trkpt><trkpt lat="65.716750" lon="27.852110"></trkpt><trkpt lat="65.724010" lon="27.864600"></trkpt><trkpt lat="65.732990" lon="27.865750"></trkpt><trkpt lat="65.743740" lon="27.870520"></trkpt><trkpt lat="65.755620" lon="27.878610"></trkpt><trkpt lat="65.763790" lon="27.884900"></trkpt><trkpt lat="65.769850" lon="27.894800"></trkpt><trkpt lat="65.778290" lon="27.900950"></trkpt><trkpt lat="65.785040" lon="27.917900"></trkpt><trkpt lat="65.790380" lon="27.933270"></trkpt><trkpt lat="65.799210" lon="27.942670"></trkpt><trkpt lat="65.829790" lon="27.956190"></trkpt><trkpt lat="65.823230" lon="27.935030"></trkpt><trkpt lat="65.836260" lon="27.941370"></trkpt><trkpt lat="65.843510" lon="27.949850"></trkpt><trkpt lat="65.855110" lon="27.960040"></trkpt><trkpt lat="65.861250" lon="27.975100"></trkpt><trkpt lat="65.877570" lon="27.978080"></trkpt><trkpt lat="65.888580" lon="27.982910"></trkpt><trkpt lat="65.879190" lon="27.973100"></trkpt><trkpt lat="65.889090" lon="27.975110"></trkpt><trkpt lat="65.877970" lon="27.967950"></trkpt><trkpt lat="65.869420" lon="27.962450"></trkpt><trkpt lat="65.880850" lon="27.965300"></trkpt><trkpt lat="65.890500" lon="27.963660"></trkpt><trkpt lat="65.897550" lon="27.974170"></trkpt><trkpt lat="65.905790" lon="27.974790"></trkpt><trkpt lat="65.915450" lon="27.983140"></trkpt><trkpt lat="65.927660" lon="27.992110"></trkpt><trkpt lat="65.940640" lon="27.990680"></trkpt><trkpt lat="65.950760" lon="27.998980"></trkpt><trkpt lat="65.972220" lon="28.006290"></trkpt><trkpt lat="65.977530" lon="28.020680"></trkpt><trkpt lat="65.989910" lon="28.026160"></trkpt><trkpt lat="66.005980" lon="28.037870"></trkpt><trkpt lat="66.012190" lon="28.050100"></trkpt><trkpt lat="66.043420" lon="28.058120"></trkpt><trkpt lat="66.047500" lon="28.072990"></trkpt><trkpt lat="66.056370" lon="28.079000"></trkpt><trkpt lat="66.067630" lon="28.085680"></trkpt><trkpt lat="66.073510" lon="28.100740"></trkpt><trkpt lat="66.082500" lon="28.103140"></trkpt><trkpt lat="66.090390" lon="28.127070"></trkpt><trkpt lat="66.102970" lon="28.130380"></trkpt><trkpt lat="66.116180" lon="28.167190"></trkpt><trkpt lat="66.099460" lon="28.167460"></trkpt><trkpt lat="66.097570" lon="28.188620"></trkpt><trkpt lat="66.151690" lon="28.178740"></trkpt><trkpt lat="66.143100" lon="28.181560"></trkpt><trkpt lat="66.151780" lon="28.189180"></trkpt><trkpt lat="66.160250" lon="28.197750"></trkpt><trkpt lat="66.174700" lon="28.208400"></trkpt><trkpt lat="66.180670" lon="28.224700"></trkpt><trkpt lat="66.189390" lon="28.228540"></trkpt><trkpt lat="66.204780" lon="28.245230"></trkpt><trkpt lat="66.188400" lon="28.256500"></trkpt><trkpt lat="66.196390" lon="28.260180"></trkpt><trkpt lat="66.217450" lon="28.250180"></trkpt><trkpt lat="66.240290" lon="28.240160"></trkpt><trkpt lat="66.242620" lon="28.258920"></trkpt><trkpt lat="66.246990" lon="28.276030"></trkpt><trkpt lat="66.252210" lon="28.293830"></trkpt><trkpt lat="66.265590" lon="28.304420"></trkpt><trkpt lat="66.272920" lon="28.303710"></trkpt><trkpt lat="66.284560" lon="28.307290"></trkpt><trkpt lat="66.313230" lon="28.325580"></trkpt><trkpt lat="66.294280" lon="28.330750"></trkpt><trkpt lat="66.297360" lon="28.312870"></trkpt><trkpt lat="66.306010" lon="28.315770"></trkpt><trkpt lat="66.315370" lon="28.324440"></trkpt><trkpt lat="66.322450" lon="28.337630"></trkpt><trkpt lat="66.333360" lon="28.341200"></trkpt><trkpt lat="66.342250" lon="28.348310"></trkpt><trkpt lat="66.352460" lon="28.360900"></trkpt><trkpt lat="66.332710" lon="28.361420"></trkpt><trkpt lat="66.352370" lon="28.360460"></trkpt><trkpt lat="66.363600" lon="28.365360"></trkpt><trkpt lat="66.373700" lon="28.371330"></trkpt><trkpt lat="66.389320" lon="28.371770"></trkpt><trkpt lat="66.379210" lon="28.381600"></trkpt><trkpt lat="66.387760" lon="28.390930"></trkpt><trkpt lat="66.373260" lon="28.391340"></trkpt><trkpt lat="66.380270" lon="28.380530"></trkpt><trkpt lat="66.395380" lon="28.394060"></trkpt><trkpt lat="66.404910" lon="28.419440"></trkpt><trkpt lat="66.413630" lon="28.433750"></trkpt><trkpt lat="66.400680" lon="28.435370"></trkpt><trkpt lat="66.413640" lon="28.434530"></trkpt><trkpt lat="66.422180" lon="28.441490"></trkpt><trkpt lat="66.436780" lon="28.464030"></trkpt><trkpt lat="66.441190" lon="28.485820"></trkpt><trkpt lat="66.450840" lon="28.503070"></trkpt><trkpt lat="66.423320" lon="28.503570"></trkpt><trkpt lat="66.440530" lon="28.498780"></trkpt><trkpt lat="66.450210" lon="28.504370"></trkpt><trkpt lat="66.461130" lon="28.488820"></trkpt><trkpt lat="66.471200" lon="28.498020"></trkpt><trkpt lat="66.480460" lon="28.504580"></trkpt><trkpt lat="66.488940" lon="28.514080"></trkpt><trkpt lat="66.479570" lon="28.510890"></trkpt><trkpt lat="66.459810" lon="28.499190"></trkpt><trkpt lat="66.466690" lon="28.508770"></trkpt><trkpt lat="66.474260" lon="28.519150"></trkpt><trkpt lat="66.474230" lon="28.494250"></trkpt><trkpt lat="66.480330" lon="28.504350"></trkpt><trkpt lat="66.491540" lon="28.493160"></trkpt><trkpt lat="66.500650" lon="28.499130"></trkpt><trkpt lat="66.486860" lon="28.503590"></trkpt><trkpt lat="66.496240" lon="28.503290"></trkpt><trkpt lat="66.505510" lon="28.513670"></trkpt><trkpt lat="66.518750" lon="28.517170"></trkpt><trkpt lat="66.527310" lon="28.522810"></trkpt><trkpt lat="66.537080" lon="28.529330"></trkpt><trkpt lat="66.544840" lon="28.537640"></trkpt><trkpt lat="66.555120" lon="28.550060"></trkpt><trkpt lat="66.568820" lon="28.556650"></trkpt><trkpt lat="66.576270" lon="28.566770"></trkpt><trkpt lat="66.585070" lon="28.576830"></trkpt><trkpt lat="66.602760" lon="28.593840"></trkpt><trkpt lat="66.647920" lon="28.614120"></trkpt><trkpt lat="66.659910" lon="28.626880"></trkpt><trkpt lat="66.668020" lon="28.636140"></trkpt><trkpt lat="66.678590" lon="28.682440"></trkpt><trkpt lat="66.693590" lon="28.682620"></trkpt><trkpt lat="66.698950" lon="28.701340"></trkpt><trkpt lat="66.669540" lon="28.701520"></trkpt><trkpt lat="66.676710" lon="28.713000"></trkpt><trkpt lat="66.723660" lon="28.731250"></trkpt><trkpt lat="66.730900" lon="28.746530"></trkpt><trkpt lat="66.739260" lon="28.747440"></trkpt><trkpt lat="66.767350" lon="28.751850"></trkpt><trkpt lat="66.777420" lon="28.767560"></trkpt><trkpt lat="66.767950" lon="28.767690"></trkpt><trkpt lat="66.772660" lon="28.789540"></trkpt><trkpt lat="66.734560" lon="28.789810"></trkpt><trkpt lat="66.747440" lon="28.810130"></trkpt><trkpt lat="66.767510" lon="28.781210"></trkpt><trkpt lat="66.776030" lon="28.776340"></trkpt><trkpt lat="66.765360" lon="28.784400"></trkpt><trkpt lat="66.792860" lon="28.763410"></trkpt><trkpt lat="66.800270" lon="28.774990"></trkpt><trkpt lat="66.807140" lon="28.786880"></trkpt><trkpt lat="66.816500" lon="28.792860"></trkpt><trkpt lat="66.825090" lon="28.798850"></trkpt><trkpt lat="66.831930" lon="28.805920"></trkpt><trkpt lat="66.839390" lon="28.817970"></trkpt><trkpt lat="66.850770" lon="28.807180"></trkpt><trkpt lat="66.860700" lon="28.817590"></trkpt><trkpt lat="66.871820" lon="28.818940"></trkpt><trkpt lat="66.880620" lon="28.822860"></trkpt><trkpt lat="66.888610" lon="28.835150"></trkpt><trkpt lat="66.897290" lon="28.844000"></trkpt><trkpt lat="66.884570" lon="28.846000"></trkpt><trkpt lat="66.889580" lon="28.871950"></trkpt><trkpt lat="66.917650" lon="28.872370"></trkpt><trkpt lat="66.894600" lon="28.864100"></trkpt><trkpt lat="66.880530" lon="28.865600"></trkpt><trkpt lat="66.890160" lon="28.874970"></trkpt><trkpt lat="66.882630" lon="28.877830"></trkpt><trkpt lat="66.900020" lon="28.885490"></trkpt><trkpt lat="66.910720" lon="28.897190"></trkpt><trkpt lat="66.915100" lon="28.876980"></trkpt><trkpt lat="66.923340" lon="28.876680"></trkpt><trkpt lat="66.931090" lon="28.889030"></trkpt><trkpt lat="66.941270" lon="28.893700"></trkpt><trkpt lat="66.948490" lon="28.895550"></trkpt><trkpt lat="66.956490" lon="28.905720"></trkpt><trkpt lat="66.971410" lon="28.914120"></trkpt><trkpt lat="66.978610" lon="28.920500"></trkpt><trkpt lat="66.982900" lon="28.943320"></trkpt><trkpt lat="66.996310" lon="28.951290"></trkpt><trkpt lat="67.007810" lon="28.954600"></trkpt><trkpt lat="67.014980" lon="28.963710"></trkpt><trkpt lat="67.023960" lon="28.978200"></trkpt><trkpt lat="67.031520" lon="28.986990"></trkpt><trkpt lat="67.040530" lon="28.995900"></trkpt><trkpt lat="67.029610" lon="29.001960"></trkpt><trkpt lat="67.015410" lon="28.999180"></trkpt><trkpt lat="67.005800" lon="28.989720"></trkpt><trkpt lat="67.020940" lon="28.983870"></trkpt><trkpt lat="67.034690" lon="28.985000"></trkpt><trkpt lat="67.044180" lon="28.986620"></trkpt><trkpt lat="67.051750" lon="28.985670"></trkpt><trkpt lat="67.059940" lon="28.981030"></trkpt><trkpt lat="67.065080" lon="29.001890"></trkpt><trkpt lat="67.070330" lon="29.017870"></trkpt><trkpt lat="67.078430" lon="29.008170"></trkpt><trkpt lat="67.083750" lon="29.024250"></trkpt><trkpt lat="67.087560" lon="29.005840"></trkpt><trkpt lat="67.103580" lon="29.011180"></trkpt><trkpt lat="67.096830" lon="29.020370"></trkpt><trkpt lat="67.085180" lon="29.013820"></trkpt><trkpt lat="67.070450" lon="29.004110"></trkpt><trkpt lat="67.078630" lon="29.004000"></trkpt><trkpt lat="67.087170" lon="29.005120"></trkpt><trkpt lat="67.103110" lon="29.011360"></trkpt><trkpt lat="67.119270" lon="29.025960"></trkpt><trkpt lat="67.133100" lon="29.042120"></trkpt><trkpt lat="67.139440" lon="29.008550"></trkpt><trkpt lat="67.146940" lon="29.018800"></trkpt><trkpt lat="67.153710" lon="29.043300"></trkpt><trkpt lat="67.162040" lon="29.042090"></trkpt><trkpt lat="67.156130" lon="29.054320"></trkpt><trkpt lat="67.164630" lon="29.065260"></trkpt><trkpt lat="67.177160" lon="29.060200"></trkpt><trkpt lat="67.184960" lon="29.069760"></trkpt><trkpt lat="67.197440" lon="29.077920"></trkpt><trkpt lat="67.183670" lon="29.075030"></trkpt><trkpt lat="67.193460" lon="29.084520"></trkpt><trkpt lat="67.201820" lon="29.088140"></trkpt><trkpt lat="67.212660" lon="29.095130"></trkpt><trkpt lat="67.222370" lon="29.097820"></trkpt><trkpt lat="67.230520" lon="29.106210"></trkpt><trkpt lat="67.236920" lon="29.118220"></trkpt><trkpt lat="67.250680" lon="29.124400"></trkpt><trkpt lat="67.240460" lon="29.108510"></trkpt><trkpt lat="67.249860" lon="29.118030"></trkpt><trkpt lat="67.258770" lon="29.129690"></trkpt><trkpt lat="67.259670" lon="29.149610"></trkpt><trkpt lat="67.269380" lon="29.155090"></trkpt><trkpt lat="67.279690" lon="29.172770"></trkpt><trkpt lat="67.288490" lon="29.178600"></trkpt><trkpt lat="67.295310" lon="29.186320"></trkpt><trkpt lat="67.303300" lon="29.199610"></trkpt><trkpt lat="67.317800" lon="29.203930"></trkpt><trkpt lat="67.327350" lon="29.218040"></trkpt><trkpt lat="67.336310" lon="29.228850"></trkpt><trkpt lat="67.343460" lon="29.244300"></trkpt><trkpt lat="67.352740" lon="29.250360"></trkpt><trkpt lat="67.366160" lon="29.264450"></trkpt><trkpt lat="67.374910" lon="29.273740"></trkpt><trkpt lat="67.382590" lon="29.279300"></trkpt><trkpt lat="67.391440" lon="29.287740"></trkpt><trkpt lat="67.403990" lon="29.294860"></trkpt><trkpt lat="67.392070" lon="29.295530"></trkpt><trkpt lat="67.401870" lon="29.300500"></trkpt><trkpt lat="67.411890" lon="29.307640"></trkpt><trkpt lat="67.420400" lon="29.313650"></trkpt><trkpt lat="67.427310" lon="29.320370"></trkpt><trkpt lat="67.438650" lon="29.328070"></trkpt><trkpt lat="67.456820" lon="29.320340"></trkpt><trkpt lat="67.445090" lon="29.299930"></trkpt><trkpt lat="67.426260" lon="29.299240"></trkpt><trkpt lat="67.417990" lon="29.293150"></trkpt><trkpt lat="67.411140" lon="29.279920"></trkpt><trkpt lat="67.401070" lon="29.274190"></trkpt><trkpt lat="67.390080" lon="29.265140"></trkpt><trkpt lat="67.382600" lon="29.242360"></trkpt><trkpt lat="67.373540" lon="29.227480"></trkpt><trkpt lat="67.384500" lon="29.232950"></trkpt><trkpt lat="67.393890" lon="29.246740"></trkpt><trkpt lat="67.377200" lon="29.241060"></trkpt><trkpt lat="67.385160" lon="29.243590"></trkpt><trkpt lat="67.393850" lon="29.244840"></trkpt><trkpt lat="67.391650" lon="29.262730"></trkpt><trkpt lat="67.381620" lon="29.253090"></trkpt><trkpt lat="67.390250" lon="29.258240"></trkpt><trkpt lat="67.373600" lon="29.251150"></trkpt><trkpt lat="67.366930" lon="29.243960"></trkpt><trkpt lat="67.374460" lon="29.245070"></trkpt><trkpt lat="67.378840" lon="29.264630"></trkpt><trkpt lat="67.379690" lon="29.288780"></trkpt><trkpt lat="67.393040" lon="29.289570"></trkpt><trkpt lat="67.416390" lon="29.303210"></trkpt><trkpt lat="67.408020" lon="29.307910"></trkpt><trkpt lat="67.401170" lon="29.291410"></trkpt><trkpt lat="67.391190" lon="29.278440"></trkpt><trkpt lat="67.400190" lon="29.280770"></trkpt><trkpt lat="67.411620" lon="29.282660"></trkpt><trkpt lat="67.420900" lon="29.295670"></trkpt><trkpt lat="67.427540" lon="29.307090"></trkpt><trkpt lat="67.435240" lon="29.311230"></trkpt><trkpt lat="67.443820" lon="29.321390"></trkpt><trkpt lat="67.430020" lon="29.318880"></trkpt><trkpt lat="67.439670" lon="29.323740"></trkpt><trkpt lat="67.450780" lon="29.336800"></trkpt><trkpt lat="67.439850" lon="29.341310"></trkpt><trkpt lat="67.431500" lon="29.338920"></trkpt><trkpt lat="67.443130" lon="29.344680"></trkpt><trkpt lat="67.449540" lon="29.354330"></trkpt><trkpt lat="67.460620" lon="29.356010"></trkpt><trkpt lat="67.470100" lon="29.372650"></trkpt><trkpt lat="67.454640" lon="29.359790"></trkpt><trkpt lat="67.469950" lon="29.359560"></trkpt><trkpt lat="67.479670" lon="29.370150"></trkpt><trkpt lat="67.489260" lon="29.378900"></trkpt><trkpt lat="67.495310" lon="29.404370"></trkpt><trkpt lat="67.504920" lon="29.405810"></trkpt><trkpt lat="67.514510" lon="29.415030"></trkpt><trkpt lat="67.522590" lon="29.428810"></trkpt><trkpt lat="67.533060" lon="29.434780"></trkpt><trkpt lat="67.541120" lon="29.437430"></trkpt><trkpt lat="67.548080" lon="29.447980"></trkpt><trkpt lat="67.557600" lon="29.448900"></trkpt><trkpt lat="67.547140" lon="29.442510"></trkpt><trkpt lat="67.560530" lon="29.450650"></trkpt><trkpt lat="67.551280" lon="29.446490"></trkpt><trkpt lat="67.561570" lon="29.447330"></trkpt><trkpt lat="67.549570" lon="29.445940"></trkpt><trkpt lat="67.528070" lon="29.435950"></trkpt><trkpt lat="67.535850" lon="29.449160"></trkpt><trkpt lat="67.528360" lon="29.443760"></trkpt><trkpt lat="67.522470" lon="29.430420"></trkpt><trkpt lat="67.532190" lon="29.442680"></trkpt><trkpt lat="67.522500" lon="29.441670"></trkpt><trkpt lat="67.513360" lon="29.430270"></trkpt><trkpt lat="67.506140" lon="29.418100"></trkpt><trkpt lat="67.513470" lon="29.419540"></trkpt><trkpt lat="67.524140" lon="29.421270"></trkpt><trkpt lat="67.515380" lon="29.414110"></trkpt><trkpt lat="67.537080" lon="29.404450"></trkpt><trkpt lat="67.541880" lon="29.426400"></trkpt><trkpt lat="67.551360" lon="29.426750"></trkpt><trkpt lat="67.542160" lon="29.420000"></trkpt><trkpt lat="67.549500" lon="29.422970"></trkpt><trkpt lat="67.563040" lon="29.434840"></trkpt><trkpt lat="67.570260" lon="29.448230"></trkpt><trkpt lat="67.580010" lon="29.454890"></trkpt><trkpt lat="67.563340" lon="29.451960"></trkpt><trkpt lat="67.571540" lon="29.451540"></trkpt><trkpt lat="67.578190" lon="29.467930"></trkpt><trkpt lat="67.586080" lon="29.476590"></trkpt><trkpt lat="67.572180" lon="29.478190"></trkpt><trkpt lat="67.581400" lon="29.480430"></trkpt><trkpt lat="67.615690" lon="29.480510"></trkpt><trkpt lat="67.625830" lon="29.481490"></trkpt><trkpt lat="67.611620" lon="29.484400"></trkpt><trkpt lat="67.619770" lon="29.486440"></trkpt><trkpt lat="67.610760" lon="29.476340"></trkpt><trkpt lat="67.602990" lon="29.467020"></trkpt><trkpt lat="67.591810" lon="29.451890"></trkpt><trkpt lat="67.581610" lon="29.447460"></trkpt><trkpt lat="67.571380" lon="29.439430"></trkpt><trkpt lat="67.563840" lon="29.419680"></trkpt><trkpt lat="67.549140" lon="29.413380"></trkpt><trkpt lat="67.543090" lon="29.393320"></trkpt><trkpt lat="67.525690" lon="29.389760"></trkpt><trkpt lat="67.530330" lon="29.404150"></trkpt><trkpt lat="67.542440" lon="29.408470"></trkpt><trkpt lat="67.534900" lon="29.406960"></trkpt><trkpt lat="67.524680" lon="29.430350"></trkpt><trkpt lat="67.516260" lon="29.421860"></trkpt><trkpt lat="67.510620" lon="29.407050"></trkpt><trkpt lat="67.521680" lon="29.411450"></trkpt><trkpt lat="67.531780" lon="29.413290"></trkpt><trkpt lat="67.549990" lon="29.418840"></trkpt><trkpt lat="67.539320" lon="29.437560"></trkpt><trkpt lat="67.545680" lon="29.462880"></trkpt><trkpt lat="67.555380" lon="29.466840"></trkpt><trkpt lat="67.566610" lon="29.475490"></trkpt><trkpt lat="67.577800" lon="29.486660"></trkpt><trkpt lat="67.587460" lon="29.493620"></trkpt><trkpt lat="67.622420" lon="29.501860"></trkpt><trkpt lat="67.626140" lon="29.525020"></trkpt><trkpt lat="67.661400" lon="29.492220"></trkpt><trkpt lat="67.644070" lon="29.495320"></trkpt><trkpt lat="67.651840" lon="29.494460"></trkpt><trkpt lat="67.704930" lon="29.495290"></trkpt><trkpt lat="67.712010" lon="29.505890"></trkpt><trkpt lat="67.719550" lon="29.507950"></trkpt><trkpt lat="67.707780" lon="29.485600"></trkpt><trkpt lat="67.698210" lon="29.432510"></trkpt><trkpt lat="67.707320" lon="29.430150"></trkpt><trkpt lat="67.701130" lon="29.445780"></trkpt><trkpt lat="67.687660" lon="29.412820"></trkpt><trkpt lat="67.720460" lon="29.412470"></trkpt><trkpt lat="67.709870" lon="29.374350"></trkpt><trkpt lat="67.699900" lon="29.367320"></trkpt><trkpt lat="67.691810" lon="29.355630"></trkpt><trkpt lat="67.683870" lon="29.346000"></trkpt><trkpt lat="67.676410" lon="29.334930"></trkpt><trkpt lat="67.652530" lon="29.331590"></trkpt><trkpt lat="67.634720" lon="29.336830"></trkpt><trkpt lat="67.626410" lon="29.318000"></trkpt><trkpt lat="67.620460" lon="29.300190"></trkpt><trkpt lat="67.633060" lon="29.302730"></trkpt><trkpt lat="67.644320" lon="29.314780"></trkpt><trkpt lat="67.618620" lon="29.319170"></trkpt><trkpt lat="67.608760" lon="29.318760"></trkpt><trkpt lat="67.618880" lon="29.304680"></trkpt><trkpt lat="67.627150" lon="29.316580"></trkpt><trkpt lat="67.636350" lon="29.332740"></trkpt><trkpt lat="67.643240" lon="29.344480"></trkpt><trkpt lat="67.650090" lon="29.355220"></trkpt><trkpt lat="67.660570" lon="29.357250"></trkpt><trkpt lat="67.671240" lon="29.371730"></trkpt><trkpt lat="67.679120" lon="29.382480"></trkpt><trkpt lat="67.687740" lon="29.392560"></trkpt><trkpt lat="67.695430" lon="29.402860"></trkpt><trkpt lat="67.702640" lon="29.402750"></trkpt><trkpt lat="67.692720" lon="29.408210"></trkpt><trkpt lat="67.663800" lon="29.408080"></trkpt><trkpt lat="67.656760" lon="29.399730"></trkpt><trkpt lat="67.669310" lon="29.400700"></trkpt><trkpt lat="67.661350" lon="29.397410"></trkpt><trkpt lat="67.657410" lon="29.378430"></trkpt><trkpt lat="67.643970" lon="29.372240"></trkpt><trkpt lat="67.658740" lon="29.375720"></trkpt><trkpt lat="67.651440" lon="29.371680"></trkpt><trkpt lat="67.641830" lon="29.360400"></trkpt><trkpt lat="67.634570" lon="29.356550"></trkpt><trkpt lat="67.624850" lon="29.344300"></trkpt><trkpt lat="67.616880" lon="29.335810"></trkpt><trkpt lat="67.610130" lon="29.322300"></trkpt><trkpt lat="67.591360" lon="29.325470"></trkpt><trkpt lat="67.599120" lon="29.334960"></trkpt><trkpt lat="67.580810" lon="29.340480"></trkpt><trkpt lat="67.592500" lon="29.347550"></trkpt><trkpt lat="67.601160" lon="29.351290"></trkpt><trkpt lat="67.610040" lon="29.363210"></trkpt><trkpt lat="67.599330" lon="29.360270"></trkpt><trkpt lat="67.607380" lon="29.361540"></trkpt><trkpt lat="67.615760" lon="29.371830"></trkpt><trkpt lat="67.606960" lon="29.364310"></trkpt><trkpt lat="67.622080" lon="29.358060"></trkpt><trkpt lat="67.640550" lon="29.368260"></trkpt><trkpt lat="67.627140" lon="29.366680"></trkpt><trkpt lat="67.638900" lon="29.369490"></trkpt><trkpt lat="67.628580" lon="29.373470"></trkpt><trkpt lat="67.636070" lon="29.366020"></trkpt><trkpt lat="67.625980" lon="29.367110"></trkpt><trkpt lat="67.616930" lon="29.358330"></trkpt><trkpt lat="67.607830" lon="29.351990"></trkpt><trkpt lat="67.599440" lon="29.353000"></trkpt><trkpt lat="67.593130" lon="29.336810"></trkpt><trkpt lat="67.584500" lon="29.335270"></trkpt><trkpt lat="67.574680" lon="29.326150"></trkpt><trkpt lat="67.572050" lon="29.303450"></trkpt><trkpt lat="67.563290" lon="29.299890"></trkpt><trkpt lat="67.554090" lon="29.291070"></trkpt><trkpt lat="67.540030" lon="29.279190"></trkpt><trkpt lat="67.532160" lon="29.275750"></trkpt><trkpt lat="67.545940" lon="29.280140"></trkpt><trkpt lat="67.527760" lon="29.276440"></trkpt><trkpt lat="67.520740" lon="29.266910"></trkpt><trkpt lat="67.510700" lon="29.260040"></trkpt><trkpt lat="67.519030" lon="29.257810"></trkpt><trkpt lat="67.530670" lon="29.261990"></trkpt><trkpt lat="67.520100" lon="29.258220"></trkpt><trkpt lat="67.509490" lon="29.243040"></trkpt><trkpt lat="67.524180" lon="29.244760"></trkpt><trkpt lat="67.515640" lon="29.234510"></trkpt><trkpt lat="67.506320" lon="29.231650"></trkpt><trkpt lat="67.498820" lon="29.218810"></trkpt><trkpt lat="67.488690" lon="29.207790"></trkpt><trkpt lat="67.477450" lon="29.201070"></trkpt><trkpt lat="67.466960" lon="29.192940"></trkpt><trkpt lat="67.479280" lon="29.203800"></trkpt><trkpt lat="67.493850" lon="29.209630"></trkpt><trkpt lat="67.507420" lon="29.220860"></trkpt><trkpt lat="67.480070" lon="29.203330"></trkpt><trkpt lat="67.479280" lon="29.179740"></trkpt><trkpt lat="67.465930" lon="29.178950"></trkpt><trkpt lat="67.460700" lon="29.158530"></trkpt><trkpt lat="67.450820" lon="29.158750"></trkpt><trkpt lat="67.458900" lon="29.158200"></trkpt><trkpt lat="67.469870" lon="29.166190"></trkpt><trkpt lat="67.479910" lon="29.177970"></trkpt><trkpt lat="67.480090" lon="29.158300"></trkpt><trkpt lat="67.470540" lon="29.159730"></trkpt><trkpt lat="67.480220" lon="29.159690"></trkpt><trkpt lat="67.471450" lon="29.152040"></trkpt><trkpt lat="67.464260" lon="29.143770"></trkpt><trkpt lat="67.471720" lon="29.153030"></trkpt><trkpt lat="67.473840" lon="29.176410"></trkpt><trkpt lat="67.482780" lon="29.185350"></trkpt><trkpt lat="67.490460" lon="29.200050"></trkpt><trkpt lat="67.502590" lon="29.205840"></trkpt><trkpt lat="67.512500" lon="29.213690"></trkpt><trkpt lat="67.536230" lon="29.227640"></trkpt><trkpt lat="67.543060" lon="29.234240"></trkpt><trkpt lat="67.524360" lon="29.248440"></trkpt><trkpt lat="67.515650" lon="29.237430"></trkpt><trkpt lat="67.501380" lon="29.229830"></trkpt><trkpt lat="67.495420" lon="29.217740"></trkpt><trkpt lat="67.487310" lon="29.212740"></trkpt><trkpt lat="67.479610" lon="29.212460"></trkpt><trkpt lat="67.472420" lon="29.197860"></trkpt><trkpt lat="67.464150" lon="29.187610"></trkpt><trkpt lat="67.455140" lon="29.180040"></trkpt><trkpt lat="67.445630" lon="29.175720"></trkpt><trkpt lat="67.437050" lon="29.168900"></trkpt><trkpt lat="67.445840" lon="29.168580"></trkpt><trkpt lat="67.437300" lon="29.164470"></trkpt><trkpt lat="67.429150" lon="29.163200"></trkpt><trkpt lat="67.422310" lon="29.146820"></trkpt><trkpt lat="67.415680" lon="29.136430"></trkpt><trkpt lat="67.408790" lon="29.127310"></trkpt><trkpt lat="67.400830" lon="29.121180"></trkpt><trkpt lat="67.407590" lon="29.130890"></trkpt><trkpt lat="67.399250" lon="29.117650"></trkpt><trkpt lat="67.389540" lon="29.112660"></trkpt><trkpt lat="67.381550" lon="29.099800"></trkpt><trkpt lat="67.372610" lon="29.091750"></trkpt><trkpt lat="67.364270" lon="29.079700"></trkpt><trkpt lat="67.354920" lon="29.068540"></trkpt><trkpt lat="67.345910" lon="29.061930"></trkpt><trkpt lat="67.341740" lon="29.043450"></trkpt><trkpt lat="67.334330" lon="29.026790"></trkpt><trkpt lat="67.325740" lon="29.021370"></trkpt><trkpt lat="67.335620" lon="29.036650"></trkpt><trkpt lat="67.327450" lon="29.033060"></trkpt><trkpt lat="67.320830" lon="29.021420"></trkpt><trkpt lat="67.311260" lon="29.014450"></trkpt><trkpt lat="67.302010" lon="29.012400"></trkpt><trkpt lat="67.291780" lon="29.003010"></trkpt><trkpt lat="67.282020" lon="28.997100"></trkpt><trkpt lat="67.274790" lon="28.990860"></trkpt><trkpt lat="67.284500" lon="28.992040"></trkpt><trkpt lat="67.274880" lon="28.985240"></trkpt><trkpt lat="67.265800" lon="28.976240"></trkpt><trkpt lat="67.257070" lon="28.973820"></trkpt><trkpt lat="67.247170" lon="28.974550"></trkpt><trkpt lat="67.241260" lon="28.961680"></trkpt><trkpt lat="67.250460" lon="28.961330"></trkpt><trkpt lat="67.242810" lon="28.953770"></trkpt><trkpt lat="67.236010" lon="28.947600"></trkpt><trkpt lat="67.231110" lon="28.933860"></trkpt><trkpt lat="67.222710" lon="28.917170"></trkpt><trkpt lat="67.219340" lon="28.956500"></trkpt><trkpt lat="67.206210" lon="28.948270"></trkpt><trkpt lat="67.194960" lon="28.938850"></trkpt><trkpt lat="67.182000" lon="28.921870"></trkpt><trkpt lat="67.173410" lon="28.919030"></trkpt><trkpt lat="67.164540" lon="28.916370"></trkpt><trkpt lat="67.156610" lon="28.916060"></trkpt><trkpt lat="67.166040" lon="28.917590"></trkpt><trkpt lat="67.173490" lon="28.925360"></trkpt><trkpt lat="67.181400" lon="28.937940"></trkpt><trkpt lat="67.189820" lon="28.924010"></trkpt><trkpt lat="67.175360" lon="28.924360"></trkpt><trkpt lat="67.163510" lon="28.924170"></trkpt><trkpt lat="67.155520" lon="28.926900"></trkpt><trkpt lat="67.150680" lon="28.912140"></trkpt><trkpt lat="67.141030" lon="28.893740"></trkpt><trkpt lat="67.132670" lon="28.897290"></trkpt><trkpt lat="67.124380" lon="28.900350"></trkpt><trkpt lat="67.107180" lon="28.894650"></trkpt><trkpt lat="67.095320" lon="28.892150"></trkpt><trkpt lat="67.103070" lon="28.907730"></trkpt><trkpt lat="67.117930" lon="28.900470"></trkpt><trkpt lat="67.130810" lon="28.913680"></trkpt><trkpt lat="67.122210" lon="28.902940"></trkpt><trkpt lat="67.112590" lon="28.894520"></trkpt><trkpt lat="67.107020" lon="28.882010"></trkpt><trkpt lat="67.094480" lon="28.871250"></trkpt><trkpt lat="67.076370" lon="28.863630"></trkpt><trkpt lat="67.068060" lon="28.842280"></trkpt><trkpt lat="67.059870" lon="28.832030"></trkpt><trkpt lat="67.050050" lon="28.826760"></trkpt><trkpt lat="67.041330" lon="28.818430"></trkpt><trkpt lat="67.033490" lon="28.808210"></trkpt><trkpt lat="67.026450" lon="28.804350"></trkpt><trkpt lat="67.016430" lon="28.800380"></trkpt><trkpt lat="67.001570" lon="28.791450"></trkpt><trkpt lat="66.996960" lon="28.809860"></trkpt><trkpt lat="66.988310" lon="28.806960"></trkpt><trkpt lat="66.975700" lon="28.796110"></trkpt><trkpt lat="66.969660" lon="28.774760"></trkpt><trkpt lat="66.982230" lon="28.775680"></trkpt><trkpt lat="67.005270" lon="28.773770"></trkpt><trkpt lat="66.972640" lon="28.775640"></trkpt><trkpt lat="66.985160" lon="28.757520"></trkpt><trkpt lat="66.975920" lon="28.754020"></trkpt><trkpt lat="66.965280" lon="28.742360"></trkpt><trkpt lat="66.952740" lon="28.728360"></trkpt><trkpt lat="66.941570" lon="28.727780"></trkpt><trkpt lat="66.930240" lon="28.719320"></trkpt><trkpt lat="66.921200" lon="28.732200"></trkpt><trkpt lat="66.914440" lon="28.716500"></trkpt><trkpt lat="66.907580" lon="28.710600"></trkpt><trkpt lat="66.899490" lon="28.703770"></trkpt><trkpt lat="66.886510" lon="28.685220"></trkpt><trkpt lat="66.877830" lon="28.676340"></trkpt><trkpt lat="66.886940" lon="28.684300"></trkpt><trkpt lat="66.878430" lon="28.673510"></trkpt><trkpt lat="66.886720" lon="28.675860"></trkpt><trkpt lat="66.895190" lon="28.683410"></trkpt><trkpt lat="66.887810" lon="28.672740"></trkpt><trkpt lat="66.878230" lon="28.667520"></trkpt><trkpt lat="66.868970" lon="28.663660"></trkpt><trkpt lat="66.876210" lon="28.658320"></trkpt><trkpt lat="66.863080" lon="28.684920"></trkpt><trkpt lat="66.871140" lon="28.682180"></trkpt><trkpt lat="66.859450" lon="28.692770"></trkpt><trkpt lat="66.869680" lon="28.697980"></trkpt><trkpt lat="66.839430" lon="28.720770"></trkpt><trkpt lat="66.832990" lon="28.712510"></trkpt><trkpt lat="66.824410" lon="28.702650"></trkpt><trkpt lat="66.810960" lon="28.710350"></trkpt><trkpt lat="66.806780" lon="28.682400"></trkpt><trkpt lat="66.792050" lon="28.666380"></trkpt><trkpt lat="66.783660" lon="28.622480"></trkpt><trkpt lat="66.772260" lon="28.620600"></trkpt><trkpt lat="66.759870" lon="28.615000"></trkpt><trkpt lat="66.737880" lon="28.636070"></trkpt><trkpt lat="66.700430" lon="28.614530"></trkpt><trkpt lat="66.693340" lon="28.600950"></trkpt><trkpt lat="66.684080" lon="28.600510"></trkpt><trkpt lat="66.675110" lon="28.591340"></trkpt><trkpt lat="66.670600" lon="28.549680"></trkpt><trkpt lat="66.660510" lon="28.549540"></trkpt><trkpt lat="66.652630" lon="28.543130"></trkpt><trkpt lat="66.635790" lon="28.526110"></trkpt><trkpt lat="66.628410" lon="28.521810"></trkpt><trkpt lat="66.618660" lon="28.510520"></trkpt><trkpt lat="66.613290" lon="28.496880"></trkpt><trkpt lat="66.605270" lon="28.492460"></trkpt><trkpt lat="66.596180" lon="28.485720"></trkpt><trkpt lat="66.585300" lon="28.472710"></trkpt><trkpt lat="66.577100" lon="28.466100"></trkpt><trkpt lat="66.572630" lon="28.446550"></trkpt><trkpt lat="66.564220" lon="28.440390"></trkpt><trkpt lat="66.560680" lon="28.422460"></trkpt><trkpt lat="66.558750" lon="28.442730"></trkpt><trkpt lat="66.552020" lon="28.432680"></trkpt><trkpt lat="66.561900" lon="28.422320"></trkpt><trkpt lat="66.553110" lon="28.415370"></trkpt><trkpt lat="66.570350" lon="28.410750"></trkpt><trkpt lat="66.578750" lon="28.411810"></trkpt><trkpt lat="66.569460" lon="28.411970"></trkpt><trkpt lat="66.560550" lon="28.401750"></trkpt><trkpt lat="66.564130" lon="28.419060"></trkpt><trkpt lat="66.573090" lon="28.428960"></trkpt><trkpt lat="66.563230" lon="28.421380"></trkpt><trkpt lat="66.553950" lon="28.409360"></trkpt><trkpt lat="66.546770" lon="28.397430"></trkpt><trkpt lat="66.554340" lon="28.397070"></trkpt><trkpt lat="66.562490" lon="28.390190"></trkpt><trkpt lat="66.554770" lon="28.369080"></trkpt><trkpt lat="66.561930" lon="28.360220"></trkpt><trkpt lat="66.543270" lon="28.387740"></trkpt><trkpt lat="66.525590" lon="28.373980"></trkpt><trkpt lat="66.513300" lon="28.370580"></trkpt><trkpt lat="66.503570" lon="28.366150"></trkpt><trkpt lat="66.494700" lon="28.359320"></trkpt><trkpt lat="66.484250" lon="28.352810"></trkpt><trkpt lat="66.459800" lon="28.342080"></trkpt><trkpt lat="66.452410" lon="28.334570"></trkpt><trkpt lat="66.439390" lon="28.321410"></trkpt><trkpt lat="66.450570" lon="28.316610"></trkpt><trkpt lat="66.440980" lon="28.326380"></trkpt><trkpt lat="66.433400" lon="28.329420"></trkpt><trkpt lat="66.420080" lon="28.312660"></trkpt><trkpt lat="66.429080" lon="28.303940"></trkpt><trkpt lat="66.419320" lon="28.293510"></trkpt><trkpt lat="66.414730" lon="28.271710"></trkpt><trkpt lat="66.413380" lon="28.290760"></trkpt><trkpt lat="66.402350" lon="28.277540"></trkpt><trkpt lat="66.394660" lon="28.263140"></trkpt><trkpt lat="66.403440" lon="28.262390"></trkpt><trkpt lat="66.396490" lon="28.254420"></trkpt><trkpt lat="66.383410" lon="28.260140"></trkpt><trkpt lat="66.378440" lon="28.244940"></trkpt><trkpt lat="66.366560" lon="28.235420"></trkpt><trkpt lat="66.384440" lon="28.211790"></trkpt><trkpt lat="66.371080" lon="28.230740"></trkpt><trkpt lat="66.366150" lon="28.210070"></trkpt><trkpt lat="66.351320" lon="28.208630"></trkpt><trkpt lat="66.363840" lon="28.207960"></trkpt><trkpt lat="66.348890" lon="28.193350"></trkpt><trkpt lat="66.338300" lon="28.192800"></trkpt><trkpt lat="66.329930" lon="28.182000"></trkpt><trkpt lat="66.316860" lon="28.187130"></trkpt><trkpt lat="66.298080" lon="28.185440"></trkpt><trkpt lat="66.294970" lon="28.159810"></trkpt><trkpt lat="66.310830" lon="28.159510"></trkpt><trkpt lat="66.305560" lon="28.136270"></trkpt><trkpt lat="66.321930" lon="28.135840"></trkpt><trkpt lat="66.313220" lon="28.133410"></trkpt><trkpt lat="66.299310" lon="28.149910"></trkpt><trkpt lat="66.306440" lon="28.145510"></trkpt><trkpt lat="66.289860" lon="28.130970"></trkpt><trkpt lat="66.278620" lon="28.122940"></trkpt><trkpt lat="66.267480" lon="28.116110"></trkpt><trkpt lat="66.258530" lon="28.107400"></trkpt><trkpt lat="66.249540" lon="28.095780"></trkpt><trkpt lat="66.240980" lon="28.088700"></trkpt><trkpt lat="66.227630" lon="28.038710"></trkpt><trkpt lat="66.237510" lon="28.038220"></trkpt><trkpt lat="66.229620" lon="28.037360"></trkpt><trkpt lat="66.196940" lon="28.047220"></trkpt><trkpt lat="66.185930" lon="28.031530"></trkpt><trkpt lat="66.159600" lon="28.022010"></trkpt><trkpt lat="66.148120" lon="28.014130"></trkpt><trkpt lat="66.140210" lon="28.002680"></trkpt><trkpt lat="66.131830" lon="27.995760"></trkpt><trkpt lat="66.122790" lon="27.987490"></trkpt><trkpt lat="66.110980" lon="27.983590"></trkpt><trkpt lat="66.106220" lon="27.955590"></trkpt><trkpt lat="66.096530" lon="27.946690"></trkpt><trkpt lat="66.090670" lon="27.931050"></trkpt><trkpt lat="66.080680" lon="27.924110"></trkpt><trkpt lat="66.064880" lon="27.914390"></trkpt><trkpt lat="66.057200" lon="27.892910"></trkpt><trkpt lat="66.049190" lon="27.881280"></trkpt><trkpt lat="66.046940" lon="27.863330"></trkpt><trkpt lat="66.039830" lon="27.855080"></trkpt><trkpt lat="66.030120" lon="27.837170"></trkpt><trkpt lat="66.022710" lon="27.829060"></trkpt><trkpt lat="66.016540" lon="27.811790"></trkpt><trkpt lat="66.023560" lon="27.818770"></trkpt><trkpt lat="66.031340" lon="27.827430"></trkpt><trkpt lat="66.039040" lon="27.830330"></trkpt><trkpt lat="66.038760" lon="27.809520"></trkpt><trkpt lat="66.032240" lon="27.801180"></trkpt><trkpt lat="66.018060" lon="27.795460"></trkpt><trkpt lat="66.010050" lon="27.785810"></trkpt><trkpt lat="66.000040" lon="27.776700"></trkpt><trkpt lat="65.994230" lon="27.764140"></trkpt><trkpt lat="66.012400" lon="27.765170"></trkpt><trkpt lat="66.008620" lon="27.741680"></trkpt><trkpt lat="66.001050" lon="27.739980"></trkpt><trkpt lat="65.991060" lon="27.731280"></trkpt><trkpt lat="65.975000" lon="27.725910"></trkpt><trkpt lat="65.958840" lon="27.719060"></trkpt><trkpt lat="65.950570" lon="27.710050"></trkpt><trkpt lat="65.943160" lon="27.701100"></trkpt><trkpt lat="65.934890" lon="27.687000"></trkpt><trkpt lat="65.926380" lon="27.675600"></trkpt><trkpt lat="65.912980" lon="27.664510"></trkpt><trkpt lat="65.906240" lon="27.649020"></trkpt><trkpt lat="65.922450" lon="27.649730"></trkpt><trkpt lat="65.912650" lon="27.640780"></trkpt><trkpt lat="65.900450" lon="27.630930"></trkpt><trkpt lat="65.891780" lon="27.625390"></trkpt><trkpt lat="65.879570" lon="27.645030"></trkpt><trkpt lat="65.868990" lon="27.632920"></trkpt><trkpt lat="65.859500" lon="27.625970"></trkpt><trkpt lat="65.866930" lon="27.638240"></trkpt><trkpt lat="65.859240" lon="27.632600"></trkpt><trkpt lat="65.850990" lon="27.617670"></trkpt><trkpt lat="65.841130" lon="27.604500"></trkpt><trkpt lat="65.848570" lon="27.603260"></trkpt><trkpt lat="65.839460" lon="27.599080"></trkpt><trkpt lat="65.830910" lon="27.591470"></trkpt><trkpt lat="65.823420" lon="27.585980"></trkpt><trkpt lat="65.815500" lon="27.574600"></trkpt><trkpt lat="65.824530" lon="27.583180"></trkpt><trkpt lat="65.816640" lon="27.573270"></trkpt><trkpt lat="65.829180" lon="27.599690"></trkpt><trkpt lat="65.842740" lon="27.607960"></trkpt><trkpt lat="65.836310" lon="27.598920"></trkpt><trkpt lat="65.853780" lon="27.596680"></trkpt><trkpt lat="65.866050" lon="27.605240"></trkpt><trkpt lat="65.876520" lon="27.613320"></trkpt><trkpt lat="65.868110" lon="27.601820"></trkpt><trkpt lat="65.874330" lon="27.612080"></trkpt><trkpt lat="65.880500" lon="27.625470"></trkpt><trkpt lat="65.886030" lon="27.639740"></trkpt><trkpt lat="65.894780" lon="27.648470"></trkpt><trkpt lat="65.906580" lon="27.652930"></trkpt><trkpt lat="65.895700" lon="27.652160"></trkpt><trkpt lat="65.903110" lon="27.648370"></trkpt><trkpt lat="65.890240" lon="27.637510"></trkpt><trkpt lat="65.877670" lon="27.625050"></trkpt><trkpt lat="65.870970" lon="27.614670"></trkpt><trkpt lat="65.863020" lon="27.607040"></trkpt><trkpt lat="65.857220" lon="27.588610"></trkpt><trkpt lat="65.834440" lon="27.579230"></trkpt><trkpt lat="65.824520" lon="27.572890"></trkpt><trkpt lat="65.818460" lon="27.560670"></trkpt><trkpt lat="65.809580" lon="27.558990"></trkpt><trkpt lat="65.789050" lon="27.548680"></trkpt><trkpt lat="65.777220" lon="27.544440"></trkpt><trkpt lat="65.771030" lon="27.529810"></trkpt><trkpt lat="65.756960" lon="27.521440"></trkpt><trkpt lat="65.747500" lon="27.504340"></trkpt><trkpt lat="65.739150" lon="27.492170"></trkpt><trkpt lat="65.732670" lon="27.483500"></trkpt><trkpt lat="65.722490" lon="27.481950"></trkpt><trkpt lat="65.729960" lon="27.490820"></trkpt><trkpt lat="65.737870" lon="27.498180"></trkpt><trkpt lat="65.760290" lon="27.485380"></trkpt><trkpt lat="65.775160" lon="27.482860"></trkpt><trkpt lat="65.772910" lon="27.508770"></trkpt><trkpt lat="65.782590" lon="27.511350"></trkpt><trkpt lat="65.791120" lon="27.516400"></trkpt><trkpt lat="65.782510" lon="27.511420"></trkpt><trkpt lat="65.790510" lon="27.528170"></trkpt><trkpt lat="65.795780" lon="27.542690"></trkpt><trkpt lat="65.803970" lon="27.548200"></trkpt><trkpt lat="65.811500" lon="27.558970"></trkpt><trkpt lat="65.819260" lon="27.573070"></trkpt><trkpt lat="65.829260" lon="27.582290"></trkpt><trkpt lat="65.833950" lon="27.600550"></trkpt><trkpt lat="65.842460" lon="27.606520"></trkpt><trkpt lat="65.852030" lon="27.612940"></trkpt><trkpt lat="65.858520" lon="27.631480"></trkpt><trkpt lat="65.867160" lon="27.633010"></trkpt><trkpt lat="65.890280" lon="27.644110"></trkpt><trkpt lat="65.902360" lon="27.653230"></trkpt><trkpt lat="65.911920" lon="27.660940"></trkpt><trkpt lat="65.919870" lon="27.676590"></trkpt><trkpt lat="65.932640" lon="27.703970"></trkpt><trkpt lat="65.942220" lon="27.707880"></trkpt><trkpt lat="65.951720" lon="27.723690"></trkpt><trkpt lat="65.967730" lon="27.735280"></trkpt><trkpt lat="65.975660" lon="27.743490"></trkpt><trkpt lat="65.986290" lon="27.754390"></trkpt><trkpt lat="65.996920" lon="27.762660"></trkpt><trkpt lat="65.991570" lon="27.775890"></trkpt><trkpt lat="66.018490" lon="27.772690"></trkpt><trkpt lat="66.010490" lon="27.771020"></trkpt><trkpt lat="66.027030" lon="27.771840"></trkpt><trkpt lat="66.018460" lon="27.773050"></trkpt><trkpt lat="66.009020" lon="27.769020"></trkpt><trkpt lat="66.001030" lon="27.769300"></trkpt><trkpt lat="65.995730" lon="27.754940"></trkpt><trkpt lat="65.986280" lon="27.743520"></trkpt><trkpt lat="65.976970" lon="27.728380"></trkpt><trkpt lat="65.972040" lon="27.704700"></trkpt><trkpt lat="65.960700" lon="27.700850"></trkpt><trkpt lat="65.950710" lon="27.710860"></trkpt><trkpt lat="65.939060" lon="27.710620"></trkpt><trkpt lat="65.931200" lon="27.693950"></trkpt><trkpt lat="65.923290" lon="27.692150"></trkpt><trkpt lat="65.911550" lon="27.681200"></trkpt><trkpt lat="65.902510" lon="27.672070"></trkpt><trkpt lat="65.887820" lon="27.665060"></trkpt><trkpt lat="65.887170" lon="27.641250"></trkpt><trkpt lat="65.878000" lon="27.638600"></trkpt><trkpt lat="65.870710" lon="27.631870"></trkpt><trkpt lat="65.887280" lon="27.650380"></trkpt><trkpt lat="65.895600" lon="27.657590"></trkpt><trkpt lat="65.894870" lon="27.681210"></trkpt><trkpt lat="65.884060" lon="27.675270"></trkpt><trkpt lat="65.892510" lon="27.680200"></trkpt><trkpt lat="65.880880" lon="27.686850"></trkpt><trkpt lat="65.868300" lon="27.682600"></trkpt><trkpt lat="65.866430" lon="27.657780"></trkpt><trkpt lat="65.855120" lon="27.670220"></trkpt><trkpt lat="65.830420" lon="27.669810"></trkpt><trkpt lat="65.822920" lon="27.670310"></trkpt><trkpt lat="65.814210" lon="27.659940"></trkpt><trkpt lat="65.819550" lon="27.646350"></trkpt><trkpt lat="65.810330" lon="27.631840"></trkpt><trkpt lat="65.802470" lon="27.621690"></trkpt><trkpt lat="65.794440" lon="27.611950"></trkpt><trkpt lat="65.784050" lon="27.608670"></trkpt><trkpt lat="65.775820" lon="27.603290"></trkpt><trkpt lat="65.766620" lon="27.596820"></trkpt><trkpt lat="65.758490" lon="27.579120"></trkpt><trkpt lat="65.752430" lon="27.567890"></trkpt><trkpt lat="65.744470" lon="27.576590"></trkpt><trkpt lat="65.738420" lon="27.564490"></trkpt><trkpt lat="65.729510" lon="27.554910"></trkpt><trkpt lat="65.740380" lon="27.546600"></trkpt><trkpt lat="65.740440" lon="27.524980"></trkpt><trkpt lat="65.728850" lon="27.522370"></trkpt><trkpt lat="65.719850" lon="27.511220"></trkpt><trkpt lat="65.712850" lon="27.501330"></trkpt><trkpt lat="65.700360" lon="27.495150"></trkpt><trkpt lat="65.691990" lon="27.486460"></trkpt><trkpt lat="65.683940" lon="27.483270"></trkpt><trkpt lat="65.691030" lon="27.489480"></trkpt><trkpt lat="65.684170" lon="27.473150"></trkpt><trkpt lat="65.674080" lon="27.462020"></trkpt><trkpt lat="65.665170" lon="27.455410"></trkpt><trkpt lat="65.655410" lon="27.454440"></trkpt><trkpt lat="65.662910" lon="27.455590"></trkpt><trkpt lat="65.651570" lon="27.446310"></trkpt><trkpt lat="65.644640" lon="27.434620"></trkpt><trkpt lat="65.656810" lon="27.434410"></trkpt><trkpt lat="65.663200" lon="27.415510"></trkpt><trkpt lat="65.654170" lon="27.408330"></trkpt><trkpt lat="65.640420" lon="27.397780"></trkpt><trkpt lat="65.631290" lon="27.391250"></trkpt><trkpt lat="65.629570" lon="27.373300"></trkpt><trkpt lat="65.615900" lon="27.373950"></trkpt><trkpt lat="65.606670" lon="27.363470"></trkpt><trkpt lat="65.595160" lon="27.340600"></trkpt><trkpt lat="65.585760" lon="27.333050"></trkpt><trkpt lat="65.574920" lon="27.323270"></trkpt><trkpt lat="65.567090" lon="27.318940"></trkpt><trkpt lat="65.559300" lon="27.303170"></trkpt><trkpt lat="65.547770" lon="27.305920"></trkpt><trkpt lat="65.542350" lon="27.290810"></trkpt><trkpt lat="65.530860" lon="27.290590"></trkpt><trkpt lat="65.522270" lon="27.276410"></trkpt><trkpt lat="65.514840" lon="27.275740"></trkpt><trkpt lat="65.504020" lon="27.266440"></trkpt><trkpt lat="65.496410" lon="27.269490"></trkpt><trkpt lat="65.504480" lon="27.256290"></trkpt><trkpt lat="65.484950" lon="27.252190"></trkpt><trkpt lat="65.477370" lon="27.240780"></trkpt><trkpt lat="65.473110" lon="27.225990"></trkpt><trkpt lat="65.463050" lon="27.220320"></trkpt><trkpt lat="65.455800" lon="27.211190"></trkpt><trkpt lat="65.447940" lon="27.206390"></trkpt><trkpt lat="65.436390" lon="27.182860"></trkpt><trkpt lat="65.424370" lon="27.177380"></trkpt><trkpt lat="65.413810" lon="27.176930"></trkpt><trkpt lat="65.402380" lon="27.171590"></trkpt><trkpt lat="65.389760" lon="27.159750"></trkpt><trkpt lat="65.382550" lon="27.155780"></trkpt><trkpt lat="65.363300" lon="27.149660"></trkpt><trkpt lat="65.351690" lon="27.140210"></trkpt><trkpt lat="65.343690" lon="27.131490"></trkpt><trkpt lat="65.332180" lon="27.125270"></trkpt><trkpt lat="65.326170" lon="27.111010"></trkpt><trkpt lat="65.320380" lon="27.096790"></trkpt><trkpt lat="65.335300" lon="27.096450"></trkpt><trkpt lat="65.323250" lon="27.100290"></trkpt><trkpt lat="65.314120" lon="27.093520"></trkpt><trkpt lat="65.305250" lon="27.080530"></trkpt><trkpt lat="65.297360" lon="27.069280"></trkpt><trkpt lat="65.305420" lon="27.065570"></trkpt><trkpt lat="65.298260" lon="27.067440"></trkpt><trkpt lat="65.300760" lon="27.045290"></trkpt><trkpt lat="65.319720" lon="27.060690"></trkpt><trkpt lat="65.311880" lon="27.056290"></trkpt><trkpt lat="65.319610" lon="27.065550"></trkpt><trkpt lat="65.310180" lon="27.071590"></trkpt><trkpt lat="65.321520" lon="27.062430"></trkpt><trkpt lat="65.330240" lon="27.061120"></trkpt><trkpt lat="65.344360" lon="27.083730"></trkpt><trkpt lat="65.343250" lon="27.107890"></trkpt><trkpt lat="65.350640" lon="27.097210"></trkpt><trkpt lat="65.361020" lon="27.100510"></trkpt><trkpt lat="65.373260" lon="27.088610"></trkpt><trkpt lat="65.356080" lon="27.092070"></trkpt><trkpt lat="65.343240" lon="27.092430"></trkpt><trkpt lat="65.331330" lon="27.094400"></trkpt><trkpt lat="65.323420" lon="27.075890"></trkpt><trkpt lat="65.329480" lon="27.105230"></trkpt><trkpt lat="65.320630" lon="27.108980"></trkpt><trkpt lat="65.322420" lon="27.081820"></trkpt><trkpt lat="65.309910" lon="27.068890"></trkpt><trkpt lat="65.303870" lon="27.055840"></trkpt><trkpt lat="65.299860" lon="27.040470"></trkpt><trkpt lat="65.287970" lon="27.038400"></trkpt><trkpt lat="65.275970" lon="27.037090"></trkpt><trkpt lat="65.266540" lon="27.036740"></trkpt><trkpt lat="65.263630" lon="27.017220"></trkpt><trkpt lat="65.254250" lon="27.006570"></trkpt><trkpt lat="65.243180" lon="26.995390"></trkpt><trkpt lat="65.236980" lon="26.981980"></trkpt><trkpt lat="65.224620" lon="26.979150"></trkpt><trkpt lat="65.216350" lon="26.970000"></trkpt><trkpt lat="65.213510" lon="26.990170"></trkpt><trkpt lat="65.191580" lon="26.989570"></trkpt><trkpt lat="65.199280" lon="26.990200"></trkpt><trkpt lat="65.210910" lon="26.990900"></trkpt><trkpt lat="65.224090" lon="26.997960"></trkpt><trkpt lat="65.217260" lon="27.014380"></trkpt><trkpt lat="65.201370" lon="27.013750"></trkpt><trkpt lat="65.216110" lon="27.015090"></trkpt><trkpt lat="65.224590" lon="27.026720"></trkpt><trkpt lat="65.218180" lon="27.036270"></trkpt><trkpt lat="65.244920" lon="27.052500"></trkpt><trkpt lat="65.257410" lon="27.051330"></trkpt><trkpt lat="65.246530" lon="27.044440"></trkpt><trkpt lat="65.256480" lon="27.056980"></trkpt><trkpt lat="65.243080" lon="27.045880"></trkpt><trkpt lat="65.228900" lon="27.044430"></trkpt><trkpt lat="65.221740" lon="27.033470"></trkpt><trkpt lat="65.203210" lon="27.028450"></trkpt><trkpt lat="65.194720" lon="27.017270"></trkpt><trkpt lat="65.180490" lon="27.012920"></trkpt><trkpt lat="65.172470" lon="26.998750"></trkpt><trkpt lat="65.161990" lon="26.983790"></trkpt><trkpt lat="65.154870" lon="26.974290"></trkpt><trkpt lat="65.146950" lon="26.966300"></trkpt><trkpt lat="65.137750" lon="26.956950"></trkpt><trkpt lat="65.127700" lon="26.949190"></trkpt><trkpt lat="65.118920" lon="26.935560"></trkpt><trkpt lat="65.110000" lon="26.929350"></trkpt><trkpt lat="65.102080" lon="26.920400"></trkpt><trkpt lat="65.094770" lon="26.909840"></trkpt><trkpt lat="65.085680" lon="26.900080"></trkpt><trkpt lat="65.077470" lon="26.890390"></trkpt><trkpt lat="65.067330" lon="26.883370"></trkpt><trkpt lat="65.063930" lon="26.848550"></trkpt><trkpt lat="65.049690" lon="26.844700"></trkpt><trkpt lat="65.038160" lon="26.847770"></trkpt><trkpt lat="65.030940" lon="26.838230"></trkpt><trkpt lat="65.008140" lon="26.824840"></trkpt><trkpt lat="64.997960" lon="26.811710"></trkpt><trkpt lat="64.987930" lon="26.801680"></trkpt><trkpt lat="64.976660" lon="26.789960"></trkpt><trkpt lat="64.967790" lon="26.788400"></trkpt><trkpt lat="64.959150" lon="26.778570"></trkpt><trkpt lat="64.949260" lon="26.768000"></trkpt><trkpt lat="64.932470" lon="26.757240"></trkpt><trkpt lat="64.924850" lon="26.747190"></trkpt><trkpt lat="64.915260" lon="26.741910"></trkpt><trkpt lat="64.905180" lon="26.722660"></trkpt><trkpt lat="64.914050" lon="26.738220"></trkpt><trkpt lat="64.920050" lon="26.728680"></trkpt><trkpt lat="64.933580" lon="26.713980"></trkpt><trkpt lat="64.924330" lon="26.701250"></trkpt><trkpt lat="64.911310" lon="26.698360"></trkpt><trkpt lat="64.904810" lon="26.686360"></trkpt><trkpt lat="64.895770" lon="26.671080"></trkpt><trkpt lat="64.892520" lon="26.655390"></trkpt><trkpt lat="64.883970" lon="26.644990"></trkpt><trkpt lat="64.896050" lon="26.647690"></trkpt><trkpt lat="64.888240" lon="26.631880"></trkpt><trkpt lat="64.881370" lon="26.621410"></trkpt><trkpt lat="64.872640" lon="26.614120"></trkpt><trkpt lat="64.863320" lon="26.610810"></trkpt><trkpt lat="64.845730" lon="26.596430"></trkpt><trkpt lat="64.838220" lon="26.587870"></trkpt><trkpt lat="64.821760" lon="26.588760"></trkpt><trkpt lat="64.790420" lon="26.596420"></trkpt><trkpt lat="64.757310" lon="26.589540"></trkpt><trkpt lat="64.747250" lon="26.605440"></trkpt><trkpt lat="64.736310" lon="26.601930"></trkpt><trkpt lat="64.732800" lon="26.585850"></trkpt><trkpt lat="64.721870" lon="26.574770"></trkpt><trkpt lat="64.711560" lon="26.562450"></trkpt><trkpt lat="64.702380" lon="26.553480"></trkpt><trkpt lat="64.692420" lon="26.549040"></trkpt><trkpt lat="64.681480" lon="26.537230"></trkpt><trkpt lat="64.671260" lon="26.525030"></trkpt><trkpt lat="64.661020" lon="26.514900"></trkpt><trkpt lat="64.652090" lon="26.514550"></trkpt><trkpt lat="64.640620" lon="26.498980"></trkpt><trkpt lat="64.618450" lon="26.491540"></trkpt><trkpt lat="64.613740" lon="26.475370"></trkpt><trkpt lat="64.597020" lon="26.481310"></trkpt><trkpt lat="64.569820" lon="26.477330"></trkpt><trkpt lat="64.552870" lon="26.477780"></trkpt><trkpt lat="64.569690" lon="26.464290"></trkpt><trkpt lat="64.558240" lon="26.462300"></trkpt><trkpt lat="64.549160" lon="26.452850"></trkpt><trkpt lat="64.538320" lon="26.442690"></trkpt><trkpt lat="64.531190" lon="26.436150"></trkpt><trkpt lat="64.522000" lon="26.429850"></trkpt><trkpt lat="64.513370" lon="26.421900"></trkpt><trkpt lat="64.505450" lon="26.412440"></trkpt><trkpt lat="64.497300" lon="26.406160"></trkpt><trkpt lat="64.490490" lon="26.399130"></trkpt><trkpt lat="64.482280" lon="26.383050"></trkpt><trkpt lat="64.472990" lon="26.366310"></trkpt><trkpt lat="64.458100" lon="26.357140"></trkpt><trkpt lat="64.450420" lon="26.350250"></trkpt><trkpt lat="64.439640" lon="26.338600"></trkpt><trkpt lat="64.425630" lon="26.320540"></trkpt><trkpt lat="64.418720" lon="26.309040"></trkpt><trkpt lat="64.409550" lon="26.308390"></trkpt><trkpt lat="64.401640" lon="26.296390"></trkpt><trkpt lat="64.393470" lon="26.292010"></trkpt><trkpt lat="64.386360" lon="26.284190"></trkpt><trkpt lat="64.378040" lon="26.268990"></trkpt><trkpt lat="64.368330" lon="26.258100"></trkpt><trkpt lat="64.358760" lon="26.250620"></trkpt><trkpt lat="64.350830" lon="26.241870"></trkpt><trkpt lat="64.340970" lon="26.248710"></trkpt><trkpt lat="64.333050" lon="26.237790"></trkpt><trkpt lat="64.341500" lon="26.237290"></trkpt><trkpt lat="64.334100" lon="26.228950"></trkpt><trkpt lat="64.322840" lon="26.199490"></trkpt><trkpt lat="64.313830" lon="26.206420"></trkpt><trkpt lat="64.305910" lon="26.191700"></trkpt><trkpt lat="64.290400" lon="26.186550"></trkpt><trkpt lat="64.279730" lon="26.172590"></trkpt><trkpt lat="64.270970" lon="26.166670"></trkpt><trkpt lat="64.262840" lon="26.157010"></trkpt><trkpt lat="64.246730" lon="26.138950"></trkpt><trkpt lat="64.236580" lon="26.130710"></trkpt><trkpt lat="64.227800" lon="26.123580"></trkpt><trkpt lat="64.219790" lon="26.112270"></trkpt><trkpt lat="64.212420" lon="26.099410"></trkpt><trkpt lat="64.203910" lon="26.093810"></trkpt><trkpt lat="64.194630" lon="26.087430"></trkpt><trkpt lat="64.187330" lon="26.080150"></trkpt><trkpt lat="64.180810" lon="26.070150"></trkpt><trkpt lat="64.172810" lon="26.072140"></trkpt><trkpt lat="64.160340" lon="26.060860"></trkpt><trkpt lat="64.152730" lon="26.049950"></trkpt><trkpt lat="64.146440" lon="26.037590"></trkpt><trkpt lat="64.137570" lon="26.033190"></trkpt><trkpt lat="64.128330" lon="26.032080"></trkpt><trkpt lat="64.134030" lon="26.042290"></trkpt><trkpt lat="64.120750" lon="26.072440"></trkpt><trkpt lat="64.109540" lon="26.069750"></trkpt><trkpt lat="64.102040" lon="26.061740"></trkpt><trkpt lat="64.094850" lon="26.053240"></trkpt><trkpt lat="64.087330" lon="26.048190"></trkpt><trkpt lat="64.078550" lon="26.038400"></trkpt><trkpt lat="64.068900" lon="26.031250"></trkpt><trkpt lat="64.057360" lon="26.017850"></trkpt><trkpt lat="64.047080" lon="26.010170"></trkpt><trkpt lat="64.038440" lon="25.999480"></trkpt><trkpt lat="64.032030" lon="25.991160"></trkpt><trkpt lat="64.027330" lon="25.975360"></trkpt><trkpt lat="64.016330" lon="25.965540"></trkpt><trkpt lat="64.007000" lon="25.952690"></trkpt><trkpt lat="64.000840" lon="25.935870"></trkpt><trkpt lat="63.993770" lon="25.931540"></trkpt><trkpt lat="63.982370" lon="25.919880"></trkpt><trkpt lat="63.989580" lon="25.913250"></trkpt><trkpt lat="63.991520" lon="25.891530"></trkpt><trkpt lat="63.978330" lon="25.889650"></trkpt><trkpt lat="63.966490" lon="25.881880"></trkpt><trkpt lat="63.958080" lon="25.879300"></trkpt><trkpt lat="63.949590" lon="25.874800"></trkpt><trkpt lat="63.941830" lon="25.873930"></trkpt><trkpt lat="63.930100" lon="25.862290"></trkpt><trkpt lat="63.925260" lon="25.848300"></trkpt><trkpt lat="63.919260" lon="25.830620"></trkpt><trkpt lat="63.913010" lon="25.814220"></trkpt><trkpt lat="63.903240" lon="25.808340"></trkpt><trkpt lat="63.895140" lon="25.797270"></trkpt><trkpt lat="63.887750" lon="25.785350"></trkpt><trkpt lat="63.879640" lon="25.774330"></trkpt><trkpt lat="63.869920" lon="25.763450"></trkpt><trkpt lat="63.861730" lon="25.759380"></trkpt><trkpt lat="63.853550" lon="25.733950"></trkpt><trkpt lat="63.844660" lon="25.727480"></trkpt><trkpt lat="63.836140" lon="25.735900"></trkpt><trkpt lat="63.827530" lon="25.736970"></trkpt><trkpt lat="63.819460" lon="25.735930"></trkpt><trkpt lat="63.811310" lon="25.727950"></trkpt><trkpt lat="63.803270" lon="25.721110"></trkpt><trkpt lat="63.793220" lon="25.714680"></trkpt><trkpt lat="63.782570" lon="25.707730"></trkpt><trkpt lat="63.778300" lon="25.691900"></trkpt><trkpt lat="63.761950" lon="25.692060"></trkpt><trkpt lat="63.756610" lon="25.677410"></trkpt><trkpt lat="63.741750" lon="25.673160"></trkpt><trkpt lat="63.734010" lon="25.668450"></trkpt><trkpt lat="63.726230" lon="25.662880"></trkpt><trkpt lat="63.721590" lon="25.647870"></trkpt><trkpt lat="63.707360" lon="25.643490"></trkpt><trkpt lat="63.701100" lon="25.635110"></trkpt><trkpt lat="63.697380" lon="25.619920"></trkpt><trkpt lat="63.685900" lon="25.607610"></trkpt><trkpt lat="63.679190" lon="25.601520"></trkpt><trkpt lat="63.671830" lon="25.597290"></trkpt><trkpt lat="63.666390" lon="25.573480"></trkpt><trkpt lat="63.640230" lon="25.568280"></trkpt><trkpt lat="63.644730" lon="25.553570"></trkpt><trkpt lat="63.632790" lon="25.561580"></trkpt><trkpt lat="63.618570" lon="25.539420"></trkpt><trkpt lat="63.605180" lon="25.525930"></trkpt><trkpt lat="63.597280" lon="25.514460"></trkpt><trkpt lat="63.603740" lon="25.502570"></trkpt><trkpt lat="63.590690" lon="25.501620"></trkpt><trkpt lat="63.568690" lon="25.502980"></trkpt><trkpt lat="63.552720" lon="25.494010"></trkpt><trkpt lat="63.587970" lon="25.503510"></trkpt><trkpt lat="63.600700" lon="25.519820"></trkpt><trkpt lat="63.611500" lon="25.514440"></trkpt><trkpt lat="63.604540" lon="25.522670"></trkpt><trkpt lat="63.596830" lon="25.503420"></trkpt><trkpt lat="63.588770" lon="25.498220"></trkpt><trkpt lat="63.604980" lon="25.484960"></trkpt><trkpt lat="63.603930" lon="25.507280"></trkpt><trkpt lat="63.594290" lon="25.504320"></trkpt><trkpt lat="63.583030" lon="25.514600"></trkpt><trkpt lat="63.579440" lon="25.499980"></trkpt><trkpt lat="63.572880" lon="25.488760"></trkpt><trkpt lat="63.560790" lon="25.484440"></trkpt><trkpt lat="63.551630" lon="25.474820"></trkpt><trkpt lat="63.540030" lon="25.462470"></trkpt><trkpt lat="63.530840" lon="25.451180"></trkpt><trkpt lat="63.521500" lon="25.445020"></trkpt><trkpt lat="63.530790" lon="25.452910"></trkpt><trkpt lat="63.523770" lon="25.441350"></trkpt><trkpt lat="63.515600" lon="25.434670"></trkpt><trkpt lat="63.507600" lon="25.434170"></trkpt><trkpt lat="63.500910" lon="25.424040"></trkpt><trkpt lat="63.491500" lon="25.418940"></trkpt><trkpt lat="63.481590" lon="25.412690"></trkpt><trkpt lat="63.470170" lon="25.413160"></trkpt><trkpt lat="63.461390" lon="25.402660"></trkpt><trkpt lat="63.452470" lon="25.393410"></trkpt><trkpt lat="63.460730" lon="25.396260"></trkpt><trkpt lat="63.469940" lon="25.403320"></trkpt><trkpt lat="63.461400" lon="25.399320"></trkpt><trkpt lat="63.453650" lon="25.390330"></trkpt><trkpt lat="63.445640" lon="25.379440"></trkpt><trkpt lat="63.437510" lon="25.368090"></trkpt><trkpt lat="63.428750" lon="25.363070"></trkpt><trkpt lat="63.422250" lon="25.349100"></trkpt><trkpt lat="63.404500" lon="25.335650"></trkpt><trkpt lat="63.393700" lon="25.327190"></trkpt><trkpt lat="63.386430" lon="25.316790"></trkpt><trkpt lat="63.375980" lon="25.307250"></trkpt><trkpt lat="63.367290" lon="25.300150"></trkpt><trkpt lat="63.354300" lon="25.293820"></trkpt><trkpt lat="63.327950" lon="25.293140"></trkpt><trkpt lat="63.307900" lon="25.282930"></trkpt><trkpt lat="63.300780" lon="25.277030"></trkpt><trkpt lat="63.290820" lon="25.270240"></trkpt><trkpt lat="63.282620" lon="25.263430"></trkpt><trkpt lat="63.271660" lon="25.251910"></trkpt><trkpt lat="63.256040" lon="25.225110"></trkpt><trkpt lat="63.204970" lon="25.223570"></trkpt><trkpt lat="63.197940" lon="25.209990"></trkpt><trkpt lat="63.187310" lon="25.209020"></trkpt><trkpt lat="63.178720" lon="25.193220"></trkpt><trkpt lat="63.168360" lon="25.181870"></trkpt><trkpt lat="63.160050" lon="25.173890"></trkpt><trkpt lat="63.146260" lon="25.168170"></trkpt><trkpt lat="63.139390" lon="25.162010"></trkpt><trkpt lat="63.131580" lon="25.169940"></trkpt><trkpt lat="63.134570" lon="25.184680"></trkpt><trkpt lat="63.135260" lon="25.212340"></trkpt><trkpt lat="63.145770" lon="25.221490"></trkpt><trkpt lat="63.160030" lon="25.227390"></trkpt><trkpt lat="63.166530" lon="25.243690"></trkpt><trkpt lat="63.175370" lon="25.250490"></trkpt><trkpt lat="63.184320" lon="25.259470"></trkpt><trkpt lat="63.193830" lon="25.270140"></trkpt><trkpt lat="63.202120" lon="25.264990"></trkpt><trkpt lat="63.192980" lon="25.277910"></trkpt><trkpt lat="63.220280" lon="25.265870"></trkpt><trkpt lat="63.228030" lon="25.281020"></trkpt><trkpt lat="63.234620" lon="25.288870"></trkpt><trkpt lat="63.242400" lon="25.296980"></trkpt><trkpt lat="63.234530" lon="25.298940"></trkpt><trkpt lat="63.224050" lon="25.303630"></trkpt><trkpt lat="63.232710" lon="25.306900"></trkpt><trkpt lat="63.239980" lon="25.315260"></trkpt><trkpt lat="63.247460" lon="25.323080"></trkpt><trkpt lat="63.238420" lon="25.325460"></trkpt><trkpt lat="63.209900" lon="25.317840"></trkpt><trkpt lat="63.197880" lon="25.311620"></trkpt><trkpt lat="63.187720" lon="25.300400"></trkpt><trkpt lat="63.183960" lon="25.330560"></trkpt><trkpt lat="63.175610" lon="25.321050"></trkpt><trkpt lat="63.168540" lon="25.317200"></trkpt><trkpt lat="63.178640" lon="25.327470"></trkpt><trkpt lat="63.172370" lon="25.318330"></trkpt><trkpt lat="63.162940" lon="25.311240"></trkpt><trkpt lat="63.171840" lon="25.309360"></trkpt><trkpt lat="63.163080" lon="25.305400"></trkpt><trkpt lat="63.156130" lon="25.299170"></trkpt><trkpt lat="63.148010" lon="25.298290"></trkpt><trkpt lat="63.138950" lon="25.287700"></trkpt><trkpt lat="63.131340" lon="25.284510"></trkpt><trkpt lat="63.124170" lon="25.278230"></trkpt><trkpt lat="63.119990" lon="25.254870"></trkpt><trkpt lat="63.111950" lon="25.252580"></trkpt><trkpt lat="63.109270" lon="25.226540"></trkpt><trkpt lat="63.096350" lon="25.220760"></trkpt><trkpt lat="63.086330" lon="25.212810"></trkpt><trkpt lat="63.079090" lon="25.204740"></trkpt><trkpt lat="63.069090" lon="25.197210"></trkpt><trkpt lat="63.061590" lon="25.190090"></trkpt><trkpt lat="63.052820" lon="25.178930"></trkpt><trkpt lat="63.043790" lon="25.169690"></trkpt><trkpt lat="63.034810" lon="25.166790"></trkpt><trkpt lat="63.027510" lon="25.159890"></trkpt><trkpt lat="63.017440" lon="25.158160"></trkpt><trkpt lat="63.006470" lon="25.153920"></trkpt><trkpt lat="63.014980" lon="25.155260"></trkpt><trkpt lat="63.008010" lon="25.133560"></trkpt><trkpt lat="62.998840" lon="25.124010"></trkpt><trkpt lat="62.991000" lon="25.117340"></trkpt><trkpt lat="62.981720" lon="25.105610"></trkpt><trkpt lat="62.972890" lon="25.098000"></trkpt><trkpt lat="62.964660" lon="25.089630"></trkpt><trkpt lat="62.958160" lon="25.082780"></trkpt><trkpt lat="62.952400" lon="25.067570"></trkpt><trkpt lat="62.942930" lon="25.060060"></trkpt><trkpt lat="62.936530" lon="25.050730"></trkpt><trkpt lat="62.931160" lon="25.039560"></trkpt><trkpt lat="62.928870" lon="25.005290"></trkpt><trkpt lat="62.921460" lon="24.998620"></trkpt><trkpt lat="62.915270" lon="24.982590"></trkpt><trkpt lat="62.926270" lon="24.982480"></trkpt><trkpt lat="62.932480" lon="24.970400"></trkpt><trkpt lat="62.922280" lon="24.968160"></trkpt><trkpt lat="62.903020" lon="24.966840"></trkpt><trkpt lat="62.891400" lon="24.960200"></trkpt><trkpt lat="62.893340" lon="24.920330"></trkpt><trkpt lat="62.918470" lon="24.920510"></trkpt><trkpt lat="62.926420" lon="24.924050"></trkpt><trkpt lat="62.913960" lon="24.952960"></trkpt><trkpt lat="62.906370" lon="24.944590"></trkpt><trkpt lat="62.894840" lon="24.932410"></trkpt><trkpt lat="62.886790" lon="24.918650"></trkpt><trkpt lat="62.874430" lon="24.913050"></trkpt><trkpt lat="62.878350" lon="24.899550"></trkpt><trkpt lat="62.868160" lon="24.895550"></trkpt><trkpt lat="62.861880" lon="24.887190"></trkpt><trkpt lat="62.851700" lon="24.881940"></trkpt><trkpt lat="62.842450" lon="24.875940"></trkpt><trkpt lat="62.835250" lon="24.868180"></trkpt><trkpt lat="62.825970" lon="24.853560"></trkpt><trkpt lat="62.818870" lon="24.849480"></trkpt><trkpt lat="62.809440" lon="24.841830"></trkpt><trkpt lat="62.800330" lon="24.826530"></trkpt><trkpt lat="62.791190" lon="24.822060"></trkpt><trkpt lat="62.781380" lon="24.811690"></trkpt><trkpt lat="62.772450" lon="24.797850"></trkpt><trkpt lat="62.761760" lon="24.778200"></trkpt><trkpt lat="62.748560" lon="24.768650"></trkpt><trkpt lat="62.740910" lon="24.759780"></trkpt><trkpt lat="62.729640" lon="24.750570"></trkpt><trkpt lat="62.721370" lon="24.740970"></trkpt><trkpt lat="62.711170" lon="24.728480"></trkpt><trkpt lat="62.703830" lon="24.719570"></trkpt><trkpt lat="62.691740" lon="24.713160"></trkpt><trkpt lat="62.681230" lon="24.700680"></trkpt><trkpt lat="62.673240" lon="24.692300"></trkpt><trkpt lat="62.664560" lon="24.671870"></trkpt><trkpt lat="62.628490" lon="24.671330"></trkpt><trkpt lat="62.621680" lon="24.662160"></trkpt><trkpt lat="62.614110" lon="24.656340"></trkpt><trkpt lat="62.608570" lon="24.640810"></trkpt><trkpt lat="62.600140" lon="24.634820"></trkpt><trkpt lat="62.588580" lon="24.626400"></trkpt><trkpt lat="62.578190" lon="24.618820"></trkpt><trkpt lat="62.573340" lon="24.592260"></trkpt><trkpt lat="62.561730" lon="24.599090"></trkpt><trkpt lat="62.553480" lon="24.593370"></trkpt><trkpt lat="62.545640" lon="24.592180"></trkpt><trkpt lat="62.559160" lon="24.606190"></trkpt><trkpt lat="62.556730" lon="24.634890"></trkpt><trkpt lat="62.576420" lon="24.634260"></trkpt><trkpt lat="62.583060" lon="24.627640"></trkpt><trkpt lat="62.573740" lon="24.628360"></trkpt><trkpt lat="62.564920" lon="24.636010"></trkpt><trkpt lat="62.550180" lon="24.633460"></trkpt><trkpt lat="62.535170" lon="24.630820"></trkpt><trkpt lat="62.526760" lon="24.624800"></trkpt><trkpt lat="62.537220" lon="24.635600"></trkpt><trkpt lat="62.525080" lon="24.639380"></trkpt><trkpt lat="62.534280" lon="24.635080"></trkpt><trkpt lat="62.544040" lon="24.642850"></trkpt><trkpt lat="62.536910" lon="24.648040"></trkpt><trkpt lat="62.544540" lon="24.648620"></trkpt><trkpt lat="62.536950" lon="24.642460"></trkpt><trkpt lat="62.529500" lon="24.634120"></trkpt><trkpt lat="62.523860" lon="24.623520"></trkpt><trkpt lat="62.524200" lon="24.643480"></trkpt><trkpt lat="62.534300" lon="24.638050"></trkpt><trkpt lat="62.526060" lon="24.629530"></trkpt><trkpt lat="62.516230" lon="24.628210"></trkpt><trkpt lat="62.518930" lon="24.645840"></trkpt><trkpt lat="62.512160" lon="24.631910"></trkpt><trkpt lat="62.497480" lon="24.626460"></trkpt><trkpt lat="62.487470" lon="24.617900"></trkpt><trkpt lat="62.496630" lon="24.616650"></trkpt><trkpt lat="62.505780" lon="24.632060"></trkpt><trkpt lat="62.498970" lon="24.626410"></trkpt><trkpt lat="62.489820" lon="24.620900"></trkpt><trkpt lat="62.480530" lon="24.613660"></trkpt><trkpt lat="62.480160" lon="24.632830"></trkpt><trkpt lat="62.468570" lon="24.629400"></trkpt><trkpt lat="62.462550" lon="24.616280"></trkpt><trkpt lat="62.461920" lon="24.632330"></trkpt><trkpt lat="62.478960" lon="24.633270"></trkpt><trkpt lat="62.484460" lon="24.650620"></trkpt><trkpt lat="62.476940" lon="24.642500"></trkpt><trkpt lat="62.469650" lon="24.646480"></trkpt><trkpt lat="62.463110" lon="24.636580"></trkpt><trkpt lat="62.455200" lon="24.630060"></trkpt><trkpt lat="62.449310" lon="24.620030"></trkpt><trkpt lat="62.442490" lon="24.605100"></trkpt><trkpt lat="62.434420" lon="24.602590"></trkpt><trkpt lat="62.423700" lon="24.595610"></trkpt><trkpt lat="62.417300" lon="24.582690"></trkpt><trkpt lat="62.409870" lon="24.583190"></trkpt><trkpt lat="62.396050" lon="24.571410"></trkpt><trkpt lat="62.387250" lon="24.562820"></trkpt><trkpt lat="62.379120" lon="24.556180"></trkpt><trkpt lat="62.364180" lon="24.546670"></trkpt><trkpt lat="62.355470" lon="24.542970"></trkpt><trkpt lat="62.345720" lon="24.533940"></trkpt><trkpt lat="62.339480" lon="24.523280"></trkpt><trkpt lat="62.330460" lon="24.542680"></trkpt><trkpt lat="62.345740" lon="24.532960"></trkpt><trkpt lat="62.337820" lon="24.528060"></trkpt><trkpt lat="62.333870" lon="24.512210"></trkpt><trkpt lat="62.326240" lon="24.494230"></trkpt><trkpt lat="62.319290" lon="24.477720"></trkpt><trkpt lat="62.310130" lon="24.477790"></trkpt><trkpt lat="62.317370" lon="24.469600"></trkpt><trkpt lat="62.306940" lon="24.463030"></trkpt><trkpt lat="62.320270" lon="24.457070"></trkpt><trkpt lat="62.312480" lon="24.451210"></trkpt><trkpt lat="62.308520" lon="24.437320"></trkpt><trkpt lat="62.301380" lon="24.430360"></trkpt><trkpt lat="62.291640" lon="24.426680"></trkpt><trkpt lat="62.284110" lon="24.435140"></trkpt><trkpt lat="62.276000" lon="24.430910"></trkpt><trkpt lat="62.264170" lon="24.426830"></trkpt><trkpt lat="62.250450" lon="24.416700"></trkpt><trkpt lat="62.241260" lon="24.408890"></trkpt><trkpt lat="62.235930" lon="24.396330"></trkpt><trkpt lat="62.225010" lon="24.382190"></trkpt><trkpt lat="62.217150" lon="24.380710"></trkpt><trkpt lat="62.211830" lon="24.365930"></trkpt><trkpt lat="62.203350" lon="24.356960"></trkpt><trkpt lat="62.190400" lon="24.350460"></trkpt><trkpt lat="62.180730" lon="24.340140"></trkpt><trkpt lat="62.172830" lon="24.332100"></trkpt><trkpt lat="62.163040" lon="24.320300"></trkpt><trkpt lat="62.154410" lon="24.314050"></trkpt><trkpt lat="62.147350" lon="24.307660"></trkpt><trkpt lat="62.153980" lon="24.314430"></trkpt><trkpt lat="62.164360" lon="24.317960"></trkpt><trkpt lat="62.150460" lon="24.310430"></trkpt><trkpt lat="62.142890" lon="24.322300"></trkpt><trkpt lat="62.144400" lon="24.306520"></trkpt><trkpt lat="62.126830" lon="24.313280"></trkpt><trkpt lat="62.122320" lon="24.292620"></trkpt><trkpt lat="62.113270" lon="24.286840"></trkpt><trkpt lat="62.107080" lon="24.274120"></trkpt><trkpt lat="62.100590" lon="24.261260"></trkpt><trkpt lat="62.071900" lon="24.258150"></trkpt><trkpt lat="62.061920" lon="24.249110"></trkpt><trkpt lat="62.052150" lon="24.241570"></trkpt><trkpt lat="62.039820" lon="24.230670"></trkpt><trkpt lat="62.032310" lon="24.223830"></trkpt><trkpt lat="62.025150" lon="24.217110"></trkpt><trkpt lat="62.018730" lon="24.204380"></trkpt><trkpt lat="62.011830" lon="24.197430"></trkpt><trkpt lat="62.007300" lon="24.181110"></trkpt><trkpt lat="61.987850" lon="24.174040"></trkpt><trkpt lat="61.951080" lon="24.191770"></trkpt><trkpt lat="61.936950" lon="24.215800"></trkpt><trkpt lat="61.936110" lon="24.186060"></trkpt><trkpt lat="61.947320" lon="24.186230"></trkpt><trkpt lat="61.941490" lon="24.169770"></trkpt><trkpt lat="61.950740" lon="24.171240"></trkpt><trkpt lat="61.941190" lon="24.156890"></trkpt><trkpt lat="61.931960" lon="24.149370"></trkpt><trkpt lat="61.922880" lon="24.143280"></trkpt><trkpt lat="61.915010" lon="24.137310"></trkpt><trkpt lat="61.904470" lon="24.145930"></trkpt><trkpt lat="61.895660" lon="24.146740"></trkpt><trkpt lat="61.890280" lon="24.130980"></trkpt><trkpt lat="61.882210" lon="24.124950"></trkpt><trkpt lat="61.874820" lon="24.121000"></trkpt><trkpt lat="61.859090" lon="24.119120"></trkpt><trkpt lat="61.849970" lon="24.119000"></trkpt><trkpt lat="61.843930" lon="24.106310"></trkpt><trkpt lat="61.833510" lon="24.096020"></trkpt><trkpt lat="61.824980" lon="24.087750"></trkpt><trkpt lat="61.820530" lon="24.073210"></trkpt><trkpt lat="61.813540" lon="24.064170"></trkpt><trkpt lat="61.801530" lon="24.058120"></trkpt><trkpt lat="61.795140" lon="24.050680"></trkpt><trkpt lat="61.786090" lon="24.044750"></trkpt><trkpt lat="61.775500" lon="24.037200"></trkpt><trkpt lat="61.754350" lon="24.026500"></trkpt><trkpt lat="61.744700" lon="24.016860"></trkpt><trkpt lat="61.751940" lon="24.004420"></trkpt><trkpt lat="61.743110" lon="23.998620"></trkpt><trkpt lat="61.727920" lon="23.991280"></trkpt><trkpt lat="61.719860" lon="23.982970"></trkpt><trkpt lat="61.712000" lon="23.973200"></trkpt><trkpt lat="61.704070" lon="23.966070"></trkpt><trkpt lat="61.695570" lon="23.949140"></trkpt><trkpt lat="61.683760" lon="23.951580"></trkpt><trkpt lat="61.678150" lon="23.939120"></trkpt><trkpt lat="61.678740" lon="23.958090"></trkpt><trkpt lat="61.670400" lon="23.970870"></trkpt><trkpt lat="61.675270" lon="23.959260"></trkpt><trkpt lat="61.666520" lon="23.950930"></trkpt><trkpt lat="61.657170" lon="23.939760"></trkpt><trkpt lat="61.653140" lon="23.925320"></trkpt><trkpt lat="61.639590" lon="23.913440"></trkpt><trkpt lat="61.632830" lon="23.902740"></trkpt><trkpt lat="61.622400" lon="23.905470"></trkpt><trkpt lat="61.614890" lon="23.893730"></trkpt><trkpt lat="61.605310" lon="23.888810"></trkpt><trkpt lat="61.593510" lon="23.882620"></trkpt><trkpt lat="61.588220" lon="23.870840"></trkpt><trkpt lat="61.580920" lon="23.861380"></trkpt><trkpt lat="61.572490" lon="23.854320"></trkpt><trkpt lat="61.564500" lon="23.839530"></trkpt><trkpt lat="61.564130" lon="23.811890"></trkpt><trkpt lat="61.552160" lon="23.813100"></trkpt><trkpt lat="61.542140" lon="23.804330"></trkpt><trkpt lat="61.530190" lon="23.807050"></trkpt><trkpt lat="61.522120" lon="23.798220"></trkpt><trkpt lat="61.513870" lon="23.791010"></trkpt><trkpt lat="61.505890" lon="23.805910"></trkpt><trkpt lat="61.523800" lon="23.794480"></trkpt><trkpt lat="61.509990" lon="23.787490"></trkpt><trkpt lat="61.498710" lon="23.794510"></trkpt><trkpt lat="61.488430" lon="23.788380"></trkpt><trkpt lat="61.478430" lon="23.778400"></trkpt><trkpt lat="61.471930" lon="23.771130"></trkpt><trkpt lat="61.459160" lon="23.747510"></trkpt><trkpt lat="61.450210" lon="23.743330"></trkpt><trkpt lat="61.440110" lon="23.731630"></trkpt><trkpt lat="61.433470" lon="23.722340"></trkpt><trkpt lat="61.444950" lon="23.720380"></trkpt><trkpt lat="61.454710" lon="23.728850"></trkpt><trkpt lat="61.447900" lon="23.712080"></trkpt><trkpt lat="61.438200" lon="23.706840"></trkpt><trkpt lat="61.419130" lon="23.702820"></trkpt><trkpt lat="61.410790" lon="23.695130"></trkpt><trkpt lat="61.402550" lon="23.688320"></trkpt><trkpt lat="61.408900" lon="23.695990"></trkpt><trkpt lat="61.400450" lon="23.684130"></trkpt><trkpt lat="61.390450" lon="23.674780"></trkpt><trkpt lat="61.382980" lon="23.665760"></trkpt><trkpt lat="61.374430" lon="23.653790"></trkpt><trkpt lat="61.366740" lon="23.647490"></trkpt><trkpt lat="61.355760" lon="23.641260"></trkpt><trkpt lat="61.363810" lon="23.638370"></trkpt><trkpt lat="61.359290" lon="23.661190"></trkpt><trkpt lat="61.372030" lon="23.662400"></trkpt><trkpt lat="61.380980" lon="23.668680"></trkpt><trkpt lat="61.387510" lon="23.676620"></trkpt><trkpt lat="61.403510" lon="23.682790"></trkpt><trkpt lat="61.412800" lon="23.690900"></trkpt><trkpt lat="61.421400" lon="23.699160"></trkpt><trkpt lat="61.429930" lon="23.707390"></trkpt><trkpt lat="61.437180" lon="23.718630"></trkpt><trkpt lat="61.447470" lon="23.730700"></trkpt><trkpt lat="61.455190" lon="23.739790"></trkpt><trkpt lat="61.459140" lon="23.724530"></trkpt><trkpt lat="61.466380" lon="23.732400"></trkpt><trkpt lat="61.474630" lon="23.731030"></trkpt><trkpt lat="61.466830" lon="23.719810"></trkpt><trkpt lat="61.460760" lon="23.705160"></trkpt><trkpt lat="61.453090" lon="23.703440"></trkpt><trkpt lat="61.452820" lon="23.686550"></trkpt><trkpt lat="61.457370" lon="23.667510"></trkpt><trkpt lat="61.466760" lon="23.672530"></trkpt><trkpt lat="61.474910" lon="23.668000"></trkpt><trkpt lat="61.483380" lon="23.673590"></trkpt><trkpt lat="61.477520" lon="23.659490"></trkpt><trkpt lat="61.469490" lon="23.654490"></trkpt><trkpt lat="61.478030" lon="23.653160"></trkpt><trkpt lat="61.470070" lon="23.644460"></trkpt><trkpt lat="61.458860" lon="23.640960"></trkpt><trkpt lat="61.465470" lon="23.651360"></trkpt><trkpt lat="61.466810" lon="23.669780"></trkpt><trkpt lat="61.477340" lon="23.671890"></trkpt><trkpt lat="61.484180" lon="23.678590"></trkpt><trkpt lat="61.474870" lon="23.670800"></trkpt><trkpt lat="61.469020" lon="23.656050"></trkpt><trkpt lat="61.459330" lon="23.652100"></trkpt><trkpt lat="61.447500" lon="23.645930"></trkpt><trkpt lat="61.446370" lon="23.623970"></trkpt><trkpt lat="61.438480" lon="23.624400"></trkpt><trkpt lat="61.431480" lon="23.616130"></trkpt><trkpt lat="61.425550" lon="23.606160"></trkpt><trkpt lat="61.417680" lon="23.605450"></trkpt><trkpt lat="61.409760" lon="23.599030"></trkpt><trkpt lat="61.401210" lon="23.600150"></trkpt><trkpt lat="61.393080" lon="23.593640"></trkpt><trkpt lat="61.383350" lon="23.589680"></trkpt><trkpt lat="61.376570" lon="23.578800"></trkpt><trkpt lat="61.364090" lon="23.563310"></trkpt><trkpt lat="61.339580" lon="23.560240"></trkpt><trkpt lat="61.339510" lon="23.545150"></trkpt><trkpt lat="61.334620" lon="23.529320"></trkpt><trkpt lat="61.326000" lon="23.523820"></trkpt><trkpt lat="61.316130" lon="23.517100"></trkpt><trkpt lat="61.303460" lon="23.503350"></trkpt><trkpt lat="61.295230" lon="23.491790"></trkpt><trkpt lat="61.289310" lon="23.478280"></trkpt><trkpt lat="61.279420" lon="23.471700"></trkpt><trkpt lat="61.290920" lon="23.463800"></trkpt><trkpt lat="61.282040" lon="23.454090"></trkpt><trkpt lat="61.274930" lon="23.447600"></trkpt><trkpt lat="61.292180" lon="23.447180"></trkpt><trkpt lat="61.312050" lon="23.446630"></trkpt><trkpt lat="61.305440" lon="23.439110"></trkpt><trkpt lat="61.297590" lon="23.424930"></trkpt><trkpt lat="61.291000" lon="23.418910"></trkpt><trkpt lat="61.281260" lon="23.427730"></trkpt><trkpt lat="61.273140" lon="23.410930"></trkpt><trkpt lat="61.266870" lon="23.396490"></trkpt><trkpt lat="61.241600" lon="23.395470"></trkpt><trkpt lat="61.233680" lon="23.389370"></trkpt><trkpt lat="61.219130" lon="23.377080"></trkpt><trkpt lat="61.212040" lon="23.368720"></trkpt><trkpt lat="61.205180" lon="23.361730"></trkpt><trkpt lat="61.194750" lon="23.349380"></trkpt><trkpt lat="61.178830" lon="23.344060"></trkpt><trkpt lat="61.169080" lon="23.339590"></trkpt><trkpt lat="61.154030" lon="23.331190"></trkpt><trkpt lat="61.122820" lon="23.315580"></trkpt><trkpt lat="61.103970" lon="23.311540"></trkpt><trkpt lat="61.091500" lon="23.306530"></trkpt><trkpt lat="61.075900" lon="23.313250"></trkpt><trkpt lat="61.069320" lon="23.305120"></trkpt><trkpt lat="61.069770" lon="23.285300"></trkpt><trkpt lat="61.057700" lon="23.288780"></trkpt><trkpt lat="61.048000" lon="23.276070"></trkpt><trkpt lat="61.037050" lon="23.285850"></trkpt><trkpt lat="61.029340" lon="23.283530"></trkpt><trkpt lat="61.037940" lon="23.276060"></trkpt><trkpt lat="61.030090" lon="23.267650"></trkpt><trkpt lat="61.022700" lon="23.262010"></trkpt><trkpt lat="61.032620" lon="23.259960"></trkpt><trkpt lat="61.022610" lon="23.253980"></trkpt><trkpt lat="61.015440" lon="23.252080"></trkpt><trkpt lat="60.991730" lon="23.261850"></trkpt><trkpt lat="60.993800" lon="23.241890"></trkpt><trkpt lat="60.986270" lon="23.237380"></trkpt><trkpt lat="60.975160" lon="23.236630"></trkpt><trkpt lat="60.963220" lon="23.232990"></trkpt><trkpt lat="60.955270" lon="23.223120"></trkpt><trkpt lat="60.937980" lon="23.210840"></trkpt><trkpt lat="60.934600" lon="23.189140"></trkpt><trkpt lat="60.927120" lon="23.164820"></trkpt><trkpt lat="60.917150" lon="23.159730"></trkpt><trkpt lat="60.895400" lon="23.156890"></trkpt><trkpt lat="60.874250" lon="23.147840"></trkpt><trkpt lat="60.854120" lon="23.132790"></trkpt><trkpt lat="60.837520" lon="23.124380"></trkpt><trkpt lat="60.829290" lon="23.114780"></trkpt><trkpt lat="60.809710" lon="23.106310"></trkpt><trkpt lat="60.791730" lon="23.094730"></trkpt><trkpt lat="60.781760" lon="23.087890"></trkpt><trkpt lat="60.766890" lon="23.067840"></trkpt><trkpt lat="60.755910" lon="23.062660"></trkpt><trkpt lat="60.748760" lon="23.057150"></trkpt><trkpt lat="60.741420" lon="23.057090"></trkpt><trkpt lat="60.733820" lon="23.041540"></trkpt><trkpt lat="60.719050" lon="23.041520"></trkpt><trkpt lat="60.706260" lon="23.041290"></trkpt><trkpt lat="60.702860" lon="23.027260"></trkpt><trkpt lat="60.678120" lon="23.009890"></trkpt><trkpt lat="60.670030" lon="23.004090"></trkpt><trkpt lat="60.679520" lon="22.993650"></trkpt><trkpt lat="60.668940" lon="22.986690"></trkpt><trkpt lat="60.657380" lon="22.978460"></trkpt><trkpt lat="60.647380" lon="22.967860"></trkpt><trkpt lat="60.636480" lon="22.987650"></trkpt><trkpt lat="60.644510" lon="22.983920"></trkpt><trkpt lat="60.654770" lon="22.979180"></trkpt><trkpt lat="60.646560" lon="22.979200"></trkpt><trkpt lat="60.642310" lon="22.966920"></trkpt><trkpt lat="60.636170" lon="22.957740"></trkpt><trkpt lat="60.626090" lon="22.957360"></trkpt><trkpt lat="60.618380" lon="22.946880"></trkpt><trkpt lat="60.613550" lon="22.932080"></trkpt><trkpt lat="60.604030" lon="22.927940"></trkpt><trkpt lat="60.590650" lon="22.923430"></trkpt><trkpt lat="60.583780" lon="22.910780"></trkpt><trkpt lat="60.573940" lon="22.908020"></trkpt><trkpt lat="60.561430" lon="22.888060"></trkpt><trkpt lat="60.552860" lon="22.880850"></trkpt><trkpt lat="60.543690" lon="22.864680"></trkpt><trkpt lat="60.532240" lon="22.865530"></trkpt><trkpt lat="60.521440" lon="22.854270"></trkpt><trkpt lat="60.530740" lon="22.860460"></trkpt><trkpt lat="60.537990" lon="22.868800"></trkpt><trkpt lat="60.528310" lon="22.866250"></trkpt><trkpt lat="60.519800" lon="22.850840"></trkpt><trkpt lat="60.510180" lon="22.840880"></trkpt><trkpt lat="60.501370" lon="22.833780"></trkpt><trkpt lat="60.493550" lon="22.830440"></trkpt><trkpt lat="60.482900" lon="22.836430"></trkpt><trkpt lat="60.473690" lon="22.832880"></trkpt><trkpt lat="60.472540" lon="22.815530"></trkpt><trkpt lat="60.465830" lon="22.808630"></trkpt><trkpt lat="60.458930" lon="22.800040"></trkpt><trkpt lat="60.467250" lon="22.812230"></trkpt><trkpt lat="60.475760" lon="22.814070"></trkpt><trkpt lat="60.465150" lon="22.816630"></trkpt><trkpt lat="60.455270" lon="22.815080"></trkpt><trkpt lat="60.446030" lon="22.810280"></trkpt><trkpt lat="60.438810" lon="22.816310"></trkpt><trkpt lat="60.433230" lon="22.803330"></trkpt><trkpt lat="60.425300" lon="22.794960"></trkpt><trkpt lat="60.413580" lon="22.785410"></trkpt><trkpt lat="60.421640" lon="22.784330"></trkpt><trkpt lat="60.413590" lon="22.781320"></trkpt><trkpt lat="60.408360" lon="22.768480"></trkpt><trkpt lat="60.400830" lon="22.761520"></trkpt><trkpt lat="60.393640" lon="22.753110"></trkpt><trkpt lat="60.384360" lon="22.739710"></trkpt><trkpt lat="60.375960" lon="22.740090"></trkpt><trkpt lat="60.368730" lon="22.720440"></trkpt><trkpt lat="60.351860" lon="22.724210"></trkpt><trkpt lat="60.341550" lon="22.715030"></trkpt><trkpt lat="60.342580" lon="22.698460"></trkpt><trkpt lat="60.333650" lon="22.695300"></trkpt><trkpt lat="60.327560" lon="22.703400"></trkpt><trkpt lat="60.316890" lon="22.699270"></trkpt><trkpt lat="60.307950" lon="22.692780"></trkpt><trkpt lat="60.293910" lon="22.679370"></trkpt><trkpt lat="60.286070" lon="22.671090"></trkpt><trkpt lat="60.282050" lon="22.658230"></trkpt><trkpt lat="60.292630" lon="22.658270"></trkpt><trkpt lat="60.285300" lon="22.653020"></trkpt><trkpt lat="60.276710" lon="22.641210"></trkpt><trkpt lat="60.260150" lon="22.641140"></trkpt><trkpt lat="60.254660" lon="22.626820"></trkpt><trkpt lat="60.242570" lon="22.634110"></trkpt><trkpt lat="60.252250" lon="22.627380"></trkpt><trkpt lat="60.243790" lon="22.622180"></trkpt><trkpt lat="60.234970" lon="22.618690"></trkpt><trkpt lat="60.227390" lon="22.623250"></trkpt><trkpt lat="60.217690" lon="22.630070"></trkpt><trkpt lat="60.206490" lon="22.633620"></trkpt><trkpt lat="60.215740" lon="22.624060"></trkpt><trkpt lat="60.205710" lon="22.628280"></trkpt><trkpt lat="60.217590" lon="22.621890"></trkpt><trkpt lat="60.210010" lon="22.640450"></trkpt><trkpt lat="60.219640" lon="22.640750"></trkpt><trkpt lat="60.243180" lon="22.628220"></trkpt><trkpt lat="60.234240" lon="22.623820"></trkpt><trkpt lat="60.237690" lon="22.638210"></trkpt><trkpt lat="60.229860" lon="22.628940"></trkpt><trkpt lat="60.235760" lon="22.638710"></trkpt><trkpt lat="60.243110" lon="22.644300"></trkpt><trkpt lat="60.251390" lon="22.641490"></trkpt><trkpt lat="60.239490" lon="22.638370"></trkpt><trkpt lat="60.229490" lon="22.625120"></trkpt><trkpt lat="60.223420" lon="22.611320"></trkpt><trkpt lat="60.215260" lon="22.599970"></trkpt><trkpt lat="60.203320" lon="22.595460"></trkpt><trkpt lat="60.191870" lon="22.587700"></trkpt><trkpt lat="60.183030" lon="22.594620"></trkpt><trkpt lat="60.173840" lon="22.587450"></trkpt><trkpt lat="60.163680" lon="22.581200"></trkpt><trkpt lat="60.156860" lon="22.570350"></trkpt><trkpt lat="60.143540" lon="22.574210"></trkpt><trkpt lat="60.139720" lon="22.556640"></trkpt><trkpt lat="60.130620" lon="22.550340"></trkpt><trkpt lat="60.127170" lon="22.532780"></trkpt><trkpt lat="60.116060" lon="22.560750"></trkpt><trkpt lat="60.123980" lon="22.559310"></trkpt><trkpt lat="60.113550" lon="22.556960"></trkpt><trkpt lat="60.104400" lon="22.548230"></trkpt><trkpt lat="60.100020" lon="22.528350"></trkpt><trkpt lat="60.089810" lon="22.523490"></trkpt><trkpt lat="60.081400" lon="22.518250"></trkpt><trkpt lat="60.088340" lon="22.511260"></trkpt><trkpt lat="60.080610" lon="22.514540"></trkpt><trkpt lat="60.071930" lon="22.503590"></trkpt><trkpt lat="60.062810" lon="22.496250"></trkpt><trkpt lat="60.060350" lon="22.477780"></trkpt><trkpt lat="60.048640" lon="22.477870"></trkpt><trkpt lat="60.029910" lon="22.474620"></trkpt><trkpt lat="60.025070" lon="22.462110"></trkpt><trkpt lat="60.018230" lon="22.454570"></trkpt><trkpt lat="59.998940" lon="22.428800"></trkpt><trkpt lat="60.030740" lon="22.428410"></trkpt><trkpt lat="60.013320" lon="22.433350"></trkpt><trkpt lat="60.001810" lon="22.454840"></trkpt><trkpt lat="59.990390" lon="22.453910"></trkpt><trkpt lat="60.001630" lon="22.445330"></trkpt><trkpt lat="59.993880" lon="22.439560"></trkpt><trkpt lat="59.984260" lon="22.423860"></trkpt><trkpt lat="59.977350" lon="22.413290"></trkpt><trkpt lat="59.968060" lon="22.410810"></trkpt><trkpt lat="59.959940" lon="22.399770"></trkpt><trkpt lat="59.966960" lon="22.391660"></trkpt><trkpt lat="59.957420" lon="22.401920"></trkpt><trkpt lat="59.931210" lon="22.408590"></trkpt><trkpt lat="59.921090" lon="22.403570"></trkpt><trkpt lat="59.908940" lon="22.398720"></trkpt><trkpt lat="59.922400" lon="22.395260"></trkpt><trkpt lat="59.912310" lon="22.384160"></trkpt><trkpt lat="59.905090" lon="22.373190"></trkpt><trkpt lat="59.899960" lon="22.346060"></trkpt><trkpt lat="59.903590" lon="22.330890"></trkpt><trkpt lat="59.893300" lon="22.337550"></trkpt><trkpt lat="59.880110" lon="22.336600"></trkpt><trkpt lat="59.873110" lon="22.342620"></trkpt><trkpt lat="59.864790" lon="22.338090"></trkpt><trkpt lat="59.859140" lon="22.326490"></trkpt><trkpt lat="59.875550" lon="22.322210"></trkpt><trkpt lat="59.873960" lon="22.306280"></trkpt><trkpt lat="59.882350" lon="22.306480"></trkpt><trkpt lat="59.874720" lon="22.310450"></trkpt><trkpt lat="59.857260" lon="22.329730"></trkpt><trkpt lat="59.838840" lon="22.323290"></trkpt><trkpt lat="59.831250" lon="22.315690"></trkpt><trkpt lat="59.824080" lon="22.307540"></trkpt><trkpt lat="59.833340" lon="22.281900"></trkpt><trkpt lat="59.823470" lon="22.282420"></trkpt><trkpt lat="59.812630" lon="22.288670"></trkpt><trkpt lat="59.803370" lon="22.294600"></trkpt><trkpt lat="59.799450" lon="22.306710"></trkpt><trkpt lat="59.791730" lon="22.298760"></trkpt><trkpt lat="59.798400" lon="22.305810"></trkpt><trkpt lat="59.807090" lon="22.306230"></trkpt><trkpt lat="59.797100" lon="22.294830"></trkpt><trkpt lat="59.803140" lon="22.286330"></trkpt><trkpt lat="59.814690" lon="22.282110"></trkpt><trkpt lat="59.790010" lon="22.256620"></trkpt><trkpt lat="59.783720" lon="22.266160"></trkpt><trkpt lat="59.774400" lon="22.255460"></trkpt><trkpt lat="59.757640" lon="22.260380"></trkpt><trkpt lat="59.750030" lon="22.256060"></trkpt><trkpt lat="59.742910" lon="22.248900"></trkpt><trkpt lat="59.733870" lon="22.239000"></trkpt><trkpt lat="59.730810" lon="22.221400"></trkpt><trkpt lat="59.715870" lon="22.196700"></trkpt><trkpt lat="59.696870" lon="22.187660"></trkpt><trkpt lat="59.690850" lon="22.169140"></trkpt><trkpt lat="59.679320" lon="22.171090"></trkpt><trkpt lat="59.671470" lon="22.165550"></trkpt><trkpt lat="59.655830" lon="22.168510"></trkpt><trkpt lat="59.654670" lon="22.183620"></trkpt><trkpt lat="59.658720" lon="22.202450"></trkpt><trkpt lat="59.668290" lon="22.214450"></trkpt><trkpt lat="59.678820" lon="22.212840"></trkpt><trkpt lat="59.702130" lon="22.213140"></trkpt><trkpt lat="59.709050" lon="22.223200"></trkpt><trkpt lat="59.700520" lon="22.218700"></trkpt><trkpt lat="59.679900" lon="22.248400"></trkpt><trkpt lat="59.687610" lon="22.234570"></trkpt><trkpt lat="59.676750" lon="22.234830"></trkpt><trkpt lat="59.661610" lon="22.211270"></trkpt><trkpt lat="59.655350" lon="22.201020"></trkpt><trkpt lat="59.641950" lon="22.199960"></trkpt><trkpt lat="59.626930" lon="22.175680"></trkpt><trkpt lat="59.618910" lon="22.170060"></trkpt><trkpt lat="59.616120" lon="22.156400"></trkpt><trkpt lat="59.596790" lon="22.156630"></trkpt><trkpt lat="59.589970" lon="22.148480"></trkpt><trkpt lat="59.595790" lon="22.162270"></trkpt><trkpt lat="59.575060" lon="22.155670"></trkpt><trkpt lat="59.567220" lon="22.151020"></trkpt><trkpt lat="59.557620" lon="22.137490"></trkpt><trkpt lat="59.545160" lon="22.132960"></trkpt><trkpt lat="59.537190" lon="22.136400"></trkpt><trkpt lat="59.566200" lon="22.128070"></trkpt><trkpt lat="59.562870" lon="22.115230"></trkpt><trkpt lat="59.598370" lon="22.115040"></trkpt><trkpt lat="59.586460" lon="22.109970"></trkpt><trkpt lat="59.603820" lon="22.101470"></trkpt><trkpt lat="59.612530" lon="22.107550"></trkpt><trkpt lat="59.632060" lon="22.116080"></trkpt><trkpt lat="59.619970" lon="22.110300"></trkpt><trkpt lat="59.611040" lon="22.099700"></trkpt><trkpt lat="59.600380" lon="22.093470"></trkpt><trkpt lat="59.592710" lon="22.084760"></trkpt><trkpt lat="59.584700" lon="22.075520"></trkpt><trkpt lat="59.577730" lon="22.061310"></trkpt><trkpt lat="59.566090" lon="22.053930"></trkpt><trkpt lat="59.559080" lon="22.048000"></trkpt><trkpt lat="59.550020" lon="22.040010"></trkpt><trkpt lat="59.570270" lon="22.025080"></trkpt><trkpt lat="59.565290" lon="22.011690"></trkpt><trkpt lat="59.557650" lon="22.009750"></trkpt><trkpt lat="59.546100" lon="22.012330"></trkpt><trkpt lat="59.535240" lon="22.004770"></trkpt><trkpt lat="59.551440" lon="22.004000"></trkpt><trkpt lat="59.558090" lon="22.013610"></trkpt><trkpt lat="59.572300" lon="22.020930"></trkpt><trkpt lat="59.578540" lon="22.035460"></trkpt><trkpt lat="59.573340" lon="22.017030"></trkpt><trkpt lat="59.571050" lon="21.996400"></trkpt><trkpt lat="59.570990" lon="21.978640"></trkpt><trkpt lat="59.572240" lon="21.961440"></trkpt><trkpt lat="59.562690" lon="21.966230"></trkpt><trkpt lat="59.537080" lon="21.965470"></trkpt><trkpt lat="59.531250" lon="21.949750"></trkpt><trkpt lat="59.521400" lon="21.955190"></trkpt><trkpt lat="59.500800" lon="21.954540"></trkpt><trkpt lat="59.494720" lon="21.945110"></trkpt><trkpt lat="59.487520" lon="21.938660"></trkpt><trkpt lat="59.479830" lon="21.928860"></trkpt><trkpt lat="59.473620" lon="21.920440"></trkpt><trkpt lat="59.465950" lon="21.913900"></trkpt><trkpt lat="59.458670" lon="21.900390"></trkpt><trkpt lat="59.465210" lon="21.891570"></trkpt><trkpt lat="59.473320" lon="21.886800"></trkpt><trkpt lat="59.479800" lon="21.897470"></trkpt><trkpt lat="59.489460" lon="21.911710"></trkpt><trkpt lat="59.483060" lon="21.905010"></trkpt><trkpt lat="59.464820" lon="21.896910"></trkpt><trkpt lat="59.461440" lon="21.881290"></trkpt><trkpt lat="59.453320" lon="21.871270"></trkpt><trkpt lat="59.442680" lon="21.871660"></trkpt><trkpt lat="59.431520" lon="21.864650"></trkpt><trkpt lat="59.421490" lon="21.863970"></trkpt><trkpt lat="59.414750" lon="21.845400"></trkpt><trkpt lat="59.415090" lon="21.831100"></trkpt><trkpt lat="59.404780" lon="21.828110"></trkpt><trkpt lat="59.396190" lon="21.821960"></trkpt><trkpt lat="59.388910" lon="21.823230"></trkpt><trkpt lat="59.359350" lon="21.822660"></trkpt><trkpt lat="59.349870" lon="21.813510"></trkpt><trkpt lat="59.342050" lon="21.809060"></trkpt><trkpt lat="59.333310" lon="21.812760"></trkpt><trkpt lat="59.343960" lon="21.808320"></trkpt><trkpt lat="59.334370" lon="21.801790"></trkpt><trkpt lat="59.324110" lon="21.788570"></trkpt><trkpt lat="59.321320" lon="21.773800"></trkpt><trkpt lat="59.329740" lon="21.799740"></trkpt><trkpt lat="59.325930" lon="21.821220"></trkpt><trkpt lat="59.315950" lon="21.820140"></trkpt><trkpt lat="59.321710" lon="21.797020"></trkpt><trkpt lat="59.346750" lon="21.781590"></trkpt><trkpt lat="59.353180" lon="21.789270"></trkpt><trkpt lat="59.345610" lon="21.785020"></trkpt><trkpt lat="59.366930" lon="21.796120"></trkpt><trkpt lat="59.382530" lon="21.783220"></trkpt><trkpt lat="59.374250" lon="21.766670"></trkpt><trkpt lat="59.400510" lon="21.766390"></trkpt><trkpt lat="59.407600" lon="21.775240"></trkpt><trkpt lat="59.416930" lon="21.782780"></trkpt><trkpt lat="59.411030" lon="21.799870"></trkpt><trkpt lat="59.411600" lon="21.827040"></trkpt><trkpt lat="59.424080" lon="21.830230"></trkpt><trkpt lat="59.402700" lon="21.847230"></trkpt><trkpt lat="59.395130" lon="21.848850"></trkpt><trkpt lat="59.394160" lon="21.863250"></trkpt><trkpt lat="59.383630" lon="21.846800"></trkpt><trkpt lat="59.374190" lon="21.851620"></trkpt><trkpt lat="59.364050" lon="21.829060"></trkpt><trkpt lat="59.391050" lon="21.828680"></trkpt><trkpt lat="59.364830" lon="21.781220"></trkpt><trkpt lat="59.354350" lon="21.773270"></trkpt><trkpt lat="59.342700" lon="21.767260"></trkpt><trkpt lat="59.337940" lon="21.753650"></trkpt><trkpt lat="59.305860" lon="21.753370"></trkpt><trkpt lat="59.298750" lon="21.740440"></trkpt><trkpt lat="59.283630" lon="21.740060"></trkpt><trkpt lat="59.282970" lon="21.719560"></trkpt><trkpt lat="59.276430" lon="21.702490"></trkpt><trkpt lat="59.270020" lon="21.694470"></trkpt><trkpt lat="59.247170" lon="21.685610"></trkpt><trkpt lat="59.237540" lon="21.673910"></trkpt><trkpt lat="59.232360" lon="21.650920"></trkpt><trkpt lat="59.221390" lon="21.646370"></trkpt><trkpt lat="59.215970" lon="21.636700"></trkpt><trkpt lat="59.213620" lon="21.620110"></trkpt><trkpt lat="59.203510" lon="21.620520"></trkpt><trkpt lat="59.189580" lon="21.619880"></trkpt><trkpt lat="59.179620" lon="21.613410"></trkpt><trkpt lat="59.168970" lon="21.605340"></trkpt><trkpt lat="59.160860" lon="21.595890"></trkpt><trkpt lat="59.158380" lon="21.580160"></trkpt><trkpt lat="59.165130" lon="21.572180"></trkpt><trkpt lat="59.159040" lon="21.589260"></trkpt><trkpt lat="59.170050" lon="21.595190"></trkpt><trkpt lat="59.177800" lon="21.595300"></trkpt><trkpt lat="59.170180" lon="21.601020"></trkpt><trkpt lat="59.158990" lon="21.602390"></trkpt><trkpt lat="59.149210" lon="21.601820"></trkpt><trkpt lat="59.142200" lon="21.593400"></trkpt><trkpt lat="59.149780" lon="21.593060"></trkpt><trkpt lat="59.147330" lon="21.610240"></trkpt><trkpt lat="59.157370" lon="21.608650"></trkpt><trkpt lat="59.164410" lon="21.620840"></trkpt><trkpt lat="59.171950" lon="21.627730"></trkpt><trkpt lat="59.148090" lon="21.633040"></trkpt><trkpt lat="59.140100" lon="21.625100"></trkpt><trkpt lat="59.129570" lon="21.614370"></trkpt><trkpt lat="59.137010" lon="21.614020"></trkpt><trkpt lat="59.122340" lon="21.628010"></trkpt><trkpt lat="59.123620" lon="21.608680"></trkpt><trkpt lat="59.117580" lon="21.598640"></trkpt><trkpt lat="59.110060" lon="21.593240"></trkpt><trkpt lat="59.102460" lon="21.583410"></trkpt><trkpt lat="59.096870" lon="21.541250"></trkpt><trkpt lat="59.040720" lon="21.541320"></trkpt><trkpt lat="59.048870" lon="21.527780"></trkpt><trkpt lat="59.047630" lon="21.503210"></trkpt><trkpt lat="59.037170" lon="21.500230"></trkpt><trkpt lat="59.026380" lon="21.484880"></trkpt><trkpt lat="59.016450" lon="21.491300"></trkpt><trkpt lat="58.977890" lon="21.485070"></trkpt><trkpt lat="58.964200" lon="21.472460"></trkpt><trkpt lat="58.954870" lon="21.467730"></trkpt><trkpt lat="58.939250" lon="21.448920"></trkpt><trkpt lat="58.941860" lon="21.422340"></trkpt><trkpt lat="58.938700" lon="21.404620"></trkpt><trkpt lat="58.921190" lon="21.402520"></trkpt><trkpt lat="58.916660" lon="21.390190"></trkpt><trkpt lat="58.912590" lon="21.371370"></trkpt><trkpt lat="58.902710" lon="21.365150"></trkpt><trkpt lat="58.890450" lon="21.374500"></trkpt><trkpt lat="58.884470" lon="21.365710"></trkpt><trkpt lat="58.875160" lon="21.360120"></trkpt><trkpt lat="58.872520" lon="21.373320"></trkpt><trkpt lat="58.881440" lon="21.383010"></trkpt><trkpt lat="58.892120" lon="21.391490"></trkpt><trkpt lat="58.901490" lon="21.407160"></trkpt><trkpt lat="58.904760" lon="21.420670"></trkpt><trkpt lat="58.925770" lon="21.391870"></trkpt><trkpt lat="58.916310" lon="21.394810"></trkpt><trkpt lat="58.903910" lon="21.393240"></trkpt><trkpt lat="58.898010" lon="21.401640"></trkpt><trkpt lat="58.900700" lon="21.385960"></trkpt><trkpt lat="58.910310" lon="21.381140"></trkpt><trkpt lat="58.894470" lon="21.383050"></trkpt><trkpt lat="58.901970" lon="21.388920"></trkpt><trkpt lat="58.912120" lon="21.392250"></trkpt><trkpt lat="58.922830" lon="21.409100"></trkpt><trkpt lat="58.919640" lon="21.422850"></trkpt><trkpt lat="58.926950" lon="21.421430"></trkpt><trkpt lat="58.934860" lon="21.424300"></trkpt><trkpt lat="58.946300" lon="21.420140"></trkpt><trkpt lat="58.958690" lon="21.413870"></trkpt><trkpt lat="58.971280" lon="21.421530"></trkpt><trkpt lat="58.984750" lon="21.427950"></trkpt><trkpt lat="58.965330" lon="21.432480"></trkpt><trkpt lat="58.934470" lon="21.432040"></trkpt><trkpt lat="58.922640" lon="21.427850"></trkpt><trkpt lat="58.892520" lon="21.427510"></trkpt><trkpt lat="58.884880" lon="21.423770"></trkpt><trkpt lat="58.876370" lon="21.413080"></trkpt><trkpt lat="58.859500" lon="21.413560"></trkpt><trkpt lat="58.853940" lon="21.400090"></trkpt><trkpt lat="58.849750" lon="21.385490"></trkpt><trkpt lat="58.836680" lon="21.387390"></trkpt><trkpt lat="58.828640" lon="21.384840"></trkpt><trkpt lat="58.834000" lon="21.399700"></trkpt><trkpt lat="58.841770" lon="21.401560"></trkpt><trkpt lat="58.846480" lon="21.412170"></trkpt><trkpt lat="58.822030" lon="21.410370"></trkpt><trkpt lat="58.810920" lon="21.409170"></trkpt><trkpt lat="58.803960" lon="21.395330"></trkpt><trkpt lat="58.816220" lon="21.394630"></trkpt><trkpt lat="58.806690" lon="21.390820"></trkpt><trkpt lat="58.800490" lon="21.383250"></trkpt><trkpt lat="58.791890" lon="21.374490"></trkpt><trkpt lat="58.783060" lon="21.367580"></trkpt><trkpt lat="58.771710" lon="21.361760"></trkpt><trkpt lat="58.765180" lon="21.355520"></trkpt><trkpt lat="58.757750" lon="21.349090"></trkpt><trkpt lat="58.748270" lon="21.342280"></trkpt><trkpt lat="58.738850" lon="21.334690"></trkpt><trkpt lat="58.731400" lon="21.328370"></trkpt><trkpt lat="58.701230" lon="21.334150"></trkpt><trkpt lat="58.693710" lon="21.308070"></trkpt><trkpt lat="58.682230" lon="21.304580"></trkpt><trkpt lat="58.673520" lon="21.292000"></trkpt><trkpt lat="58.681940" lon="21.291130"></trkpt><trkpt lat="58.673040" lon="21.303140"></trkpt><trkpt lat="58.666440" lon="21.290500"></trkpt><trkpt lat="58.659020" lon="21.278930"></trkpt><trkpt lat="58.646690" lon="21.275860"></trkpt><trkpt lat="58.638960" lon="21.264660"></trkpt><trkpt lat="58.630270" lon="21.255400"></trkpt><trkpt lat="58.625700" lon="21.243890"></trkpt><trkpt lat="58.637370" lon="21.242780"></trkpt><trkpt lat="58.625710" lon="21.236140"></trkpt><trkpt lat="58.623660" lon="21.210550"></trkpt><trkpt lat="58.607950" lon="21.210660"></trkpt><trkpt lat="58.601100" lon="21.196160"></trkpt><trkpt lat="58.609630" lon="21.195980"></trkpt><trkpt lat="58.625970" lon="21.200510"></trkpt><trkpt lat="58.640860" lon="21.204440"></trkpt><trkpt lat="58.631560" lon="21.201740"></trkpt><trkpt lat="58.617820" lon="21.182760"></trkpt><trkpt lat="58.609850" lon="21.167440"></trkpt><trkpt lat="58.590000" lon="21.158120"></trkpt><trkpt lat="58.577670" lon="21.145040"></trkpt><trkpt lat="58.566440" lon="21.136470"></trkpt><trkpt lat="58.558520" lon="21.128310"></trkpt><trkpt lat="58.549930" lon="21.114510"></trkpt><trkpt lat="58.545130" lon="21.101590"></trkpt><trkpt lat="58.547520" lon="21.086700"></trkpt><trkpt lat="58.555540" lon="21.087530"></trkpt><trkpt lat="58.522260" lon="21.078560"></trkpt><trkpt lat="58.520510" lon="21.064300"></trkpt><trkpt lat="58.506580" lon="21.067840"></trkpt><trkpt lat="58.495450" lon="21.059110"></trkpt><trkpt lat="58.491240" lon="21.047330"></trkpt><trkpt lat="58.481610" lon="21.051330"></trkpt><trkpt lat="58.473780" lon="21.053550"></trkpt><trkpt lat="58.486080" lon="21.057360"></trkpt><trkpt lat="58.499250" lon="21.059790"></trkpt><trkpt lat="58.510510" lon="21.060700"></trkpt><trkpt lat="58.508690" lon="21.037290"></trkpt><trkpt lat="58.481660" lon="21.031790"></trkpt><trkpt lat="58.485800" lon="20.998990"></trkpt><trkpt lat="58.473970" lon="21.010920"></trkpt><trkpt lat="58.466300" lon="21.017130"></trkpt><trkpt lat="58.469510" lon="20.992210"></trkpt><trkpt lat="58.487400" lon="20.997120"></trkpt><trkpt lat="58.447610" lon="21.015230"></trkpt><trkpt lat="58.453050" lon="21.003970"></trkpt><trkpt lat="58.443690" lon="21.002810"></trkpt><trkpt lat="58.433060" lon="20.997060"></trkpt><trkpt lat="58.425240" lon="20.989650"></trkpt><trkpt lat="58.415930" lon="20.962840"></trkpt><trkpt lat="58.404140" lon="20.961670"></trkpt><trkpt lat="58.398350" lon="20.934280"></trkpt><trkpt lat="58.409350" lon="20.933350"></trkpt><trkpt lat="58.397520" lon="20.944010"></trkpt><trkpt lat="58.406560" lon="20.931930"></trkpt><trkpt lat="58.398310" lon="20.939960"></trkpt><trkpt lat="58.391680" lon="20.927080"></trkpt><trkpt lat="58.382890" lon="20.910280"></trkpt><trkpt lat="58.370350" lon="20.902180"></trkpt><trkpt lat="58.367010" lon="20.870050"></trkpt><trkpt lat="58.354790" lon="20.870230"></trkpt><trkpt lat="58.348280" lon="20.861460"></trkpt><trkpt lat="58.342530" lon="20.852810"></trkpt><trkpt lat="58.323580" lon="20.832810"></trkpt><trkpt lat="58.318100" lon="20.818770"></trkpt><trkpt lat="58.306880" lon="20.810400"></trkpt><trkpt lat="58.298480" lon="20.802940"></trkpt><trkpt lat="58.287970" lon="20.798920"></trkpt><trkpt lat="58.279370" lon="20.788040"></trkpt><trkpt lat="58.273300" lon="20.776650"></trkpt><trkpt lat="58.260750" lon="20.761760"></trkpt><trkpt lat="58.251330" lon="20.757720"></trkpt><trkpt lat="58.244450" lon="20.749520"></trkpt><trkpt lat="58.239000" lon="20.738350"></trkpt><trkpt lat="58.245650" lon="20.725740"></trkpt><trkpt lat="58.238520" lon="20.714070"></trkpt><trkpt lat="58.228750" lon="20.703480"></trkpt><trkpt lat="58.218870" lon="20.698600"></trkpt><trkpt lat="58.212350" lon="20.683520"></trkpt><trkpt lat="58.198570" lon="20.677580"></trkpt><trkpt lat="58.190080" lon="20.671370"></trkpt><trkpt lat="58.182320" lon="20.665430"></trkpt><trkpt lat="58.174730" lon="20.665860"></trkpt><trkpt lat="58.173690" lon="20.649310"></trkpt><trkpt lat="58.165690" lon="20.644570"></trkpt><trkpt lat="58.155030" lon="20.633710"></trkpt><trkpt lat="58.144670" lon="20.624290"></trkpt><trkpt lat="58.135600" lon="20.623570"></trkpt><trkpt lat="58.127940" lon="20.617360"></trkpt><trkpt lat="58.135290" lon="20.616980"></trkpt><trkpt lat="58.129760" lon="20.607310"></trkpt><trkpt lat="58.123040" lon="20.596460"></trkpt><trkpt lat="58.113850" lon="20.589920"></trkpt><trkpt lat="58.105730" lon="20.580280"></trkpt><trkpt lat="58.100660" lon="20.569500"></trkpt><trkpt lat="58.090160" lon="20.570600"></trkpt><trkpt lat="58.100240" lon="20.577610"></trkpt><trkpt lat="58.091530" lon="20.569490"></trkpt><trkpt lat="58.084300" lon="20.561330"></trkpt><trkpt lat="58.068850" lon="20.563000"></trkpt><trkpt lat="58.056760" lon="20.551030"></trkpt><trkpt lat="58.046370" lon="20.554810"></trkpt><trkpt lat="58.037540" lon="20.546700"></trkpt><trkpt lat="58.034550" lon="20.563200"></trkpt><trkpt lat="58.015760" lon="20.580580"></trkpt><trkpt lat="58.007920" lon="20.574010"></trkpt><trkpt lat="57.990050" lon="20.565900"></trkpt><trkpt lat="57.976590" lon="20.574580"></trkpt><trkpt lat="57.967960" lon="20.565800"></trkpt><trkpt lat="57.958600" lon="20.547520"></trkpt><trkpt lat="57.943390" lon="20.547240"></trkpt><trkpt lat="57.933130" lon="20.533110"></trkpt><trkpt lat="57.913750" lon="20.531740"></trkpt><trkpt lat="57.906410" lon="20.520350"></trkpt><trkpt lat="57.893280" lon="20.512430"></trkpt><trkpt lat="57.902100" lon="20.511350"></trkpt><trkpt lat="57.895250" lon="20.500710"></trkpt><trkpt lat="57.887670" lon="20.499850"></trkpt><trkpt lat="57.881430" lon="20.490350"></trkpt><trkpt lat="57.877330" lon="20.472510"></trkpt><trkpt lat="57.867300" lon="20.464880"></trkpt><trkpt lat="57.859190" lon="20.452010"></trkpt><trkpt lat="57.850230" lon="20.434890"></trkpt><trkpt lat="57.839970" lon="20.428580"></trkpt><trkpt lat="57.828950" lon="20.419890"></trkpt><trkpt lat="57.816900" lon="20.419200"></trkpt><trkpt lat="57.796280" lon="20.408940"></trkpt><trkpt lat="57.805230" lon="20.418200"></trkpt><trkpt lat="57.813360" lon="20.424150"></trkpt><trkpt lat="57.821010" lon="20.428360"></trkpt><trkpt lat="57.813830" lon="20.421660"></trkpt><trkpt lat="57.803830" lon="20.415590"></trkpt><trkpt lat="57.796820" lon="20.409920"></trkpt><trkpt lat="57.799680" lon="20.434990"></trkpt><trkpt lat="57.805050" lon="20.444040"></trkpt><trkpt lat="57.813620" lon="20.438100"></trkpt><trkpt lat="57.800590" lon="20.441560"></trkpt><trkpt lat="57.807570" lon="20.429760"></trkpt><trkpt lat="57.797060" lon="20.422530"></trkpt><trkpt lat="57.789800" lon="20.416510"></trkpt><trkpt lat="57.775600" lon="20.408600"></trkpt><trkpt lat="57.783760" lon="20.411090"></trkpt><trkpt lat="57.792410" lon="20.413370"></trkpt><trkpt lat="57.800260" lon="20.427710"></trkpt><trkpt lat="57.808440" lon="20.426670"></trkpt><trkpt lat="57.800770" lon="20.415290"></trkpt><trkpt lat="57.807250" lon="20.421220"></trkpt><trkpt lat="57.801040" lon="20.412510"></trkpt><trkpt lat="57.793170" lon="20.408510"></trkpt><trkpt lat="57.783860" lon="20.405380"></trkpt><trkpt lat="57.776720" lon="20.401190"></trkpt><trkpt lat="57.768550" lon="20.394970"></trkpt><trkpt lat="57.771600" lon="20.377310"></trkpt><trkpt lat="57.762210" lon="20.380540"></trkpt><trkpt lat="57.764540" lon="20.365450"></trkpt><trkpt lat="57.775060" lon="20.367930"></trkpt><trkpt lat="57.782550" lon="20.371880"></trkpt><trkpt lat="57.773890" lon="20.363890"></trkpt><trkpt lat="57.766130" lon="20.349550"></trkpt><trkpt lat="57.758990" lon="20.340060"></trkpt><trkpt lat="57.752080" lon="20.332780"></trkpt><trkpt lat="57.744260" lon="20.325230"></trkpt><trkpt lat="57.730960" lon="20.308630"></trkpt><trkpt lat="57.722200" lon="20.295320"></trkpt><trkpt lat="57.714220" lon="20.285980"></trkpt><trkpt lat="57.712440" lon="20.272760"></trkpt><trkpt lat="57.701340" lon="20.270880"></trkpt><trkpt lat="57.691090" lon="20.267010"></trkpt><trkpt lat="57.685300" lon="20.257940"></trkpt><trkpt lat="57.677820" lon="20.254780"></trkpt><trkpt lat="57.669150" lon="20.247450"></trkpt><trkpt lat="57.660880" lon="20.239880"></trkpt><trkpt lat="57.653610" lon="20.232040"></trkpt><trkpt lat="57.641940" lon="20.226980"></trkpt><trkpt lat="57.634610" lon="20.219340"></trkpt><trkpt lat="57.624780" lon="20.210370"></trkpt><trkpt lat="57.618140" lon="20.200250"></trkpt><trkpt lat="57.626530" lon="20.205510"></trkpt><trkpt lat="57.621010" lon="20.190140"></trkpt><trkpt lat="57.611550" lon="20.185990"></trkpt><trkpt lat="57.602390" lon="20.177810"></trkpt><trkpt lat="57.593010" lon="20.170140"></trkpt><trkpt lat="57.585770" lon="20.166110"></trkpt><trkpt lat="57.568600" lon="20.167600"></trkpt><trkpt lat="57.559490" lon="20.180890"></trkpt><trkpt lat="57.549550" lon="20.208140"></trkpt><trkpt lat="57.569610" lon="20.198980"></trkpt><trkpt lat="57.558880" lon="20.194250"></trkpt><trkpt lat="57.553530" lon="20.182460"></trkpt><trkpt lat="57.543210" lon="20.176900"></trkpt><trkpt lat="57.535210" lon="20.168500"></trkpt><trkpt lat="57.527640" lon="20.160570"></trkpt><trkpt lat="57.522150" lon="20.143110"></trkpt><trkpt lat="57.514060" lon="20.136700"></trkpt><trkpt lat="57.525490" lon="20.128180"></trkpt><trkpt lat="57.517980" lon="20.144770"></trkpt><trkpt lat="57.510450" lon="20.145340"></trkpt><trkpt lat="57.486690" lon="20.145610"></trkpt><trkpt lat="57.481090" lon="20.135310"></trkpt><trkpt lat="57.474160" lon="20.128250"></trkpt><trkpt lat="57.460730" lon="20.111120"></trkpt><trkpt lat="57.469520" lon="20.108680"></trkpt><trkpt lat="57.475950" lon="20.120830"></trkpt><trkpt lat="57.491370" lon="20.121930"></trkpt><trkpt lat="57.492540" lon="20.136460"></trkpt><trkpt lat="57.506450" lon="20.139440"></trkpt><trkpt lat="57.513710" lon="20.148370"></trkpt><trkpt lat="57.518360" lon="20.164480"></trkpt><trkpt lat="57.526150" lon="20.167590"></trkpt><trkpt lat="57.518430" lon="20.170930"></trkpt><trkpt lat="57.509250" lon="20.165430"></trkpt><trkpt lat="57.501560" lon="20.147890"></trkpt><trkpt lat="57.490410" lon="20.137140"></trkpt><trkpt lat="57.489390" lon="20.152870"></trkpt><trkpt lat="57.484720" lon="20.137120"></trkpt><trkpt lat="57.487190" lon="20.151830"></trkpt><trkpt lat="57.487890" lon="20.133670"></trkpt><trkpt lat="57.480190" lon="20.133720"></trkpt><trkpt lat="57.488050" lon="20.121100"></trkpt><trkpt lat="57.480490" lon="20.108510"></trkpt><trkpt lat="57.474010" lon="20.100930"></trkpt><trkpt lat="57.470090" lon="20.086540"></trkpt><trkpt lat="57.461870" lon="20.095040"></trkpt><trkpt lat="57.455140" lon="20.083440"></trkpt><trkpt lat="57.445760" lon="20.067310"></trkpt><trkpt lat="57.449960" lon="20.052160"></trkpt><trkpt lat="57.439720" lon="20.054720"></trkpt><trkpt lat="57.431680" lon="20.047280"></trkpt><trkpt lat="57.426720" lon="20.036370"></trkpt><trkpt lat="57.435210" lon="20.035030"></trkpt><trkpt lat="57.424450" lon="20.028220"></trkpt><trkpt lat="57.405970" lon="20.021460"></trkpt><trkpt lat="57.412950" lon="20.014720"></trkpt><trkpt lat="57.405200" lon="20.007630"></trkpt><trkpt lat="57.397800" lon="20.003270"></trkpt><trkpt lat="57.389440" lon="20.000670"></trkpt><trkpt lat="57.382970" lon="19.987980"></trkpt><trkpt lat="57.369580" lon="19.987930"></trkpt><trkpt lat="57.362170" lon="19.978260"></trkpt><trkpt lat="57.353830" lon="19.968880"></trkpt><trkpt lat="57.344960" lon="19.959640"></trkpt><trkpt lat="57.337870" lon="19.956250"></trkpt><trkpt lat="57.346340" lon="19.956080"></trkpt><trkpt lat="57.339970" lon="19.945360"></trkpt><trkpt lat="57.330920" lon="19.942210"></trkpt><trkpt lat="57.324620" lon="19.928250"></trkpt><trkpt lat="57.297370" lon="19.927910"></trkpt><trkpt lat="57.290990" lon="19.914870"></trkpt><trkpt lat="57.281080" lon="19.898480"></trkpt><trkpt lat="57.273860" lon="19.896460"></trkpt><trkpt lat="57.266360" lon="19.889750"></trkpt><trkpt lat="57.257970" lon="19.882520"></trkpt><trkpt lat="57.244460" lon="19.878680"></trkpt><trkpt lat="57.237230" lon="19.876300"></trkpt><trkpt lat="57.227500" lon="19.874230"></trkpt><trkpt lat="57.217100" lon="19.863590"></trkpt><trkpt lat="57.208240" lon="19.856520"></trkpt><trkpt lat="57.202610" lon="19.847990"></trkpt><trkpt lat="57.194080" lon="19.837390"></trkpt><trkpt lat="57.184350" lon="19.828330"></trkpt><trkpt lat="57.168560" lon="19.828400"></trkpt><trkpt lat="57.174240" lon="19.810600"></trkpt><trkpt lat="57.184520" lon="19.811260"></trkpt><trkpt lat="57.174670" lon="19.802650"></trkpt><trkpt lat="57.183000" lon="19.811570"></trkpt><trkpt lat="57.175900" lon="19.804160"></trkpt><trkpt lat="57.188310" lon="19.802540"></trkpt><trkpt lat="57.180050" lon="19.793840"></trkpt><trkpt lat="57.174490" lon="19.784180"></trkpt><trkpt lat="57.168370" lon="19.773580"></trkpt><trkpt lat="57.178500" lon="19.779150"></trkpt><trkpt lat="57.169770" lon="19.775150"></trkpt><trkpt lat="57.160000" lon="19.760530"></trkpt><trkpt lat="57.148950" lon="19.754410"></trkpt><trkpt lat="57.141310" lon="19.746610"></trkpt><trkpt lat="57.134040" lon="19.737200"></trkpt><trkpt lat="57.118680" lon="19.733240"></trkpt><trkpt lat="57.114430" lon="19.720810"></trkpt><trkpt lat="57.111170" lon="19.702950"></trkpt><trkpt lat="57.101770" lon="19.697860"></trkpt><trkpt lat="57.098810" lon="19.684450"></trkpt><trkpt lat="57.091840" lon="19.679200"></trkpt><trkpt lat="57.082040" lon="19.670130"></trkpt><trkpt lat="57.090880" lon="19.674600"></trkpt><trkpt lat="57.092550" lon="19.687730"></trkpt><trkpt lat="57.107500" lon="19.689670"></trkpt><trkpt lat="57.099200" lon="19.677170"></trkpt><trkpt lat="57.089990" lon="19.669380"></trkpt><trkpt lat="57.083250" lon="19.648510"></trkpt><trkpt lat="57.070190" lon="19.644180"></trkpt><trkpt lat="57.062300" lon="19.636420"></trkpt><trkpt lat="57.058450" lon="19.621130"></trkpt><trkpt lat="57.049750" lon="19.620460"></trkpt><trkpt lat="57.041570" lon="19.613950"></trkpt><trkpt lat="57.036660" lon="19.603920"></trkpt><trkpt lat="57.025520" lon="19.603670"></trkpt><trkpt lat="57.017610" lon="19.591460"></trkpt><trkpt lat="57.008220" lon="19.583920"></trkpt><trkpt lat="56.996190" lon="19.574440"></trkpt><trkpt lat="56.987960" lon="19.562710"></trkpt><trkpt lat="56.976770" lon="19.553270"></trkpt><trkpt lat="56.966980" lon="19.542250"></trkpt><trkpt lat="56.956490" lon="19.533160"></trkpt><trkpt lat="56.947600" lon="19.524870"></trkpt><trkpt lat="56.939270" lon="19.519080"></trkpt><trkpt lat="56.931360" lon="19.510650"></trkpt><trkpt lat="56.924090" lon="19.502560"></trkpt><trkpt lat="56.916190" lon="19.491030"></trkpt><trkpt lat="56.906220" lon="19.489310"></trkpt><trkpt lat="56.897540" lon="19.488560"></trkpt><trkpt lat="56.891500" lon="19.477640"></trkpt><trkpt lat="56.884320" lon="19.466000"></trkpt><trkpt lat="56.876320" lon="19.458870"></trkpt><trkpt lat="56.869010" lon="19.465870"></trkpt><trkpt lat="56.861540" lon="19.461570"></trkpt><trkpt lat="56.841150" lon="19.463290"></trkpt><trkpt lat="56.848640" lon="19.454660"></trkpt><trkpt lat="56.846670" lon="19.437890"></trkpt><trkpt lat="56.854850" lon="19.436570"></trkpt><trkpt lat="56.873520" lon="19.449990"></trkpt><trkpt lat="56.878870" lon="19.463500"></trkpt><trkpt lat="56.886670" lon="19.470360"></trkpt><trkpt lat="56.896270" lon="19.475280"></trkpt><trkpt lat="56.906240" lon="19.478400"></trkpt><trkpt lat="56.907430" lon="19.504600"></trkpt><trkpt lat="56.903770" lon="19.491290"></trkpt><trkpt lat="56.891810" lon="19.446310"></trkpt><trkpt lat="56.883350" lon="19.445100"></trkpt><trkpt lat="56.877080" lon="19.437400"></trkpt><trkpt lat="56.870330" lon="19.415310"></trkpt><trkpt lat="56.866620" lon="19.436120"></trkpt><trkpt lat="56.874090" lon="19.436250"></trkpt><trkpt lat="56.872350" lon="19.455760"></trkpt><trkpt lat="56.892890" lon="19.453800"></trkpt><trkpt lat="56.898770" lon="19.470130"></trkpt><trkpt lat="56.906830" lon="19.472060"></trkpt><trkpt lat="56.913700" lon="19.482760"></trkpt><trkpt lat="56.923700" lon="19.491520"></trkpt><trkpt lat="56.930980" lon="19.500620"></trkpt><trkpt lat="56.939650" lon="19.507280"></trkpt><trkpt lat="56.930090" lon="19.498570"></trkpt><trkpt lat="56.923040" lon="19.495880"></trkpt><trkpt lat="56.912430" lon="19.477970"></trkpt><trkpt lat="56.884610" lon="19.460260"></trkpt><trkpt lat="56.857680" lon="19.365730"></trkpt><trkpt lat="56.847030" lon="19.349340"></trkpt><trkpt lat="56.778650" lon="19.349060"></trkpt><trkpt lat="56.770370" lon="19.342910"></trkpt><trkpt lat="56.765990" lon="19.330200"></trkpt><trkpt lat="56.759430" lon="19.318360"></trkpt><trkpt lat="56.767600" lon="19.327610"></trkpt><trkpt lat="56.773220" lon="19.346320"></trkpt><trkpt lat="56.782100" lon="19.350730"></trkpt><trkpt lat="56.771960" lon="19.350200"></trkpt><trkpt lat="56.761090" lon="19.341180"></trkpt><trkpt lat="56.752640" lon="19.331340"></trkpt><trkpt lat="56.745430" lon="19.324710"></trkpt><trkpt lat="56.735360" lon="19.316150"></trkpt><trkpt lat="56.727280" lon="19.309990"></trkpt><trkpt lat="56.720430" lon="19.299150"></trkpt><trkpt lat="56.713370" lon="19.293260"></trkpt><trkpt lat="56.705950" lon="19.290170"></trkpt><trkpt lat="56.697890" lon="19.275400"></trkpt><trkpt lat="56.684030" lon="19.265770"></trkpt><trkpt lat="56.679210" lon="19.249320"></trkpt><trkpt lat="56.672240" lon="19.215010"></trkpt><trkpt lat="56.663570" lon="19.213160"></trkpt><trkpt lat="56.655980" lon="19.203620"></trkpt><trkpt lat="56.642160" lon="19.195680"></trkpt><trkpt lat="56.639330" lon="19.173750"></trkpt><trkpt lat="56.631930" lon="19.165950"></trkpt><trkpt lat="56.623440" lon="19.163160"></trkpt><trkpt lat="56.616280" lon="19.148650"></trkpt><trkpt lat="56.609710" lon="19.133880"></trkpt><trkpt lat="56.601490" lon="19.129660"></trkpt><trkpt lat="56.609900" lon="19.134630"></trkpt><trkpt lat="56.611750" lon="19.156880"></trkpt><trkpt lat="56.620700" lon="19.154270"></trkpt><trkpt lat="56.610810" lon="19.129110"></trkpt><trkpt lat="56.595420" lon="19.127590"></trkpt><trkpt lat="56.588620" lon="19.115890"></trkpt><trkpt lat="56.583680" lon="19.103410"></trkpt><trkpt lat="56.575970" lon="19.104700"></trkpt><trkpt lat="56.569520" lon="19.098750"></trkpt><trkpt lat="56.560030" lon="19.090280"></trkpt><trkpt lat="56.551070" lon="19.092310"></trkpt><trkpt lat="56.560170" lon="19.089640"></trkpt><trkpt lat="56.566220" lon="19.103230"></trkpt><trkpt lat="56.573140" lon="19.116360"></trkpt><trkpt lat="56.581950" lon="19.122620"></trkpt><trkpt lat="56.589640" lon="19.127750"></trkpt><trkpt lat="56.601440" lon="19.128970"></trkpt><trkpt lat="56.608720" lon="19.138680"></trkpt><trkpt lat="56.604550" lon="19.152250"></trkpt><trkpt lat="56.614890" lon="19.147080"></trkpt><trkpt lat="56.609490" lon="19.135680"></trkpt><trkpt lat="56.601520" lon="19.127400"></trkpt><trkpt lat="56.593100" lon="19.116210"></trkpt><trkpt lat="56.584610" lon="19.099300"></trkpt><trkpt lat="56.574400" lon="19.083080"></trkpt><trkpt lat="56.565030" lon="19.076770"></trkpt><trkpt lat="56.555570" lon="19.067690"></trkpt><trkpt lat="56.548840" lon="19.059500"></trkpt><trkpt lat="56.546040" lon="19.047190"></trkpt><trkpt lat="56.551760" lon="19.036390"></trkpt><trkpt lat="56.539760" lon="19.038710"></trkpt><trkpt lat="56.544240" lon="19.026470"></trkpt><trkpt lat="56.561640" lon="19.027010"></trkpt><trkpt lat="56.552010" lon="19.024650"></trkpt><trkpt lat="56.545530" lon="19.030420"></trkpt><trkpt lat="56.552000" lon="19.016410"></trkpt><trkpt lat="56.545550" lon="19.004060"></trkpt><trkpt lat="56.546620" lon="19.018190"></trkpt><trkpt lat="56.555330" lon="19.019590"></trkpt><trkpt lat="56.549660" lon="19.005850"></trkpt><trkpt lat="56.539280" lon="19.000310"></trkpt><trkpt lat="56.529960" lon="18.993850"></trkpt><trkpt lat="56.518340" lon="18.993840"></trkpt><trkpt lat="56.510150" lon="18.986440"></trkpt><trkpt lat="56.502010" lon="18.970390"></trkpt><trkpt lat="56.484620" lon="18.970240"></trkpt><trkpt lat="56.460500" lon="18.961310"></trkpt><trkpt lat="56.450520" lon="18.953590"></trkpt><trkpt lat="56.441550" lon="18.948160"></trkpt><trkpt lat="56.433500" lon="18.936600"></trkpt><trkpt lat="56.422820" lon="18.929260"></trkpt><trkpt lat="56.409790" lon="18.915410"></trkpt><trkpt lat="56.401510" lon="18.910610"></trkpt><trkpt lat="56.393900" lon="18.903620"></trkpt><trkpt lat="56.382470" lon="18.892800"></trkpt><trkpt lat="56.373680" lon="18.884270"></trkpt><trkpt lat="56.365000" lon="18.875330"></trkpt><trkpt lat="56.356650" lon="18.862370"></trkpt><trkpt lat="56.347980" lon="18.865560"></trkpt><trkpt lat="56.341170" lon="18.824530"></trkpt><trkpt lat="56.332000" lon="18.816910"></trkpt><trkpt lat="56.324740" lon="18.815440"></trkpt><trkpt lat="56.314290" lon="18.825440"></trkpt><trkpt lat="56.304860" lon="18.822400"></trkpt><trkpt lat="56.295820" lon="18.806700"></trkpt><trkpt lat="56.288600" lon="18.800830"></trkpt><trkpt lat="56.280750" lon="18.801070"></trkpt><trkpt lat="56.280880" lon="18.785590"></trkpt><trkpt lat="56.279230" lon="18.766830"></trkpt><trkpt lat="56.302650" lon="18.767030"></trkpt><trkpt lat="56.313140" lon="18.763170"></trkpt><trkpt lat="56.328000" lon="18.753190"></trkpt><trkpt lat="56.317400" lon="18.752390"></trkpt><trkpt lat="56.308900" lon="18.742020"></trkpt><trkpt lat="56.300650" lon="18.737960"></trkpt><trkpt lat="56.291960" lon="18.726860"></trkpt><trkpt lat="56.276860" lon="18.717920"></trkpt><trkpt lat="56.268820" lon="18.713100"></trkpt><trkpt lat="56.263330" lon="18.701800"></trkpt><trkpt lat="56.255130" lon="18.691750"></trkpt><trkpt lat="56.246740" lon="18.684270"></trkpt><trkpt lat="56.239950" lon="18.674850"></trkpt><trkpt lat="56.232410" lon="18.666740"></trkpt><trkpt lat="56.225470" lon="18.654830"></trkpt><trkpt lat="56.217020" lon="18.642460"></trkpt><trkpt lat="56.209570" lon="18.637280"></trkpt><trkpt lat="56.198720" lon="18.635340"></trkpt><trkpt lat="56.190670" lon="18.629320"></trkpt><trkpt lat="56.184330" lon="18.618200"></trkpt><trkpt lat="56.176390" lon="18.613280"></trkpt><trkpt lat="56.166550" lon="18.605260"></trkpt><trkpt lat="56.159880" lon="18.599200"></trkpt><trkpt lat="56.152240" lon="18.591340"></trkpt><trkpt lat="56.146010" lon="18.580260"></trkpt><trkpt lat="56.129210" lon="18.574490"></trkpt><trkpt lat="56.121350" lon="18.564290"></trkpt><trkpt lat="56.113980" lon="18.553430"></trkpt><trkpt lat="56.103220" lon="18.548990"></trkpt><trkpt lat="56.099580" lon="18.537370"></trkpt><trkpt lat="56.092370" lon="18.527060"></trkpt><trkpt lat="56.080800" lon="18.521220"></trkpt><trkpt lat="56.072710" lon="18.515500"></trkpt><trkpt lat="56.062340" lon="18.513010"></trkpt><trkpt lat="56.062930" lon="18.499330"></trkpt><trkpt lat="56.048210" lon="18.492310"></trkpt><trkpt lat="56.036870" lon="18.473490"></trkpt><trkpt lat="56.029100" lon="18.468920"></trkpt><trkpt lat="56.022620" lon="18.458910"></trkpt><trkpt lat="56.016270" lon="18.449060"></trkpt><trkpt lat="56.006500" lon="18.449340"></trkpt><trkpt lat="55.999240" lon="18.439740"></trkpt><trkpt lat="55.989240" lon="18.430710"></trkpt><trkpt lat="55.979730" lon="18.422890"></trkpt><trkpt lat="55.969390" lon="18.413640"></trkpt><trkpt lat="55.961030" lon="18.409090"></trkpt><trkpt lat="55.953470" lon="18.396220"></trkpt><trkpt lat="55.946050" lon="18.396130"></trkpt><trkpt lat="55.936690" lon="18.391800"></trkpt><trkpt lat="55.928530" lon="18.381870"></trkpt><trkpt lat="55.920790" lon="18.379690"></trkpt><trkpt lat="55.905540" lon="18.382140"></trkpt><trkpt lat="55.892440" lon="18.374130"></trkpt><trkpt lat="55.885330" lon="18.371560"></trkpt><trkpt lat="55.881480" lon="18.357510"></trkpt><trkpt lat="55.875040" lon="18.345890"></trkpt><trkpt lat="55.865940" lon="18.341940"></trkpt><trkpt lat="55.857820" lon="18.332850"></trkpt><trkpt lat="55.845660" lon="18.325240"></trkpt><trkpt lat="55.840060" lon="18.312470"></trkpt><trkpt lat="55.828460" lon="18.306960"></trkpt><trkpt lat="55.819450" lon="18.299830"></trkpt><trkpt lat="55.812800" lon="18.286950"></trkpt><trkpt lat="55.802240" lon="18.290660"></trkpt><trkpt lat="55.792240" lon="18.275770"></trkpt><trkpt lat="55.783030" lon="18.266750"></trkpt><trkpt lat="55.775610" lon="18.258800"></trkpt><trkpt lat="55.765140" lon="18.258740"></trkpt><trkpt lat="55.759190" lon="18.244530"></trkpt><trkpt lat="55.745570" lon="18.240050"></trkpt><trkpt lat="55.735640" lon="18.236160"></trkpt><trkpt lat="55.727120" lon="18.230410"></trkpt><trkpt lat="55.722170" lon="18.218460"></trkpt><trkpt lat="55.712430" lon="18.215360"></trkpt><trkpt lat="55.706020" lon="18.204140"></trkpt><trkpt lat="55.697820" lon="18.196610"></trkpt><trkpt lat="55.688930" lon="18.189490"></trkpt><trkpt lat="55.680060" lon="18.180270"></trkpt><trkpt lat="55.666120" lon="18.169900"></trkpt><trkpt lat="55.661780" lon="18.156370"></trkpt><trkpt lat="55.655990" lon="18.144070"></trkpt><trkpt lat="55.647920" lon="18.131760"></trkpt><trkpt lat="55.638170" lon="18.126960"></trkpt><trkpt lat="55.629070" lon="18.118800"></trkpt><trkpt lat="55.620990" lon="18.109980"></trkpt><trkpt lat="55.613100" lon="18.095970"></trkpt><trkpt lat="55.604850" lon="18.086080"></trkpt><trkpt lat="55.596390" lon="18.075590"></trkpt><trkpt lat="55.585880" lon="18.067630"></trkpt><trkpt lat="55.578880" lon="18.061510"></trkpt><trkpt lat="55.571360" lon="18.052030"></trkpt><trkpt lat="55.563960" lon="18.045540"></trkpt><trkpt lat="55.555980" lon="18.034700"></trkpt><trkpt lat="55.547650" lon="18.027900"></trkpt><trkpt lat="55.555920" lon="18.034630"></trkpt><trkpt lat="55.564660" lon="18.040760"></trkpt><trkpt lat="55.572240" lon="18.050530"></trkpt><trkpt lat="55.581270" lon="18.053870"></trkpt><trkpt lat="55.589060" lon="18.061690"></trkpt><trkpt lat="55.598370" lon="18.065500"></trkpt><trkpt lat="55.607100" lon="18.076870"></trkpt><trkpt lat="55.617160" lon="18.086330"></trkpt><trkpt lat="55.625210" lon="18.095850"></trkpt><trkpt lat="55.630420" lon="18.106040"></trkpt><trkpt lat="55.637340" lon="18.111550"></trkpt><trkpt lat="55.645380" lon="18.121380"></trkpt><trkpt lat="55.655150" lon="18.126010"></trkpt><trkpt lat="55.665120" lon="18.139380"></trkpt><trkpt lat="55.671780" lon="18.146350"></trkpt><trkpt lat="55.685400" lon="18.150090"></trkpt><trkpt lat="55.694860" lon="18.160510"></trkpt><trkpt lat="55.703060" lon="18.168620"></trkpt><trkpt lat="55.708560" lon="18.178630"></trkpt><trkpt lat="55.715450" lon="18.189320"></trkpt><trkpt lat="55.722230" lon="18.197900"></trkpt><trkpt lat="55.727350" lon="18.207850"></trkpt><trkpt lat="55.740610" lon="18.221450"></trkpt><trkpt lat="55.755030" lon="18.218450"></trkpt><trkpt lat="55.754830" lon="18.205360"></trkpt><trkpt lat="55.735320" lon="18.196720"></trkpt><trkpt lat="55.719700" lon="18.189650"></trkpt><trkpt lat="55.720070" lon="18.169500"></trkpt><trkpt lat="55.709560" lon="18.166770"></trkpt><trkpt lat="55.699200" lon="18.164250"></trkpt><trkpt lat="55.701410" lon="18.149240"></trkpt><trkpt lat="55.706470" lon="18.138330"></trkpt><trkpt lat="55.689880" lon="18.133080"></trkpt><trkpt lat="55.690140" lon="18.114080"></trkpt><trkpt lat="55.680150" lon="18.107790"></trkpt><trkpt lat="55.678420" lon="18.091680"></trkpt><trkpt lat="55.669740" lon="18.080170"></trkpt><trkpt lat="55.660180" lon="18.071200"></trkpt><trkpt lat="55.649460" lon="18.072160"></trkpt><trkpt lat="55.640310" lon="18.071450"></trkpt><trkpt lat="55.635050" lon="18.062040"></trkpt><trkpt lat="55.630670" lon="18.050740"></trkpt><trkpt lat="55.621920" lon="18.047080"></trkpt><trkpt lat="55.616640" lon="18.036220"></trkpt><trkpt lat="55.606450" lon="18.026650"></trkpt><trkpt lat="55.598490" lon="18.021770"></trkpt><trkpt lat="55.591430" lon="18.009140"></trkpt><trkpt lat="55.582390" lon="18.000270"></trkpt><trkpt lat="55.571360" lon="17.994720"></trkpt><trkpt lat="55.562430" lon="17.987370"></trkpt><trkpt lat="55.554220" lon="17.976530"></trkpt><trkpt lat="55.544740" lon="17.967750"></trkpt><trkpt lat="55.537050" lon="17.962680"></trkpt><trkpt lat="55.544490" lon="17.963760"></trkpt><trkpt lat="55.552520" lon="17.975450"></trkpt><trkpt lat="55.560600" lon="17.980170"></trkpt><trkpt lat="55.569850" lon="17.977820"></trkpt><trkpt lat="55.559340" lon="17.973950"></trkpt><trkpt lat="55.532530" lon="17.962920"></trkpt><trkpt lat="55.525800" lon="17.954360"></trkpt><trkpt lat="55.518070" lon="17.943460"></trkpt><trkpt lat="55.506950" lon="17.938050"></trkpt><trkpt lat="55.495200" lon="17.930350"></trkpt><trkpt lat="55.486180" lon="17.924630"></trkpt><trkpt lat="55.479440" lon="17.914890"></trkpt><trkpt lat="55.471660" lon="17.908120"></trkpt><trkpt lat="55.464230" lon="17.905570"></trkpt><trkpt lat="55.455470" lon="17.894770"></trkpt><trkpt lat="55.450600" lon="17.882030"></trkpt><trkpt lat="55.446230" lon="17.863430"></trkpt><trkpt lat="55.437200" lon="17.856290"></trkpt><trkpt lat="55.426770" lon="17.852160"></trkpt><trkpt lat="55.417580" lon="17.847720"></trkpt><trkpt lat="55.427170" lon="17.846120"></trkpt><trkpt lat="55.437900" lon="17.847380"></trkpt><trkpt lat="55.445490" lon="17.840840"></trkpt><trkpt lat="55.455510" lon="17.852950"></trkpt><trkpt lat="55.461640" lon="17.863960"></trkpt><trkpt lat="55.466330" lon="17.881620"></trkpt><trkpt lat="55.473310" lon="17.887900"></trkpt><trkpt lat="55.478180" lon="17.900840"></trkpt><trkpt lat="55.487470" lon="17.900290"></trkpt><trkpt lat="55.488690" lon="17.922340"></trkpt><trkpt lat="55.498290" lon="17.921990"></trkpt><trkpt lat="55.490270" lon="17.926360"></trkpt><trkpt lat="55.500870" lon="17.930720"></trkpt><trkpt lat="55.497930" lon="17.953400"></trkpt><trkpt lat="55.502230" lon="17.965610"></trkpt><trkpt lat="55.510590" lon="17.969170"></trkpt><trkpt lat="55.532260" lon="17.975480"></trkpt><trkpt lat="55.542620" lon="17.983310"></trkpt><trkpt lat="55.530090" lon="17.976030"></trkpt><trkpt lat="55.552350" lon="17.976770"></trkpt><trkpt lat="55.550370" lon="17.992590"></trkpt><trkpt lat="55.553730" lon="18.003850"></trkpt><trkpt lat="55.566330" lon="18.007170"></trkpt><trkpt lat="55.575210" lon="18.013490"></trkpt><trkpt lat="55.567680" lon="18.015540"></trkpt><trkpt lat="55.557780" lon="18.014410"></trkpt><trkpt lat="55.550720" lon="18.008530"></trkpt><trkpt lat="55.546700" lon="17.987860"></trkpt><trkpt lat="55.524210" lon="17.987830"></trkpt><trkpt lat="55.512480" lon="17.976580"></trkpt><trkpt lat="55.503560" lon="17.970060"></trkpt><trkpt lat="55.498290" lon="17.957740"></trkpt><trkpt lat="55.487460" lon="17.947600"></trkpt><trkpt lat="55.479320" lon="17.939310"></trkpt><trkpt lat="55.470640" lon="17.933980"></trkpt><trkpt lat="55.463350" lon="17.931670"></trkpt><trkpt lat="55.457250" lon="17.923450"></trkpt><trkpt lat="55.450800" lon="17.908760"></trkpt><trkpt lat="55.442660" lon="17.901680"></trkpt><trkpt lat="55.433560" lon="17.894100"></trkpt><trkpt lat="55.426360" lon="17.883980"></trkpt><trkpt lat="55.418070" lon="17.872850"></trkpt><trkpt lat="55.410630" lon="17.866190"></trkpt><trkpt lat="55.403960" lon="17.855580"></trkpt><trkpt lat="55.395780" lon="17.847400"></trkpt><trkpt lat="55.387170" lon="17.840180"></trkpt><trkpt lat="55.379840" lon="17.825400"></trkpt><trkpt lat="55.365510" lon="17.818470"></trkpt><trkpt lat="55.354370" lon="17.810230"></trkpt><trkpt lat="55.346560" lon="17.801670"></trkpt><trkpt lat="55.338590" lon="17.794090"></trkpt><trkpt lat="55.328450" lon="17.780370"></trkpt><trkpt lat="55.323170" lon="17.792440"></trkpt><trkpt lat="55.314120" lon="17.780690"></trkpt><trkpt lat="55.306890" lon="17.774130"></trkpt><trkpt lat="55.296240" lon="17.769490"></trkpt><trkpt lat="55.287780" lon="17.765020"></trkpt><trkpt lat="55.278110" lon="17.762400"></trkpt><trkpt lat="55.269850" lon="17.759850"></trkpt><trkpt lat="55.262140" lon="17.754970"></trkpt><trkpt lat="55.250610" lon="17.752030"></trkpt><trkpt lat="55.243280" lon="17.751450"></trkpt><trkpt lat="55.231080" lon="17.738950"></trkpt><trkpt lat="55.214850" lon="17.737430"></trkpt><trkpt lat="55.207570" lon="17.730460"></trkpt><trkpt lat="55.198730" lon="17.713680"></trkpt><trkpt lat="55.188510" lon="17.710280"></trkpt><trkpt lat="55.174700" lon="17.715530"></trkpt><trkpt lat="55.183830" lon="17.705800"></trkpt><trkpt lat="55.200850" lon="17.702450"></trkpt><trkpt lat="55.203950" lon="17.719700"></trkpt><trkpt lat="55.218880" lon="17.716760"></trkpt><trkpt lat="55.227030" lon="17.722980"></trkpt><trkpt lat="55.234340" lon="17.730470"></trkpt><trkpt lat="55.249760" lon="17.732770"></trkpt><trkpt lat="55.267690" lon="17.739780"></trkpt><trkpt lat="55.274280" lon="17.748620"></trkpt><trkpt lat="55.281000" lon="17.754720"></trkpt><trkpt lat="55.294170" lon="17.762240"></trkpt><trkpt lat="55.286330" lon="17.754920"></trkpt><trkpt lat="55.296510" lon="17.750920"></trkpt><trkpt lat="55.310180" lon="17.745350"></trkpt><trkpt lat="55.304540" lon="17.767110"></trkpt><trkpt lat="55.298100" lon="17.759370"></trkpt><trkpt lat="55.288990" lon="17.762720"></trkpt><trkpt lat="55.299560" lon="17.768810"></trkpt><trkpt lat="55.301400" lon="17.781210"></trkpt><trkpt lat="55.290230" lon="17.785660"></trkpt><trkpt lat="55.283700" lon="17.801570"></trkpt><trkpt lat="55.295710" lon="17.804450"></trkpt><trkpt lat="55.297820" lon="17.818380"></trkpt><trkpt lat="55.312680" lon="17.811550"></trkpt><trkpt lat="55.317130" lon="17.830840"></trkpt><trkpt lat="55.327080" lon="17.834870"></trkpt><trkpt lat="55.333460" lon="17.842580"></trkpt><trkpt lat="55.340020" lon="17.850980"></trkpt><trkpt lat="55.349660" lon="17.850350"></trkpt><trkpt lat="55.356260" lon="17.862890"></trkpt><trkpt lat="55.346430" lon="17.867990"></trkpt><trkpt lat="55.339950" lon="17.858850"></trkpt><trkpt lat="55.331960" lon="17.852400"></trkpt><trkpt lat="55.322150" lon="17.844740"></trkpt><trkpt lat="55.315120" lon="17.834640"></trkpt><trkpt lat="55.306140" lon="17.827050"></trkpt><trkpt lat="55.302260" lon="17.807520"></trkpt><trkpt lat="55.284510" lon="17.803760"></trkpt><trkpt lat="55.274640" lon="17.792330"></trkpt><trkpt lat="55.284410" lon="17.790570"></trkpt><trkpt lat="55.281170" lon="17.807140"></trkpt><trkpt lat="55.291370" lon="17.804960"></trkpt><trkpt lat="55.305150" lon="17.804790"></trkpt><trkpt lat="55.312860" lon="17.810210"></trkpt><trkpt lat="55.302260" lon="17.812710"></trkpt><trkpt lat="55.293890" lon="17.803650"></trkpt><trkpt lat="55.280520" lon="17.796820"></trkpt><trkpt lat="55.272900" lon="17.787300"></trkpt><trkpt lat="55.266000" lon="17.781200"></trkpt><trkpt lat="55.255420" lon="17.776280"></trkpt><trkpt lat="55.245430" lon="17.773860"></trkpt><trkpt lat="55.234800" lon="17.768610"></trkpt><trkpt lat="55.225350" lon="17.753290"></trkpt><trkpt lat="55.216600" lon="17.740490"></trkpt><trkpt lat="55.203230" lon="17.733950"></trkpt><trkpt lat="55.174120" lon="17.728170"></trkpt><trkpt lat="55.163380" lon="17.721890"></trkpt><trkpt lat="55.158120" lon="17.711250"></trkpt><trkpt lat="55.150240" lon="17.701670"></trkpt><trkpt lat="55.134950" lon="17.701390"></trkpt><trkpt lat="55.125470" lon="17.694340"></trkpt><trkpt lat="55.120850" lon="17.680740"></trkpt><trkpt lat="55.109020" lon="17.674650"></trkpt><trkpt lat="55.100210" lon="17.662330"></trkpt><trkpt lat="55.092260" lon="17.650850"></trkpt><trkpt lat="55.085600" lon="17.645450"></trkpt><trkpt lat="55.078360" lon="17.632470"></trkpt><trkpt lat="55.067200" lon="17.630460"></trkpt><trkpt lat="55.060100" lon="17.618570"></trkpt><trkpt lat="55.038240" lon="17.610420"></trkpt><trkpt lat="55.031770" lon="17.604340"></trkpt><trkpt lat="55.011020" lon="17.595140"></trkpt><trkpt lat="55.003030" lon="17.588830"></trkpt><trkpt lat="54.989940" lon="17.577130"></trkpt><trkpt lat="54.970230" lon="17.571420"></trkpt><trkpt lat="54.960790" lon="17.558810"></trkpt><trkpt lat="54.954340" lon="17.533120"></trkpt><trkpt lat="54.945680" lon="17.529070"></trkpt><trkpt lat="54.933210" lon="17.519630"></trkpt><trkpt lat="54.924200" lon="17.510980"></trkpt><trkpt lat="54.910240" lon="17.503730"></trkpt><trkpt lat="54.897340" lon="17.490650"></trkpt><trkpt lat="54.889160" lon="17.479420"></trkpt><trkpt lat="54.881480" lon="17.472890"></trkpt><trkpt lat="54.875100" lon="17.462880"></trkpt><trkpt lat="54.861600" lon="17.455310"></trkpt><trkpt lat="54.858070" lon="17.439620"></trkpt><trkpt lat="54.849620" lon="17.434660"></trkpt><trkpt lat="54.840110" lon="17.424830"></trkpt><trkpt lat="54.830970" lon="17.416120"></trkpt><trkpt lat="54.817420" lon="17.411020"></trkpt><trkpt lat="54.810300" lon="17.401170"></trkpt><trkpt lat="54.800320" lon="17.393580"></trkpt><trkpt lat="54.792420" lon="17.382450"></trkpt><trkpt lat="54.785560" lon="17.374300"></trkpt><trkpt lat="54.776180" lon="17.370330"></trkpt><trkpt lat="54.768330" lon="17.366300"></trkpt><trkpt lat="54.761020" lon="17.357100"></trkpt><trkpt lat="54.754630" lon="17.346790"></trkpt><trkpt lat="54.747430" lon="17.337980"></trkpt><trkpt lat="54.738740" lon="17.329720"></trkpt><trkpt lat="54.731580" lon="17.319070"></trkpt><trkpt lat="54.722680" lon="17.318930"></trkpt><trkpt lat="54.723970" lon="17.306520"></trkpt><trkpt lat="54.716570" lon="17.303410"></trkpt><trkpt lat="54.703350" lon="17.292750"></trkpt><trkpt lat="54.711740" lon="17.299020"></trkpt><trkpt lat="54.703770" lon="17.294310"></trkpt><trkpt lat="54.697930" lon="17.286490"></trkpt><trkpt lat="54.677200" lon="17.279370"></trkpt><trkpt lat="54.670690" lon="17.272230"></trkpt><trkpt lat="54.657450" lon="17.263560"></trkpt><trkpt lat="54.648730" lon="17.253120"></trkpt><trkpt lat="54.641370" lon="17.245980"></trkpt><trkpt lat="54.634550" lon="17.239920"></trkpt><trkpt lat="54.642150" lon="17.243770"></trkpt><trkpt lat="54.653910" lon="17.245860"></trkpt><trkpt lat="54.653940" lon="17.231340"></trkpt><trkpt lat="54.647680" lon="17.242050"></trkpt><trkpt lat="54.645960" lon="17.229400"></trkpt><trkpt lat="54.638430" lon="17.225510"></trkpt><trkpt lat="54.629360" lon="17.217350"></trkpt><trkpt lat="54.621340" lon="17.220200"></trkpt><trkpt lat="54.627490" lon="17.212180"></trkpt><trkpt lat="54.618360" lon="17.207920"></trkpt><trkpt lat="54.625660" lon="17.212900"></trkpt><trkpt lat="54.633180" lon="17.223040"></trkpt><trkpt lat="54.644160" lon="17.228330"></trkpt><trkpt lat="54.650420" lon="17.242400"></trkpt><trkpt lat="54.660790" lon="17.247980"></trkpt><trkpt lat="54.654790" lon="17.239150"></trkpt><trkpt lat="54.654770" lon="17.223790"></trkpt><trkpt lat="54.647640" lon="17.211710"></trkpt><trkpt lat="54.640970" lon="17.204250"></trkpt><trkpt lat="54.633630" lon="17.201500"></trkpt><trkpt lat="54.631640" lon="17.214800"></trkpt><trkpt lat="54.621290" lon="17.213150"></trkpt><trkpt lat="54.631320" lon="17.216350"></trkpt><trkpt lat="54.649250" lon="17.219570"></trkpt><trkpt lat="54.657270" lon="17.215750"></trkpt><trkpt lat="54.652490" lon="17.206100"></trkpt><trkpt lat="54.672620" lon="17.201330"></trkpt><trkpt lat="54.679790" lon="17.209070"></trkpt><trkpt lat="54.683690" lon="17.223640"></trkpt><trkpt lat="54.691760" lon="17.225780"></trkpt><trkpt lat="54.682600" lon="17.226680"></trkpt><trkpt lat="54.671840" lon="17.218080"></trkpt><trkpt lat="54.678860" lon="17.222450"></trkpt><trkpt lat="54.674430" lon="17.212130"></trkpt><trkpt lat="54.664710" lon="17.211730"></trkpt><trkpt lat="54.655690" lon="17.205860"></trkpt><trkpt lat="54.645980" lon="17.200940"></trkpt><trkpt lat="54.633050" lon="17.198500"></trkpt><trkpt lat="54.626900" lon="17.189830"></trkpt><trkpt lat="54.634760" lon="17.195060"></trkpt><trkpt lat="54.623850" lon="17.195650"></trkpt><trkpt lat="54.629570" lon="17.203430"></trkpt><trkpt lat="54.638980" lon="17.211120"></trkpt><trkpt lat="54.649700" lon="17.220960"></trkpt><trkpt lat="54.653280" lon="17.209290"></trkpt><trkpt lat="54.657750" lon="17.195530"></trkpt><trkpt lat="54.653880" lon="17.179790"></trkpt><trkpt lat="54.641000" lon="17.176450"></trkpt><trkpt lat="54.650910" lon="17.178480"></trkpt><trkpt lat="54.662050" lon="17.188900"></trkpt><trkpt lat="54.670480" lon="17.199520"></trkpt><trkpt lat="54.662950" lon="17.191210"></trkpt><trkpt lat="54.673050" lon="17.202180"></trkpt><trkpt lat="54.667130" lon="17.193100"></trkpt><trkpt lat="54.677210" lon="17.190400"></trkpt><trkpt lat="54.683800" lon="17.195950"></trkpt><trkpt lat="54.676110" lon="17.187010"></trkpt><trkpt lat="54.667390" lon="17.182820"></trkpt><trkpt lat="54.658840" lon="17.174540"></trkpt><trkpt lat="54.647620" lon="17.168660"></trkpt><trkpt lat="54.639340" lon="17.159580"></trkpt><trkpt lat="54.630510" lon="17.154550"></trkpt><trkpt lat="54.622880" lon="17.144480"></trkpt><trkpt lat="54.621080" lon="17.130950"></trkpt><trkpt lat="54.611300" lon="17.124000"></trkpt><trkpt lat="54.608390" lon="17.112590"></trkpt><trkpt lat="54.600440" lon="17.106580"></trkpt><trkpt lat="54.593340" lon="17.099040"></trkpt><trkpt lat="54.600730" lon="17.102620"></trkpt><trkpt lat="54.604790" lon="17.113400"></trkpt><trkpt lat="54.600660" lon="17.101530"></trkpt><trkpt lat="54.604720" lon="17.115450"></trkpt><trkpt lat="54.595290" lon="17.108440"></trkpt><trkpt lat="54.584800" lon="17.100610"></trkpt><trkpt lat="54.573640" lon="17.097100"></trkpt><trkpt lat="54.569590" lon="17.086050"></trkpt><trkpt lat="54.563060" lon="17.076290"></trkpt><trkpt lat="54.553460" lon="17.074660"></trkpt><trkpt lat="54.565250" lon="17.073400"></trkpt><trkpt lat="54.553650" lon="17.076180"></trkpt><trkpt lat="54.549750" lon="17.065010"></trkpt><trkpt lat="54.563720" lon="17.066840"></trkpt><trkpt lat="54.571070" lon="17.075920"></trkpt><trkpt lat="54.585990" lon="17.085340"></trkpt><trkpt lat="54.596540" lon="17.086030"></trkpt><trkpt lat="54.605760" lon="17.092780"></trkpt><trkpt lat="54.604470" lon="17.109370"></trkpt><trkpt lat="54.619930" lon="17.114390"></trkpt><trkpt lat="54.618600" lon="17.139430"></trkpt><trkpt lat="54.629350" lon="17.142830"></trkpt><trkpt lat="54.624790" lon="17.160850"></trkpt><trkpt lat="54.634360" lon="17.163340"></trkpt><trkpt lat="54.640530" lon="17.173560"></trkpt><trkpt lat="54.648330" lon="17.173770"></trkpt><trkpt lat="54.652540" lon="17.184270"></trkpt><trkpt lat="54.657970" lon="17.199100"></trkpt><trkpt lat="54.665890" lon="17.202970"></trkpt><trkpt lat="54.664310" lon="17.215800"></trkpt><trkpt lat="54.676810" lon="17.219920"></trkpt><trkpt lat="54.685880" lon="17.227520"></trkpt><trkpt lat="54.699020" lon="17.235480"></trkpt><trkpt lat="54.717580" lon="17.239370"></trkpt><trkpt lat="54.723860" lon="17.246710"></trkpt><trkpt lat="54.719870" lon="17.263000"></trkpt><trkpt lat="54.737660" lon="17.264530"></trkpt><trkpt lat="54.742240" lon="17.275020"></trkpt><trkpt lat="54.752990" lon="17.281190"></trkpt><trkpt lat="54.760180" lon="17.292820"></trkpt><trkpt lat="54.764880" lon="17.304930"></trkpt><trkpt lat="54.772730" lon="17.306640"></trkpt><trkpt lat="54.770020" lon="17.293590"></trkpt><trkpt lat="54.764360" lon="17.277340"></trkpt><trkpt lat="54.757280" lon="17.272780"></trkpt><trkpt lat="54.749920" lon="17.263260"></trkpt><trkpt lat="54.735510" lon="17.272020"></trkpt><trkpt lat="54.727920" lon="17.264680"></trkpt><trkpt lat="54.720890" lon="17.257550"></trkpt><trkpt lat="54.718020" lon="17.242120"></trkpt><trkpt lat="54.707600" lon="17.224160"></trkpt><trkpt lat="54.701660" lon="17.215310"></trkpt><trkpt lat="54.709970" lon="17.222830"></trkpt><trkpt lat="54.720510" lon="17.226000"></trkpt><trkpt lat="54.738050" lon="17.224580"></trkpt><trkpt lat="54.736320" lon="17.239310"></trkpt><trkpt lat="54.746240" lon="17.245090"></trkpt><trkpt lat="54.742660" lon="17.256500"></trkpt><trkpt lat="54.737320" lon="17.242100"></trkpt><trkpt lat="54.735040" lon="17.254110"></trkpt><trkpt lat="54.727660" lon="17.251390"></trkpt><trkpt lat="54.718280" lon="17.245100"></trkpt><trkpt lat="54.710080" lon="17.233910"></trkpt><trkpt lat="54.699590" lon="17.225680"></trkpt><trkpt lat="54.690600" lon="17.225480"></trkpt><trkpt lat="54.680170" lon="17.218270"></trkpt><trkpt lat="54.666060" lon="17.208960"></trkpt><trkpt lat="54.658280" lon="17.201220"></trkpt><trkpt lat="54.649680" lon="17.194010"></trkpt><trkpt lat="54.644230" lon="17.184870"></trkpt><trkpt lat="54.638360" lon="17.177100"></trkpt><trkpt lat="54.633930" lon="17.165530"></trkpt><trkpt lat="54.626510" lon="17.163220"></trkpt><trkpt lat="54.622150" lon="17.146520"></trkpt><trkpt lat="54.611710" lon="17.141870"></trkpt><trkpt lat="54.598240" lon="17.130180"></trkpt><trkpt lat="54.590710" lon="17.122540"></trkpt><trkpt lat="54.582110" lon="17.110290"></trkpt><trkpt lat="54.574840" lon="17.099710"></trkpt><trkpt lat="54.565070" lon="17.091940"></trkpt><trkpt lat="54.557120" lon="17.081370"></trkpt><trkpt lat="54.545540" lon="17.078520"></trkpt><trkpt lat="54.527080" lon="17.077330"></trkpt><trkpt lat="54.520540" lon="17.069390"></trkpt><trkpt lat="54.526980" lon="17.046630"></trkpt><trkpt lat="54.516410" lon="17.041820"></trkpt><trkpt lat="54.514850" lon="17.028400"></trkpt><trkpt lat="54.498410" lon="17.031540"></trkpt><trkpt lat="54.488770" lon="17.024780"></trkpt><trkpt lat="54.488120" lon="17.006440"></trkpt><trkpt lat="54.478590" lon="17.001870"></trkpt><trkpt lat="54.474140" lon="16.991040"></trkpt><trkpt lat="54.465420" lon="16.988530"></trkpt><trkpt lat="54.459060" lon="16.982080"></trkpt><trkpt lat="54.450880" lon="16.975490"></trkpt><trkpt lat="54.459640" lon="16.981160"></trkpt><trkpt lat="54.470100" lon="16.987730"></trkpt><trkpt lat="54.476530" lon="16.998020"></trkpt><trkpt lat="54.487090" lon="16.996720"></trkpt><trkpt lat="54.500360" lon="17.002120"></trkpt><trkpt lat="54.511350" lon="17.009450"></trkpt><trkpt lat="54.518990" lon="17.015070"></trkpt><trkpt lat="54.526160" lon="17.024380"></trkpt><trkpt lat="54.533710" lon="17.031630"></trkpt><trkpt lat="54.524230" lon="17.027680"></trkpt><trkpt lat="54.515630" lon="17.022280"></trkpt><trkpt lat="54.505690" lon="17.011220"></trkpt><trkpt lat="54.498320" lon="17.001980"></trkpt><trkpt lat="54.489660" lon="16.993230"></trkpt><trkpt lat="54.479560" lon="16.987080"></trkpt><trkpt lat="54.471320" lon="16.974930"></trkpt><trkpt lat="54.465770" lon="16.966010"></trkpt><trkpt lat="54.459610" lon="16.958840"></trkpt><trkpt lat="54.451830" lon="16.952010"></trkpt><trkpt lat="54.444250" lon="16.942540"></trkpt><trkpt lat="54.436440" lon="16.935570"></trkpt><trkpt lat="54.424630" lon="16.929040"></trkpt><trkpt lat="54.413450" lon="16.923570"></trkpt><trkpt lat="54.404140" lon="16.922410"></trkpt><trkpt lat="54.395390" lon="16.918410"></trkpt><trkpt lat="54.386980" lon="16.910160"></trkpt><trkpt lat="54.393580" lon="16.899810"></trkpt><trkpt lat="54.400340" lon="16.910520"></trkpt><trkpt lat="54.422260" lon="16.915180"></trkpt><trkpt lat="54.414680" lon="16.919790"></trkpt><trkpt lat="54.395800" lon="16.910170"></trkpt><trkpt lat="54.387240" lon="16.907410"></trkpt><trkpt lat="54.375500" lon="16.901520"></trkpt><trkpt lat="54.376790" lon="16.886110"></trkpt><trkpt lat="54.366210" lon="16.886450"></trkpt><trkpt lat="54.353250" lon="16.875960"></trkpt><trkpt lat="54.349410" lon="16.859620"></trkpt><trkpt lat="54.363160" lon="16.872860"></trkpt><trkpt lat="54.369390" lon="16.879140"></trkpt><trkpt lat="54.378210" lon="16.886620"></trkpt><trkpt lat="54.389360" lon="16.891950"></trkpt><trkpt lat="54.398810" lon="16.897970"></trkpt><trkpt lat="54.407860" lon="16.904590"></trkpt><trkpt lat="54.415020" lon="16.907420"></trkpt><trkpt lat="54.425430" lon="16.915960"></trkpt><trkpt lat="54.432080" lon="16.923430"></trkpt><trkpt lat="54.442300" lon="16.933980"></trkpt><trkpt lat="54.452780" lon="16.937990"></trkpt><trkpt lat="54.454270" lon="16.950210"></trkpt><trkpt lat="54.445000" lon="16.940370"></trkpt><trkpt lat="54.436390" lon="16.936380"></trkpt><trkpt lat="54.423510" lon="16.926580"></trkpt><trkpt lat="54.415560" lon="16.915350"></trkpt><trkpt lat="54.408290" lon="16.910420"></trkpt><trkpt lat="54.400600" lon="16.903740"></trkpt><trkpt lat="54.387990" lon="16.890700"></trkpt><trkpt lat="54.380770" lon="16.882000"></trkpt><trkpt lat="54.377230" lon="16.896370"></trkpt><trkpt lat="54.390830" lon="16.895160"></trkpt><trkpt lat="54.398800" lon="16.902070"></trkpt><trkpt lat="54.390730" lon="16.895490"></trkpt><trkpt lat="54.382900" lon="16.878950"></trkpt><trkpt lat="54.374320" lon="16.874190"></trkpt><trkpt lat="54.373800" lon="16.861860"></trkpt><trkpt lat="54.357290" lon="16.848810"></trkpt><trkpt lat="54.351740" lon="16.840160"></trkpt><trkpt lat="54.346900" lon="16.828890"></trkpt><trkpt lat="54.339220" lon="16.821440"></trkpt><trkpt lat="54.335450" lon="16.806990"></trkpt><trkpt lat="54.326840" lon="16.798190"></trkpt><trkpt lat="54.320680" lon="16.786670"></trkpt><trkpt lat="54.310080" lon="16.773570"></trkpt><trkpt lat="54.303000" lon="16.766200"></trkpt><trkpt lat="54.291940" lon="16.752830"></trkpt><trkpt lat="54.284130" lon="16.741160"></trkpt><trkpt lat="54.274150" lon="16.733910"></trkpt><trkpt lat="54.269340" lon="16.716930"></trkpt><trkpt lat="54.261310" lon="16.714350"></trkpt><trkpt lat="54.253390" lon="16.700510"></trkpt><trkpt lat="54.244160" lon="16.698820"></trkpt><trkpt lat="54.235300" lon="16.694340"></trkpt><trkpt lat="54.226520" lon="16.691550"></trkpt><trkpt lat="54.218300" lon="16.682870"></trkpt><trkpt lat="54.210380" lon="16.670980"></trkpt><trkpt lat="54.202040" lon="16.667760"></trkpt><trkpt lat="54.197770" lon="16.656960"></trkpt><trkpt lat="54.193690" lon="16.671110"></trkpt><trkpt lat="54.215300" lon="16.666890"></trkpt><trkpt lat="54.200460" lon="16.666710"></trkpt><trkpt lat="54.193050" lon="16.657390"></trkpt><trkpt lat="54.185500" lon="16.679340"></trkpt><trkpt lat="54.202500" lon="16.674870"></trkpt><trkpt lat="54.204760" lon="16.688500"></trkpt><trkpt lat="54.212220" lon="16.687440"></trkpt><trkpt lat="54.223360" lon="16.690010"></trkpt><trkpt lat="54.226860" lon="16.705600"></trkpt><trkpt lat="54.234480" lon="16.704890"></trkpt><trkpt lat="54.247710" lon="16.706720"></trkpt><trkpt lat="54.250090" lon="16.721740"></trkpt><trkpt lat="54.258680" lon="16.733490"></trkpt><trkpt lat="54.266460" lon="16.738530"></trkpt><trkpt lat="54.264590" lon="16.753920"></trkpt><trkpt lat="54.275680" lon="16.752800"></trkpt><trkpt lat="54.283850" lon="16.745820"></trkpt><trkpt lat="54.290140" lon="16.754070"></trkpt><trkpt lat="54.297230" lon="16.749370"></trkpt><trkpt lat="54.301330" lon="16.761480"></trkpt><trkpt lat="54.310490" lon="16.771860"></trkpt><trkpt lat="54.311980" lon="16.784850"></trkpt><trkpt lat="54.301170" lon="16.787370"></trkpt><trkpt lat="54.307840" lon="16.797930"></trkpt><trkpt lat="54.318320" lon="16.803560"></trkpt><trkpt lat="54.325290" lon="16.811450"></trkpt><trkpt lat="54.332780" lon="16.820140"></trkpt><trkpt lat="54.335120" lon="16.837940"></trkpt><trkpt lat="54.324090" lon="16.857850"></trkpt><trkpt lat="54.315010" lon="16.852000"></trkpt><trkpt lat="54.319640" lon="16.841350"></trkpt><trkpt lat="54.323920" lon="16.853350"></trkpt><trkpt lat="54.319940" lon="16.843060"></trkpt><trkpt lat="54.311030" lon="16.837830"></trkpt><trkpt lat="54.303140" lon="16.831680"></trkpt><trkpt lat="54.298500" lon="16.817170"></trkpt><trkpt lat="54.291240" lon="16.816810"></trkpt><trkpt lat="54.299440" lon="16.817440"></trkpt><trkpt lat="54.290920" lon="16.810180"></trkpt><trkpt lat="54.286590" lon="16.796430"></trkpt><trkpt lat="54.280590" lon="16.781100"></trkpt><trkpt lat="54.272340" lon="16.775890"></trkpt><trkpt lat="54.263590" lon="16.766560"></trkpt><trkpt lat="54.256570" lon="16.758500"></trkpt><trkpt lat="54.249290" lon="16.751310"></trkpt><trkpt lat="54.239400" lon="16.749810"></trkpt><trkpt lat="54.235510" lon="16.735590"></trkpt><trkpt lat="54.225150" lon="16.732510"></trkpt><trkpt lat="54.217070" lon="16.730800"></trkpt><trkpt lat="54.205030" lon="16.724770"></trkpt><trkpt lat="54.197770" lon="16.718060"></trkpt><trkpt lat="54.185970" lon="16.710750"></trkpt><trkpt lat="54.178160" lon="16.703800"></trkpt><trkpt lat="54.170100" lon="16.694730"></trkpt><trkpt lat="54.169800" lon="16.679030"></trkpt><trkpt lat="54.161170" lon="16.668060"></trkpt><trkpt lat="54.148400" lon="16.666290"></trkpt><trkpt lat="54.136580" lon="16.660880"></trkpt><trkpt lat="54.126060" lon="16.653550"></trkpt><trkpt lat="54.124620" lon="16.637070"></trkpt><trkpt lat="54.117640" lon="16.633270"></trkpt><trkpt lat="54.108650" lon="16.625120"></trkpt><trkpt lat="54.100750" lon="16.615520"></trkpt><trkpt lat="54.091620" lon="16.612790"></trkpt><trkpt lat="54.082240" lon="16.603930"></trkpt><trkpt lat="54.071060" lon="16.595460"></trkpt><trkpt lat="54.063980" lon="16.584640"></trkpt><trkpt lat="54.056670" lon="16.577090"></trkpt><trkpt lat="54.051880" lon="16.567220"></trkpt><trkpt lat="54.057010" lon="16.581980"></trkpt><trkpt lat="54.050900" lon="16.572950"></trkpt><trkpt lat="54.040340" lon="16.570550"></trkpt><trkpt lat="54.060160" lon="16.576870"></trkpt><trkpt lat="54.065690" lon="16.585760"></trkpt><trkpt lat="54.070780" lon="16.596350"></trkpt><trkpt lat="54.073090" lon="16.614180"></trkpt><trkpt lat="54.104700" lon="16.612410"></trkpt><trkpt lat="54.113610" lon="16.614500"></trkpt><trkpt lat="54.116980" lon="16.626870"></trkpt><trkpt lat="54.119770" lon="16.647460"></trkpt><trkpt lat="54.129570" lon="16.649570"></trkpt><trkpt lat="54.138070" lon="16.654110"></trkpt><trkpt lat="54.145180" lon="16.660520"></trkpt><trkpt lat="54.155410" lon="16.666420"></trkpt><trkpt lat="54.158300" lon="16.678780"></trkpt><trkpt lat="54.166710" lon="16.683550"></trkpt><trkpt lat="54.175700" lon="16.684270"></trkpt><trkpt lat="54.182740" lon="16.691150"></trkpt><trkpt lat="54.181950" lon="16.706690"></trkpt><trkpt lat="54.191920" lon="16.712760"></trkpt><trkpt lat="54.195110" lon="16.725720"></trkpt><trkpt lat="54.197740" lon="16.742830"></trkpt><trkpt lat="54.187680" lon="16.741070"></trkpt><trkpt lat="54.181700" lon="16.726380"></trkpt><trkpt lat="54.173630" lon="16.721410"></trkpt><trkpt lat="54.166310" lon="16.721890"></trkpt><trkpt lat="54.158170" lon="16.713590"></trkpt><trkpt lat="54.154250" lon="16.699220"></trkpt><trkpt lat="54.144310" lon="16.695370"></trkpt><trkpt lat="54.136630" lon="16.685910"></trkpt><trkpt lat="54.148650" lon="16.685490"></trkpt><trkpt lat="54.142200" lon="16.674480"></trkpt><trkpt lat="54.134720" lon="16.666410"></trkpt><trkpt lat="54.127180" lon="16.657350"></trkpt><trkpt lat="54.118390" lon="16.652060"></trkpt><trkpt lat="54.111550" lon="16.644250"></trkpt><trkpt lat="54.100960" lon="16.638720"></trkpt><trkpt lat="54.088380" lon="16.650230"></trkpt><trkpt lat="54.078910" lon="16.640130"></trkpt><trkpt lat="54.070210" lon="16.631210"></trkpt><trkpt lat="54.063550" lon="16.624820"></trkpt><trkpt lat="54.056270" lon="16.617460"></trkpt><trkpt lat="54.046830" lon="16.613070"></trkpt><trkpt lat="54.038130" lon="16.606820"></trkpt><trkpt lat="54.033190" lon="16.597630"></trkpt><trkpt lat="54.023440" lon="16.592830"></trkpt><trkpt lat="54.008730" lon="16.585770"></trkpt><trkpt lat="53.999710" lon="16.576720"></trkpt><trkpt lat="53.992990" lon="16.567350"></trkpt><trkpt lat="53.984010" lon="16.560930"></trkpt><trkpt lat="53.976500" lon="16.552920"></trkpt><trkpt lat="53.968330" lon="16.542900"></trkpt><trkpt lat="53.959500" lon="16.539530"></trkpt><trkpt lat="53.951820" lon="16.533850"></trkpt><trkpt lat="53.945900" lon="16.524100"></trkpt><trkpt lat="53.936140" lon="16.517600"></trkpt><trkpt lat="53.930940" lon="16.507890"></trkpt><trkpt lat="53.922120" lon="16.505710"></trkpt><trkpt lat="53.916280" lon="16.488510"></trkpt><trkpt lat="53.906440" lon="16.485210"></trkpt><trkpt lat="53.898960" lon="16.476090"></trkpt><trkpt lat="53.890940" lon="16.471550"></trkpt><trkpt lat="53.873670" lon="16.469080"></trkpt><trkpt lat="53.863360" lon="16.461180"></trkpt><trkpt lat="53.852900" lon="16.451190"></trkpt><trkpt lat="53.847070" lon="16.439920"></trkpt><trkpt lat="53.841370" lon="16.427690"></trkpt><trkpt lat="53.832140" lon="16.422030"></trkpt><trkpt lat="53.824690" lon="16.414570"></trkpt><trkpt lat="53.813160" lon="16.410440"></trkpt><trkpt lat="53.810370" lon="16.393750"></trkpt><trkpt lat="53.796630" lon="16.391860"></trkpt><trkpt lat="53.789080" lon="16.384180"></trkpt><trkpt lat="53.783340" lon="16.368580"></trkpt><trkpt lat="53.777170" lon="16.352940"></trkpt><trkpt lat="53.769160" lon="16.340580"></trkpt><trkpt lat="53.764290" lon="16.327530"></trkpt><trkpt lat="53.758790" lon="16.319640"></trkpt><trkpt lat="53.739080" lon="16.313470"></trkpt><trkpt lat="53.731130" lon="16.307480"></trkpt><trkpt lat="53.723370" lon="16.298030"></trkpt><trkpt lat="53.715240" lon="16.293000"></trkpt><trkpt lat="53.706390" lon="16.288810"></trkpt><trkpt lat="53.700070" lon="16.280460"></trkpt><trkpt lat="53.692100" lon="16.272870"></trkpt><trkpt lat="53.686420" lon="16.263860"></trkpt><trkpt lat="53.677610" lon="16.256910"></trkpt><trkpt lat="53.668820" lon="16.254470"></trkpt><trkpt lat="53.658050" lon="16.249570"></trkpt><trkpt lat="53.650990" lon="16.234500"></trkpt><trkpt lat="53.659320" lon="16.242630"></trkpt><trkpt lat="53.656460" lon="16.260250"></trkpt><trkpt lat="53.662960" lon="16.267600"></trkpt><trkpt lat="53.677780" lon="16.264810"></trkpt><trkpt lat="53.684730" lon="16.270940"></trkpt><trkpt lat="53.677080" lon="16.262760"></trkpt><trkpt lat="53.669630" lon="16.252060"></trkpt><trkpt lat="53.659120" lon="16.245520"></trkpt><trkpt lat="53.651240" lon="16.238230"></trkpt><trkpt lat="53.643430" lon="16.233380"></trkpt><trkpt lat="53.635700" lon="16.230240"></trkpt><trkpt lat="53.628540" lon="16.225050"></trkpt><trkpt lat="53.621750" lon="16.215840"></trkpt><trkpt lat="53.609780" lon="16.207800"></trkpt><trkpt lat="53.601800" lon="16.201530"></trkpt><trkpt lat="53.595520" lon="16.189850"></trkpt><trkpt lat="53.604960" lon="16.189540"></trkpt><trkpt lat="53.598040" lon="16.193080"></trkpt><trkpt lat="53.589860" lon="16.183470"></trkpt><trkpt lat="53.585390" lon="16.170750"></trkpt><trkpt lat="53.600230" lon="16.170360"></trkpt><trkpt lat="53.596110" lon="16.156350"></trkpt><trkpt lat="53.583820" lon="16.157440"></trkpt><trkpt lat="53.578100" lon="16.166790"></trkpt><trkpt lat="53.571080" lon="16.159900"></trkpt><trkpt lat="53.559330" lon="16.153380"></trkpt><trkpt lat="53.555800" lon="16.140790"></trkpt><trkpt lat="53.546360" lon="16.137680"></trkpt><trkpt lat="53.537160" lon="16.129870"></trkpt><trkpt lat="53.528810" lon="16.126510"></trkpt><trkpt lat="53.537520" lon="16.126140"></trkpt><trkpt lat="53.527760" lon="16.127760"></trkpt><trkpt lat="53.538030" lon="16.127190"></trkpt><trkpt lat="53.529720" lon="16.122270"></trkpt><trkpt lat="53.522300" lon="16.115570"></trkpt><trkpt lat="53.511230" lon="16.112530"></trkpt><trkpt lat="53.501490" lon="16.105830"></trkpt><trkpt lat="53.491270" lon="16.096460"></trkpt><trkpt lat="53.483320" lon="16.090940"></trkpt><trkpt lat="53.477750" lon="16.078890"></trkpt><trkpt lat="53.469800" lon="16.074720"></trkpt><trkpt lat="53.461020" lon="16.072290"></trkpt><trkpt lat="53.453430" lon="16.066230"></trkpt><trkpt lat="53.447830" lon="16.057800"></trkpt><trkpt lat="53.440560" lon="16.061100"></trkpt><trkpt lat="53.431600" lon="16.056270"></trkpt><trkpt lat="53.423840" lon="16.047250"></trkpt><trkpt lat="53.415900" lon="16.052950"></trkpt><trkpt lat="53.410250" lon="16.043650"></trkpt><trkpt lat="53.410570" lon="16.028070"></trkpt><trkpt lat="53.417410" lon="16.024290"></trkpt><trkpt lat="53.451360" lon="16.020470"></trkpt><trkpt lat="53.450020" lon="16.040100"></trkpt><trkpt lat="53.472560" lon="16.039740"></trkpt><trkpt lat="53.464510" lon="16.037340"></trkpt><trkpt lat="53.457480" lon="16.030880"></trkpt><trkpt lat="53.464610" lon="16.034660"></trkpt><trkpt lat="53.466180" lon="16.052460"></trkpt><trkpt lat="53.492440" lon="16.047080"></trkpt><trkpt lat="53.500160" lon="16.050170"></trkpt><trkpt lat="53.519550" lon="16.051070"></trkpt><trkpt lat="53.526780" lon="16.060870"></trkpt><trkpt lat="53.537710" lon="16.063860"></trkpt><trkpt lat="53.528140" lon="16.057350"></trkpt><trkpt lat="53.538370" lon="16.057130"></trkpt><trkpt lat="53.530250" lon="16.050550"></trkpt><trkpt lat="53.519240" lon="16.040230"></trkpt><trkpt lat="53.511580" lon="16.031880"></trkpt><trkpt lat="53.504110" lon="16.035890"></trkpt><trkpt lat="53.494080" lon="16.034490"></trkpt><trkpt lat="53.484150" lon="16.031820"></trkpt><trkpt lat="53.479530" lon="16.017280"></trkpt><trkpt lat="53.494810" lon="16.017400"></trkpt><trkpt lat="53.483230" lon="16.021350"></trkpt><trkpt lat="53.485570" lon="16.035210"></trkpt><trkpt lat="53.493850" lon="16.029380"></trkpt><trkpt lat="53.500950" lon="16.032100"></trkpt><trkpt lat="53.512580" lon="16.038450"></trkpt><trkpt lat="53.509360" lon="16.050300"></trkpt><trkpt lat="53.499540" lon="16.051230"></trkpt><trkpt lat="53.505390" lon="16.059870"></trkpt><trkpt lat="53.491780" lon="16.056310"></trkpt><trkpt lat="53.482320" lon="16.048920"></trkpt><trkpt lat="53.471360" lon="16.073520"></trkpt><trkpt lat="53.466830" lon="16.062310"></trkpt><trkpt lat="53.453510" lon="16.044100"></trkpt><trkpt lat="53.439690" lon="16.033510"></trkpt><trkpt lat="53.435660" lon="16.023450"></trkpt><trkpt lat="53.418550" lon="16.027660"></trkpt><trkpt lat="53.409690" lon="16.017000"></trkpt><trkpt lat="53.426330" lon="16.021470"></trkpt><trkpt lat="53.418080" lon="16.018750"></trkpt><trkpt lat="53.421420" lon="15.999870"></trkpt><trkpt lat="53.411410" lon="16.000040"></trkpt><trkpt lat="53.404130" lon="15.991920"></trkpt><trkpt lat="53.390310" lon="15.983230"></trkpt><trkpt lat="53.387580" lon="15.970830"></trkpt><trkpt lat="53.397790" lon="15.971220"></trkpt><trkpt lat="53.404230" lon="15.976880"></trkpt><trkpt lat="53.413230" lon="15.986090"></trkpt><trkpt lat="53.418730" lon="15.998830"></trkpt><trkpt lat="53.425790" lon="16.010580"></trkpt><trkpt lat="53.431600" lon="16.020350"></trkpt><trkpt lat="53.424020" lon="16.013080"></trkpt><trkpt lat="53.415870" lon="16.006010"></trkpt><trkpt lat="53.408990" lon="15.997840"></trkpt><trkpt lat="53.400880" lon="15.990650"></trkpt><trkpt lat="53.392440" lon="15.982830"></trkpt><trkpt lat="53.384320" lon="15.986190"></trkpt><trkpt lat="53.374140" lon="15.983100"></trkpt><trkpt lat="53.365820" lon="15.972920"></trkpt><trkpt lat="53.355320" lon="15.962680"></trkpt><trkpt lat="53.347690" lon="15.953380"></trkpt><trkpt lat="53.341500" lon="15.943480"></trkpt><trkpt lat="53.334460" lon="15.930990"></trkpt><trkpt lat="53.328520" lon="15.918400"></trkpt><trkpt lat="53.321550" lon="15.915320"></trkpt><trkpt lat="53.330730" lon="15.919710"></trkpt><trkpt lat="53.323410" lon="15.910100"></trkpt><trkpt lat="53.315640" lon="15.905000"></trkpt><trkpt lat="53.306370" lon="15.894850"></trkpt><trkpt lat="53.313590" lon="15.892660"></trkpt><trkpt lat="53.307320" lon="15.882690"></trkpt><trkpt lat="53.302820" lon="15.871350"></trkpt><trkpt lat="53.310230" lon="15.871230"></trkpt><trkpt lat="53.294500" lon="15.863540"></trkpt><trkpt lat="53.286790" lon="15.856310"></trkpt><trkpt lat="53.280500" lon="15.850250"></trkpt><trkpt lat="53.272940" lon="15.846990"></trkpt><trkpt lat="53.263960" lon="15.851150"></trkpt><trkpt lat="53.253600" lon="15.840870"></trkpt><trkpt lat="53.240510" lon="15.831980"></trkpt><trkpt lat="53.227400" lon="15.821480"></trkpt><trkpt lat="53.218780" lon="15.813440"></trkpt><trkpt lat="53.209180" lon="15.805930"></trkpt><trkpt lat="53.202680" lon="15.796330"></trkpt><trkpt lat="53.196580" lon="15.786250"></trkpt><trkpt lat="53.182780" lon="15.777750"></trkpt><trkpt lat="53.176490" lon="15.768920"></trkpt><trkpt lat="53.170510" lon="15.760990"></trkpt><trkpt lat="53.156620" lon="15.751950"></trkpt><trkpt lat="53.148840" lon="15.746240"></trkpt><trkpt lat="53.141570" lon="15.735720"></trkpt><trkpt lat="53.133130" lon="15.716680"></trkpt><trkpt lat="53.123720" lon="15.708140"></trkpt><trkpt lat="53.117110" lon="15.698370"></trkpt><trkpt lat="53.104880" lon="15.690260"></trkpt><trkpt lat="53.097700" lon="15.684980"></trkpt><trkpt lat="53.087890" lon="15.676200"></trkpt><trkpt lat="53.072100" lon="15.672490"></trkpt><trkpt lat="53.063180" lon="15.670600"></trkpt><trkpt lat="53.053040" lon="15.665700"></trkpt><trkpt lat="53.045700" lon="15.662360"></trkpt><trkpt lat="53.019140" lon="15.653240"></trkpt><trkpt lat="53.010590" lon="15.640660"></trkpt><trkpt lat="53.000450" lon="15.632160"></trkpt><trkpt lat="52.994720" lon="15.623910"></trkpt><trkpt lat="52.987450" lon="15.622630"></trkpt><trkpt lat="52.981310" lon="15.605250"></trkpt><trkpt lat="52.970520" lon="15.596860"></trkpt><trkpt lat="52.954860" lon="15.589400"></trkpt><trkpt lat="52.943420" lon="15.590350"></trkpt><trkpt lat="52.935820" lon="15.585180"></trkpt><trkpt lat="52.929720" lon="15.574680"></trkpt><trkpt lat="52.924310" lon="15.565270"></trkpt><trkpt lat="52.917730" lon="15.556310"></trkpt><trkpt lat="52.911640" lon="15.544840"></trkpt><trkpt lat="52.903460" lon="15.537520"></trkpt><trkpt lat="52.895130" lon="15.529240"></trkpt><trkpt lat="52.888280" lon="15.523310"></trkpt><trkpt lat="52.877050" lon="15.517120"></trkpt><trkpt lat="52.870640" lon="15.501730"></trkpt><trkpt lat="52.860110" lon="15.500050"></trkpt><trkpt lat="52.850650" lon="15.491550"></trkpt><trkpt lat="52.845190" lon="15.479800"></trkpt><trkpt lat="52.819640" lon="15.470360"></trkpt><trkpt lat="52.816190" lon="15.453400"></trkpt><trkpt lat="52.825150" lon="15.460390"></trkpt><trkpt lat="52.834270" lon="15.468430"></trkpt><trkpt lat="52.826620" lon="15.454580"></trkpt><trkpt lat="52.819270" lon="15.453400"></trkpt><trkpt lat="52.806960" lon="15.445890"></trkpt><trkpt lat="52.802770" lon="15.428680"></trkpt><trkpt lat="52.794690" lon="15.425750"></trkpt><trkpt lat="52.801970" lon="15.428840"></trkpt><trkpt lat="52.796440" lon="15.441700"></trkpt><trkpt lat="52.788230" lon="15.431790"></trkpt><trkpt lat="52.770000" lon="15.423120"></trkpt><trkpt lat="52.761960" lon="15.412450"></trkpt><trkpt lat="52.773640" lon="15.412950"></trkpt><trkpt lat="52.773300" lon="15.428470"></trkpt><trkpt lat="52.779810" lon="15.440860"></trkpt><trkpt lat="52.791750" lon="15.440170"></trkpt><trkpt lat="52.787430" lon="15.428340"></trkpt><trkpt lat="52.779730" lon="15.423040"></trkpt><trkpt lat="52.771240" lon="15.415930"></trkpt><trkpt lat="52.763960" lon="15.407790"></trkpt><trkpt lat="52.759170" lon="15.397920"></trkpt><trkpt lat="52.744770" lon="15.391020"></trkpt><trkpt lat="52.731620" lon="15.384270"></trkpt><trkpt lat="52.729680" lon="15.369000"></trkpt><trkpt lat="52.720790" lon="15.355890"></trkpt><trkpt lat="52.714340" lon="15.342710"></trkpt><trkpt lat="52.704070" lon="15.341410"></trkpt><trkpt lat="52.695270" lon="15.330830"></trkpt><trkpt lat="52.688250" lon="15.319440"></trkpt><trkpt lat="52.682010" lon="15.302040"></trkpt><trkpt lat="52.673580" lon="15.301580"></trkpt><trkpt lat="52.669180" lon="15.311740"></trkpt><trkpt lat="52.664860" lon="15.298860"></trkpt><trkpt lat="52.649460" lon="15.289780"></trkpt><trkpt lat="52.648980" lon="15.273700"></trkpt><trkpt lat="52.639390" lon="15.272650"></trkpt><trkpt lat="52.630630" lon="15.259480"></trkpt><trkpt lat="52.623050" lon="15.250040"></trkpt><trkpt lat="52.618090" lon="15.236120"></trkpt><trkpt lat="52.607240" lon="15.235360"></trkpt><trkpt lat="52.599820" lon="15.230060"></trkpt><trkpt lat="52.587640" lon="15.221680"></trkpt><trkpt lat="52.582210" lon="15.212050"></trkpt><trkpt lat="52.576110" lon="15.203240"></trkpt><trkpt lat="52.567130" lon="15.199060"></trkpt><trkpt lat="52.559280" lon="15.203200"></trkpt><trkpt lat="52.557040" lon="15.190290"></trkpt><trkpt lat="52.539560" lon="15.186940"></trkpt><trkpt lat="52.528790" lon="15.185630"></trkpt><trkpt lat="52.521340" lon="15.176890"></trkpt><trkpt lat="52.513720" lon="15.176770"></trkpt><trkpt lat="52.505980" lon="15.167430"></trkpt><trkpt lat="52.501490" lon="15.153650"></trkpt><trkpt lat="52.495280" lon="15.139460"></trkpt><trkpt lat="52.486840" lon="15.130640"></trkpt><trkpt lat="52.481770" lon="15.118200"></trkpt><trkpt lat="52.473690" lon="15.112500"></trkpt><trkpt lat="52.461450" lon="15.105240"></trkpt><trkpt lat="52.478430" lon="15.108070"></trkpt><trkpt lat="52.477760" lon="15.122800"></trkpt><trkpt lat="52.489130" lon="15.122490"></trkpt><trkpt lat="52.482150" lon="15.113460"></trkpt><trkpt lat="52.492270" lon="15.113460"></trkpt><trkpt lat="52.498340" lon="15.106790"></trkpt><trkpt lat="52.498770" lon="15.129650"></trkpt><trkpt lat="52.504890" lon="15.113590"></trkpt><trkpt lat="52.494120" lon="15.113390"></trkpt><trkpt lat="52.489020" lon="15.099170"></trkpt><trkpt lat="52.475490" lon="15.101010"></trkpt><trkpt lat="52.486880" lon="15.105520"></trkpt><trkpt lat="52.479820" lon="15.100220"></trkpt><trkpt lat="52.470730" lon="15.095910"></trkpt><trkpt lat="52.464000" lon="15.086430"></trkpt><trkpt lat="52.471020" lon="15.078000"></trkpt><trkpt lat="52.481370" lon="15.081010"></trkpt><trkpt lat="52.476910" lon="15.098460"></trkpt><trkpt lat="52.461910" lon="15.098440"></trkpt><trkpt lat="52.469170" lon="15.103570"></trkpt><trkpt lat="52.457750" lon="15.100030"></trkpt><trkpt lat="52.454350" lon="15.088830"></trkpt><trkpt lat="52.451110" lon="15.101010"></trkpt><trkpt lat="52.462430" lon="15.098410"></trkpt><trkpt lat="52.457560" lon="15.088500"></trkpt><trkpt lat="52.448410" lon="15.087630"></trkpt><trkpt lat="52.447590" lon="15.075320"></trkpt><trkpt lat="52.439860" lon="15.072040"></trkpt><trkpt lat="52.433300" lon="15.062760"></trkpt><trkpt lat="52.427960" lon="15.054610"></trkpt><trkpt lat="52.449780" lon="15.054510"></trkpt><trkpt lat="52.447760" lon="15.084150"></trkpt><trkpt lat="52.441930" lon="15.074200"></trkpt><trkpt lat="52.431630" lon="15.068910"></trkpt><trkpt lat="52.421840" lon="15.056880"></trkpt><trkpt lat="52.415210" lon="15.062950"></trkpt><trkpt lat="52.433370" lon="15.061010"></trkpt><trkpt lat="52.423600" lon="15.051960"></trkpt><trkpt lat="52.413810" lon="15.045970"></trkpt><trkpt lat="52.403930" lon="15.043380"></trkpt><trkpt lat="52.395130" lon="15.035860"></trkpt><trkpt lat="52.380010" lon="15.026790"></trkpt><trkpt lat="52.380480" lon="15.040060"></trkpt><trkpt lat="52.387890" lon="15.049920"></trkpt><trkpt lat="52.401890" lon="15.051400"></trkpt><trkpt lat="52.413470" lon="15.054330"></trkpt><trkpt lat="52.408370" lon="15.045080"></trkpt><trkpt lat="52.399990" lon="15.044700"></trkpt><trkpt lat="52.409530" lon="15.045380"></trkpt><trkpt lat="52.403670" lon="15.036860"></trkpt><trkpt lat="52.401440" lon="15.023100"></trkpt><trkpt lat="52.384310" lon="15.023090"></trkpt><trkpt lat="52.376310" lon="15.024170"></trkpt><trkpt lat="52.362560" lon="15.020080"></trkpt><trkpt lat="52.354790" lon="14.991470"></trkpt><trkpt lat="52.354260" lon="15.006960"></trkpt><trkpt lat="52.361660" lon="15.006410"></trkpt><trkpt lat="52.355910" lon="15.014690"></trkpt><trkpt lat="52.327000" lon="15.009510"></trkpt><trkpt lat="52.322240" lon="14.990100"></trkpt><trkpt lat="52.314080" lon="14.984060"></trkpt><trkpt lat="52.302280" lon="14.985710"></trkpt><trkpt lat="52.294450" lon="14.972260"></trkpt><trkpt lat="52.290700" lon="14.958930"></trkpt><trkpt lat="52.296080" lon="14.949130"></trkpt><trkpt lat="52.299700" lon="14.969180"></trkpt><trkpt lat="52.299450" lon="14.988870"></trkpt><trkpt lat="52.310850" lon="14.988200"></trkpt><trkpt lat="52.303440" lon="14.981570"></trkpt><trkpt lat="52.292120" lon="14.970600"></trkpt><trkpt lat="52.286160" lon="14.958640"></trkpt><trkpt lat="52.277220" lon="14.951610"></trkpt><trkpt lat="52.269950" lon="14.942850"></trkpt><trkpt lat="52.262370" lon="14.934800"></trkpt><trkpt lat="52.271750" lon="14.941360"></trkpt><trkpt lat="52.274040" lon="14.957660"></trkpt><trkpt lat="52.256680" lon="14.954170"></trkpt><trkpt lat="52.249630" lon="14.949300"></trkpt><trkpt lat="52.236840" lon="14.948480"></trkpt><trkpt lat="52.242340" lon="14.940630"></trkpt><trkpt lat="52.241690" lon="14.954670"></trkpt><trkpt lat="52.233450" lon="14.952360"></trkpt><trkpt lat="52.225300" lon="14.950390"></trkpt><trkpt lat="52.219640" lon="14.939370"></trkpt><trkpt lat="52.214080" lon="14.927760"></trkpt><trkpt lat="52.206030" lon="14.927020"></trkpt><trkpt lat="52.201460" lon="14.917100"></trkpt><trkpt lat="52.193100" lon="14.920090"></trkpt><trkpt lat="52.184260" lon="14.925840"></trkpt><trkpt lat="52.191350" lon="14.929970"></trkpt><trkpt lat="52.182610" lon="14.942560"></trkpt><trkpt lat="52.177610" lon="14.954420"></trkpt><trkpt lat="52.187130" lon="14.954630"></trkpt><trkpt lat="52.175970" lon="14.945790"></trkpt><trkpt lat="52.171270" lon="14.959610"></trkpt><trkpt lat="52.179120" lon="14.959330"></trkpt><trkpt lat="52.172080" lon="14.942080"></trkpt><trkpt lat="52.164330" lon="14.937940"></trkpt><trkpt lat="52.156730" lon="14.934010"></trkpt><trkpt lat="52.144120" lon="14.924820"></trkpt><trkpt lat="52.132320" lon="14.929610"></trkpt><trkpt lat="52.121220" lon="14.920960"></trkpt><trkpt lat="52.130450" lon="14.926620"></trkpt><trkpt lat="52.136220" lon="14.938800"></trkpt><trkpt lat="52.129630" lon="14.930360"></trkpt><trkpt lat="52.114350" lon="14.929920"></trkpt><trkpt lat="52.107000" lon="14.920110"></trkpt><trkpt lat="52.100410" lon="14.908690"></trkpt><trkpt lat="52.094380" lon="14.900000"></trkpt><trkpt lat="52.103050" lon="14.898440"></trkpt><trkpt lat="52.094320" lon="14.902620"></trkpt><trkpt lat="52.084630" lon="14.898480"></trkpt><trkpt lat="52.091020" lon="14.907110"></trkpt><trkpt lat="52.071390" lon="14.896400"></trkpt><trkpt lat="52.077560" lon="14.906580"></trkpt><trkpt lat="52.064950" lon="14.905710"></trkpt><trkpt lat="52.060010" lon="14.919170"></trkpt><trkpt lat="52.049900" lon="14.912920"></trkpt><trkpt lat="52.064160" lon="14.910510"></trkpt><trkpt lat="52.059970" lon="14.896040"></trkpt><trkpt lat="52.052680" lon="14.883070"></trkpt><trkpt lat="52.057100" lon="14.871880"></trkpt><trkpt lat="52.048730" lon="14.869840"></trkpt><trkpt lat="52.040490" lon="14.871140"></trkpt><trkpt lat="52.042590" lon="14.859550"></trkpt><trkpt lat="52.036040" lon="14.852130"></trkpt><trkpt lat="52.036110" lon="14.834920"></trkpt><trkpt lat="52.035100" lon="14.848570"></trkpt><trkpt lat="52.025720" lon="14.840300"></trkpt><trkpt lat="52.012390" lon="14.837030"></trkpt><trkpt lat="52.005060" lon="14.834370"></trkpt><trkpt lat="51.997020" lon="14.822650"></trkpt><trkpt lat="51.992640" lon="14.812290"></trkpt><trkpt lat="52.001290" lon="14.807910"></trkpt><trkpt lat="51.993290" lon="14.803900"></trkpt><trkpt lat="52.006640" lon="14.801930"></trkpt><trkpt lat="51.996120" lon="14.793320"></trkpt><trkpt lat="51.993910" lon="14.780450"></trkpt><trkpt lat="51.982970" lon="14.779010"></trkpt><trkpt lat="51.987430" lon="14.794140"></trkpt><trkpt lat="51.970310" lon="14.796470"></trkpt><trkpt lat="51.960270" lon="14.792880"></trkpt><trkpt lat="51.966950" lon="14.798620"></trkpt><trkpt lat="51.981020" lon="14.798720"></trkpt><trkpt lat="51.975800" lon="14.815000"></trkpt><trkpt lat="51.964690" lon="14.810010"></trkpt><trkpt lat="51.964000" lon="14.797370"></trkpt><trkpt lat="51.949390" lon="14.796870"></trkpt><trkpt lat="51.956930" lon="14.795850"></trkpt><trkpt lat="51.963150" lon="14.788040"></trkpt><trkpt lat="51.976560" lon="14.795830"></trkpt><trkpt lat="51.985380" lon="14.790960"></trkpt><trkpt lat="51.978610" lon="14.780900"></trkpt><trkpt lat="51.990490" lon="14.776960"></trkpt><trkpt lat="51.980120" lon="14.768160"></trkpt><trkpt lat="51.971520" lon="14.754320"></trkpt><trkpt lat="51.957650" lon="14.753730"></trkpt><trkpt lat="51.961260" lon="14.767000"></trkpt><trkpt lat="51.971210" lon="14.767710"></trkpt><trkpt lat="51.980600" lon="14.776370"></trkpt><trkpt lat="51.976300" lon="14.766110"></trkpt><trkpt lat="51.970950" lon="14.744150"></trkpt><trkpt lat="51.960860" lon="14.737860"></trkpt><trkpt lat="51.953220" lon="14.733090"></trkpt><trkpt lat="51.948600" lon="14.722800"></trkpt><trkpt lat="51.944210" lon="14.707010"></trkpt><trkpt lat="51.937940" lon="14.699620"></trkpt><trkpt lat="51.947030" lon="14.699930"></trkpt><trkpt lat="51.955720" lon="14.698840"></trkpt><trkpt lat="51.964140" lon="14.708740"></trkpt><trkpt lat="51.971870" lon="14.713650"></trkpt><trkpt lat="51.979780" lon="14.719760"></trkpt><trkpt lat="51.986700" lon="14.729320"></trkpt><trkpt lat="51.983430" lon="14.718140"></trkpt><trkpt lat="51.984350" lon="14.737090"></trkpt><trkpt lat="51.958950" lon="14.739920"></trkpt><trkpt lat="51.951620" lon="14.736240"></trkpt><trkpt lat="51.959410" lon="14.740280"></trkpt><trkpt lat="51.950660" lon="14.740860"></trkpt><trkpt lat="51.938100" lon="14.744510"></trkpt><trkpt lat="51.943000" lon="14.732210"></trkpt><trkpt lat="51.935230" lon="14.731540"></trkpt><trkpt lat="51.929450" lon="14.724170"></trkpt><trkpt lat="51.939560" lon="14.728860"></trkpt><trkpt lat="51.945120" lon="14.718530"></trkpt><trkpt lat="51.957750" lon="14.718520"></trkpt><trkpt lat="51.976970" lon="14.724910"></trkpt><trkpt lat="51.986180" lon="14.728590"></trkpt><trkpt lat="51.992740" lon="14.735510"></trkpt><trkpt lat="51.985650" lon="14.737500"></trkpt><trkpt lat="51.989220" lon="14.761770"></trkpt><trkpt lat="52.002820" lon="14.767700"></trkpt><trkpt lat="52.006450" lon="14.784780"></trkpt><trkpt lat="51.997920" lon="14.779440"></trkpt><trkpt lat="52.001210" lon="14.798770"></trkpt><trkpt lat="52.014410" lon="14.800670"></trkpt><trkpt lat="52.030370" lon="14.807980"></trkpt><trkpt lat="52.035640" lon="14.819120"></trkpt><trkpt lat="52.043670" lon="14.822050"></trkpt><trkpt lat="52.052390" lon="14.835750"></trkpt><trkpt lat="52.062470" lon="14.837420"></trkpt><trkpt lat="52.085380" lon="14.846340"></trkpt><trkpt lat="52.089920" lon="14.861770"></trkpt><trkpt lat="52.087720" lon="14.878810"></trkpt><trkpt lat="52.096130" lon="14.879410"></trkpt><trkpt lat="52.103460" lon="14.886150"></trkpt><trkpt lat="52.111900" lon="14.890810"></trkpt><trkpt lat="52.122350" lon="14.894930"></trkpt><trkpt lat="52.122790" lon="14.911280"></trkpt><trkpt lat="52.135600" lon="14.913290"></trkpt><trkpt lat="52.130890" lon="14.924280"></trkpt><trkpt lat="52.139400" lon="14.932510"></trkpt><trkpt lat="52.148060" lon="14.941950"></trkpt><trkpt lat="52.159460" lon="14.953340"></trkpt><trkpt lat="52.169310" lon="14.957750"></trkpt><trkpt lat="52.179800" lon="14.961670"></trkpt><trkpt lat="52.185540" lon="14.970280"></trkpt><trkpt lat="52.191270" lon="14.991860"></trkpt><trkpt lat="52.199870" lon="15.005380"></trkpt><trkpt lat="52.205710" lon="15.013600"></trkpt><trkpt lat="52.215610" lon="15.029360"></trkpt><trkpt lat="52.231600" lon="15.036800"></trkpt><trkpt lat="52.236080" lon="15.048120"></trkpt><trkpt lat="52.243990" lon="15.054890"></trkpt><trkpt lat="52.251650" lon="15.057080"></trkpt><trkpt lat="52.257950" lon="15.064110"></trkpt><trkpt lat="52.265080" lon="15.069270"></trkpt><trkpt lat="52.270510" lon="15.086580"></trkpt><trkpt lat="52.278170" lon="15.087230"></trkpt><trkpt lat="52.273080" lon="15.095810"></trkpt><trkpt lat="52.278670" lon="15.114920"></trkpt><trkpt lat="52.289180" lon="15.120390"></trkpt><trkpt lat="52.319820" lon="15.123690"></trkpt><trkpt lat="52.320350" lon="15.140770"></trkpt><trkpt lat="52.318830" lon="15.125700"></trkpt><trkpt lat="52.329620" lon="15.133060"></trkpt><trkpt lat="52.338330" lon="15.139320"></trkpt><trkpt lat="52.347300" lon="15.148270"></trkpt><trkpt lat="52.359030" lon="15.154650"></trkpt><trkpt lat="52.368100" lon="15.155640"></trkpt><trkpt lat="52.372580" lon="15.165510"></trkpt><trkpt lat="52.383580" lon="15.170510"></trkpt><trkpt lat="52.393970" lon="15.176620"></trkpt><trkpt lat="52.394440" lon="15.192960"></trkpt><trkpt lat="52.405470" lon="15.192770"></trkpt><trkpt lat="52.416650" lon="15.197630"></trkpt><trkpt lat="52.424110" lon="15.202500"></trkpt><trkpt lat="52.417500" lon="15.195300"></trkpt><trkpt lat="52.427500" lon="15.204470"></trkpt><trkpt lat="52.436790" lon="15.208050"></trkpt><trkpt lat="52.423580" lon="15.207660"></trkpt><trkpt lat="52.416650" lon="15.195590"></trkpt><trkpt lat="52.410640" lon="15.187640"></trkpt><trkpt lat="52.402690" lon="15.185250"></trkpt><trkpt lat="52.396940" lon="15.174640"></trkpt><trkpt lat="52.390990" lon="15.167790"></trkpt><trkpt lat="52.382780" lon="15.164800"></trkpt><trkpt lat="52.374720" lon="15.162880"></trkpt><trkpt lat="52.365840" lon="15.159670"></trkpt><trkpt lat="52.358190" lon="15.152300"></trkpt><trkpt lat="52.343930" lon="15.143810"></trkpt><trkpt lat="52.338830" lon="15.132430"></trkpt><trkpt lat="52.332750" lon="15.123720"></trkpt><trkpt lat="52.326680" lon="15.114190"></trkpt><trkpt lat="52.318640" lon="15.107410"></trkpt><trkpt lat="52.310050" lon="15.096940"></trkpt><trkpt lat="52.302210" lon="15.087230"></trkpt><trkpt lat="52.301160" lon="15.072400"></trkpt><trkpt lat="52.292010" lon="15.068760"></trkpt><trkpt lat="52.285120" lon="15.062010"></trkpt><trkpt lat="52.280300" lon="15.051000"></trkpt><trkpt lat="52.264300" lon="15.049800"></trkpt><trkpt lat="52.255800" lon="15.039230"></trkpt><trkpt lat="52.247460" lon="15.030230"></trkpt><trkpt lat="52.236020" lon="15.023400"></trkpt><trkpt lat="52.227840" lon="15.015930"></trkpt><trkpt lat="52.212230" lon="15.015730"></trkpt><trkpt lat="52.199720" lon="15.016460"></trkpt><trkpt lat="52.192680" lon="15.005430"></trkpt><trkpt lat="52.184190" lon="14.998220"></trkpt><trkpt lat="52.175360" lon="14.992220"></trkpt><trkpt lat="52.161690" lon="14.991520"></trkpt><trkpt lat="52.155480" lon="14.983500"></trkpt><trkpt lat="52.143620" lon="14.977790"></trkpt><trkpt lat="52.137660" lon="14.968680"></trkpt><trkpt lat="52.125870" lon="14.964160"></trkpt><trkpt lat="52.123440" lon="14.953130"></trkpt><trkpt lat="52.116270" lon="14.945950"></trkpt><trkpt lat="52.110390" lon="14.939110"></trkpt><trkpt lat="52.105130" lon="14.926440"></trkpt><trkpt lat="52.093510" lon="14.921210"></trkpt><trkpt lat="52.101080" lon="14.932460"></trkpt><trkpt lat="52.107030" lon="14.942670"></trkpt><trkpt lat="52.111530" lon="14.953670"></trkpt><trkpt lat="52.118540" lon="14.964740"></trkpt><trkpt lat="52.128330" lon="14.966760"></trkpt><trkpt lat="52.132590" lon="14.976480"></trkpt><trkpt lat="52.141870" lon="14.986100"></trkpt><trkpt lat="52.149770" lon="14.992940"></trkpt><trkpt lat="52.159290" lon="15.002510"></trkpt><trkpt lat="52.164480" lon="15.012570"></trkpt><trkpt lat="52.173860" lon="15.023070"></trkpt><trkpt lat="52.180390" lon="15.028900"></trkpt><trkpt lat="52.187250" lon="15.038040"></trkpt><trkpt lat="52.198480" lon="15.060910"></trkpt><trkpt lat="52.205720" lon="15.068680"></trkpt><trkpt lat="52.215100" lon="15.078280"></trkpt><trkpt lat="52.223030" lon="15.086210"></trkpt><trkpt lat="52.230340" lon="15.092730"></trkpt><trkpt lat="52.243120" lon="15.090620"></trkpt><trkpt lat="52.240940" lon="15.104770"></trkpt><trkpt lat="52.246810" lon="15.115460"></trkpt><trkpt lat="52.252860" lon="15.125050"></trkpt><trkpt lat="52.267150" lon="15.136300"></trkpt><trkpt lat="52.276740" lon="15.138390"></trkpt><trkpt lat="52.285240" lon="15.144870"></trkpt><trkpt lat="52.299730" lon="15.149190"></trkpt><trkpt lat="52.307400" lon="15.148430"></trkpt><trkpt lat="52.316200" lon="15.156730"></trkpt><trkpt lat="52.324030" lon="15.162360"></trkpt><trkpt lat="52.333300" lon="15.174550"></trkpt><trkpt lat="52.338660" lon="15.188720"></trkpt><trkpt lat="52.346450" lon="15.199140"></trkpt><trkpt lat="52.353650" lon="15.202040"></trkpt><trkpt lat="52.361920" lon="15.204580"></trkpt><trkpt lat="52.369470" lon="15.225600"></trkpt><trkpt lat="52.380910" lon="15.229910"></trkpt><trkpt lat="52.387190" lon="15.242840"></trkpt><trkpt lat="52.396280" lon="15.242880"></trkpt><trkpt lat="52.402970" lon="15.251030"></trkpt><trkpt lat="52.411690" lon="15.255040"></trkpt><trkpt lat="52.418530" lon="15.263620"></trkpt><trkpt lat="52.433610" lon="15.269000"></trkpt><trkpt lat="52.440350" lon="15.277240"></trkpt><trkpt lat="52.447460" lon="15.301430"></trkpt><trkpt lat="52.468890" lon="15.305420"></trkpt><trkpt lat="52.485390" lon="15.347500"></trkpt><trkpt lat="52.492740" lon="15.352460"></trkpt><trkpt lat="52.504450" lon="15.360720"></trkpt><trkpt lat="52.511400" lon="15.370640"></trkpt><trkpt lat="52.527440" lon="15.381690"></trkpt><trkpt lat="52.535240" lon="15.388780"></trkpt><trkpt lat="52.543450" lon="15.400410"></trkpt><trkpt lat="52.529370" lon="15.406230"></trkpt><trkpt lat="52.539400" lon="15.410360"></trkpt><trkpt lat="52.554220" lon="15.416420"></trkpt><trkpt lat="52.561730" lon="15.431470"></trkpt><trkpt lat="52.570030" lon="15.437190"></trkpt><trkpt lat="52.577520" lon="15.446820"></trkpt><trkpt lat="52.581400" lon="15.457270"></trkpt><trkpt lat="52.573190" lon="15.452310"></trkpt><trkpt lat="52.569650" lon="15.437790"></trkpt><trkpt lat="52.562350" lon="15.438380"></trkpt><trkpt lat="52.553590" lon="15.433270"></trkpt><trkpt lat="52.549010" lon="15.420910"></trkpt><trkpt lat="52.539600" lon="15.415250"></trkpt><trkpt lat="52.517990" lon="15.410170"></trkpt><trkpt lat="52.519510" lon="15.425810"></trkpt><trkpt lat="52.524340" lon="15.401150"></trkpt><trkpt lat="52.524250" lon="15.419390"></trkpt><trkpt lat="52.532130" lon="15.423950"></trkpt><trkpt lat="52.529460" lon="15.450660"></trkpt><trkpt lat="52.511120" lon="15.450530"></trkpt><trkpt lat="52.532500" lon="15.444560"></trkpt><trkpt lat="52.538690" lon="15.452150"></trkpt><trkpt lat="52.549870" lon="15.452060"></trkpt><trkpt lat="52.545410" lon="15.465890"></trkpt><trkpt lat="52.539180" lon="15.487700"></trkpt><trkpt lat="52.551010" lon="15.475240"></trkpt><trkpt lat="52.560200" lon="15.485120"></trkpt><trkpt lat="52.567280" lon="15.492820"></trkpt><trkpt lat="52.575310" lon="15.502470"></trkpt><trkpt lat="52.583300" lon="15.508990"></trkpt><trkpt lat="52.578660" lon="15.497260"></trkpt><trkpt lat="52.571270" lon="15.486720"></trkpt><trkpt lat="52.562230" lon="15.488520"></trkpt><trkpt lat="52.555390" lon="15.477340"></trkpt><trkpt lat="52.544880" lon="15.475350"></trkpt><trkpt lat="52.535340" lon="15.468800"></trkpt><trkpt lat="52.520870" lon="15.467450"></trkpt><trkpt lat="52.505810" lon="15.464800"></trkpt><trkpt lat="52.491830" lon="15.459310"></trkpt><trkpt lat="52.480760" lon="15.457060"></trkpt><trkpt lat="52.472530" lon="15.456910"></trkpt><trkpt lat="52.483500" lon="15.464070"></trkpt><trkpt lat="52.494140" lon="15.471400"></trkpt><trkpt lat="52.484250" lon="15.474220"></trkpt><trkpt lat="52.494490" lon="15.476080"></trkpt><trkpt lat="52.504780" lon="15.480820"></trkpt><trkpt lat="52.512770" lon="15.484790"></trkpt><trkpt lat="52.499220" lon="15.494150"></trkpt><trkpt lat="52.495490" lon="15.483740"></trkpt><trkpt lat="52.489270" lon="15.470610"></trkpt><trkpt lat="52.479190" lon="15.467860"></trkpt><trkpt lat="52.471520" lon="15.461610"></trkpt><trkpt lat="52.466840" lon="15.451260"></trkpt><trkpt lat="52.458610" lon="15.446510"></trkpt><trkpt lat="52.434830" lon="15.444130"></trkpt><trkpt lat="52.435740" lon="15.427590"></trkpt><trkpt lat="52.430080" lon="15.417390"></trkpt><trkpt lat="52.440610" lon="15.420790"></trkpt><trkpt lat="52.429950" lon="15.416860"></trkpt><trkpt lat="52.436600" lon="15.401040"></trkpt><trkpt lat="52.445170" lon="15.396720"></trkpt><trkpt lat="52.456440" lon="15.397250"></trkpt><trkpt lat="52.464430" lon="15.401840"></trkpt><trkpt lat="52.469300" lon="15.420830"></trkpt><trkpt lat="52.454830" lon="15.420920"></trkpt><trkpt lat="52.462700" lon="15.423950"></trkpt><trkpt lat="52.458720" lon="15.439690"></trkpt><trkpt lat="52.470440" lon="15.440100"></trkpt><trkpt lat="52.480350" lon="15.446150"></trkpt><trkpt lat="52.489010" lon="15.443990"></trkpt><trkpt lat="52.495610" lon="15.457310"></trkpt><trkpt lat="52.495520" lon="15.472140"></trkpt><trkpt lat="52.496820" lon="15.484750"></trkpt><trkpt lat="52.504230" lon="15.490180"></trkpt><trkpt lat="52.516260" lon="15.501930"></trkpt><trkpt lat="52.508090" lon="15.496550"></trkpt><trkpt lat="52.514990" lon="15.501290"></trkpt><trkpt lat="52.525450" lon="15.498910"></trkpt><trkpt lat="52.532950" lon="15.502460"></trkpt><trkpt lat="52.533880" lon="15.515180"></trkpt><trkpt lat="52.546030" lon="15.506950"></trkpt><trkpt lat="52.536130" lon="15.512490"></trkpt><trkpt lat="52.526510" lon="15.505590"></trkpt><trkpt lat="52.519710" lon="15.497740"></trkpt><trkpt lat="52.513340" lon="15.488000"></trkpt><trkpt lat="52.504360" lon="15.483880"></trkpt><trkpt lat="52.518010" lon="15.490070"></trkpt><trkpt lat="52.527130" lon="15.494760"></trkpt><trkpt lat="52.510560" lon="15.493180"></trkpt><trkpt lat="52.506240" lon="15.481540"></trkpt><trkpt lat="52.499380" lon="15.471650"></trkpt><trkpt lat="52.492420" lon="15.465240"></trkpt><trkpt lat="52.484770" lon="15.461670"></trkpt><trkpt lat="52.476280" lon="15.449270"></trkpt><trkpt lat="52.469120" lon="15.446160"></trkpt><trkpt lat="52.459620" lon="15.446000"></trkpt><trkpt lat="52.466720" lon="15.451970"></trkpt><trkpt lat="52.476110" lon="15.457690"></trkpt><trkpt lat="52.485780" lon="15.464140"></trkpt><trkpt lat="52.490920" lon="15.478880"></trkpt><trkpt lat="52.497840" lon="15.489560"></trkpt><trkpt lat="52.506290" lon="15.497320"></trkpt><trkpt lat="52.513790" lon="15.505080"></trkpt><trkpt lat="52.523100" lon="15.510160"></trkpt><trkpt lat="52.532190" lon="15.515960"></trkpt><trkpt lat="52.541910" lon="15.521840"></trkpt><trkpt lat="52.550780" lon="15.530480"></trkpt><trkpt lat="52.569990" lon="15.533380"></trkpt><trkpt lat="52.568700" lon="15.507270"></trkpt><trkpt lat="52.552480" lon="15.498020"></trkpt><trkpt lat="52.555820" lon="15.477530"></trkpt><trkpt lat="52.564740" lon="15.478040"></trkpt><trkpt lat="52.571950" lon="15.484090"></trkpt><trkpt lat="52.561250" lon="15.490750"></trkpt><trkpt lat="52.565940" lon="15.478980"></trkpt><trkpt lat="52.571700" lon="15.487350"></trkpt><trkpt lat="52.564100" lon="15.486890"></trkpt><trkpt lat="52.573330" lon="15.493650"></trkpt><trkpt lat="52.567240" lon="15.481400"></trkpt><trkpt lat="52.566500" lon="15.466340"></trkpt><trkpt lat="52.573620" lon="15.478480"></trkpt><trkpt lat="52.583350" lon="15.484380"></trkpt><trkpt lat="52.590170" lon="15.490800"></trkpt><trkpt lat="52.598650" lon="15.496620"></trkpt><trkpt lat="52.606150" lon="15.504340"></trkpt><trkpt lat="52.613030" lon="15.511070"></trkpt><trkpt lat="52.621550" lon="15.521160"></trkpt><trkpt lat="52.629140" lon="15.528270"></trkpt><trkpt lat="52.636010" lon="15.534510"></trkpt><trkpt lat="52.640990" lon="15.546770"></trkpt><trkpt lat="52.649330" lon="15.550570"></trkpt><trkpt lat="52.659770" lon="15.551100"></trkpt><trkpt lat="52.670830" lon="15.559990"></trkpt><trkpt lat="52.680310" lon="15.568650"></trkpt><trkpt lat="52.689580" lon="15.581490"></trkpt><trkpt lat="52.701050" lon="15.585440"></trkpt><trkpt lat="52.708540" lon="15.591770"></trkpt><trkpt lat="52.717090" lon="15.601550"></trkpt><trkpt lat="52.726180" lon="15.610060"></trkpt><trkpt lat="52.733010" lon="15.615670"></trkpt><trkpt lat="52.743340" lon="15.619620"></trkpt><trkpt lat="52.756800" lon="15.625100"></trkpt><trkpt lat="52.764750" lon="15.635030"></trkpt><trkpt lat="52.767450" lon="15.647650"></trkpt><trkpt lat="52.774160" lon="15.654640"></trkpt><trkpt lat="52.782340" lon="15.659360"></trkpt><trkpt lat="52.784110" lon="15.678560"></trkpt><trkpt lat="52.793070" lon="15.679240"></trkpt><trkpt lat="52.782620" lon="15.681110"></trkpt><trkpt lat="52.776980" lon="15.669380"></trkpt><trkpt lat="52.786430" lon="15.675020"></trkpt><trkpt lat="52.794200" lon="15.680620"></trkpt><trkpt lat="52.795660" lon="15.694800"></trkpt><trkpt lat="52.775500" lon="15.694400"></trkpt><trkpt lat="52.779740" lon="15.683190"></trkpt><trkpt lat="52.783710" lon="15.695480"></trkpt><trkpt lat="52.783820" lon="15.680740"></trkpt><trkpt lat="52.765040" lon="15.679360"></trkpt><trkpt lat="52.773220" lon="15.683410"></trkpt><trkpt lat="52.780550" lon="15.694330"></trkpt><trkpt lat="52.789150" lon="15.700910"></trkpt><trkpt lat="52.797270" lon="15.705550"></trkpt><trkpt lat="52.805400" lon="15.710600"></trkpt><trkpt lat="52.808410" lon="15.725120"></trkpt><trkpt lat="52.818650" lon="15.723800"></trkpt><trkpt lat="52.822640" lon="15.735600"></trkpt><trkpt lat="52.831700" lon="15.740600"></trkpt><trkpt lat="52.840800" lon="15.751970"></trkpt><trkpt lat="52.845710" lon="15.765700"></trkpt><trkpt lat="52.861640" lon="15.775450"></trkpt><trkpt lat="52.866380" lon="15.787900"></trkpt><trkpt lat="52.875220" lon="15.793020"></trkpt><trkpt lat="52.890160" lon="15.801160"></trkpt><trkpt lat="52.895990" lon="15.808800"></trkpt><trkpt lat="52.904140" lon="15.809310"></trkpt><trkpt lat="52.888230" lon="15.801350"></trkpt><trkpt lat="52.877120" lon="15.793950"></trkpt><trkpt lat="52.882420" lon="15.776890"></trkpt><trkpt lat="52.881860" lon="15.790350"></trkpt><trkpt lat="52.872510" lon="15.787580"></trkpt><trkpt lat="52.869340" lon="15.773710"></trkpt><trkpt lat="52.857630" lon="15.772050"></trkpt><trkpt lat="52.850640" lon="15.768060"></trkpt><trkpt lat="52.845500" lon="15.756020"></trkpt><trkpt lat="52.831540" lon="15.747310"></trkpt><trkpt lat="52.826140" lon="15.735930"></trkpt><trkpt lat="52.819610" lon="15.726760"></trkpt><trkpt lat="52.807990" lon="15.718640"></trkpt><trkpt lat="52.814880" lon="15.709300"></trkpt><trkpt lat="52.805960" lon="15.712280"></trkpt><trkpt lat="52.812120" lon="15.723790"></trkpt><trkpt lat="52.816730" lon="15.713060"></trkpt><trkpt lat="52.809100" lon="15.713230"></trkpt><trkpt lat="52.802550" lon="15.705680"></trkpt><trkpt lat="52.793880" lon="15.695320"></trkpt><trkpt lat="52.781740" lon="15.696800"></trkpt><trkpt lat="52.789590" lon="15.703360"></trkpt><trkpt lat="52.781950" lon="15.694290"></trkpt><trkpt lat="52.779160" lon="15.682790"></trkpt><trkpt lat="52.781940" lon="15.670500"></trkpt><trkpt lat="52.782150" lon="15.653770"></trkpt><trkpt lat="52.792980" lon="15.648650"></trkpt><trkpt lat="52.801860" lon="15.623810"></trkpt><trkpt lat="52.799260" lon="15.655460"></trkpt><trkpt lat="52.779570" lon="15.651440"></trkpt><trkpt lat="52.773690" lon="15.637380"></trkpt><trkpt lat="52.778710" lon="15.649540"></trkpt><trkpt lat="52.771140" lon="15.649380"></trkpt><trkpt lat="52.763180" lon="15.637550"></trkpt><trkpt lat="52.759580" lon="15.623230"></trkpt><trkpt lat="52.751570" lon="15.616230"></trkpt><trkpt lat="52.760780" lon="15.611600"></trkpt><trkpt lat="52.762480" lon="15.624940"></trkpt><trkpt lat="52.769540" lon="15.611030"></trkpt><trkpt lat="52.778710" lon="15.617800"></trkpt><trkpt lat="52.768730" lon="15.620220"></trkpt><trkpt lat="52.776500" lon="15.626560"></trkpt><trkpt lat="52.784530" lon="15.637220"></trkpt><trkpt lat="52.803010" lon="15.637310"></trkpt><trkpt lat="52.813160" lon="15.640270"></trkpt><trkpt lat="52.820920" lon="15.653290"></trkpt><trkpt lat="52.828160" lon="15.666170"></trkpt><trkpt lat="52.835890" lon="15.674390"></trkpt><trkpt lat="52.843130" lon="15.681120"></trkpt><trkpt lat="52.851590" lon="15.688680"></trkpt><trkpt lat="52.865440" lon="15.698150"></trkpt><trkpt lat="52.855120" lon="15.703200"></trkpt><trkpt lat="52.852260" lon="15.687240"></trkpt><trkpt lat="52.844250" lon="15.688550"></trkpt><trkpt lat="52.838460" lon="15.681040"></trkpt><trkpt lat="52.823420" lon="15.684920"></trkpt><trkpt lat="52.828740" lon="15.675220"></trkpt><trkpt lat="52.835710" lon="15.681060"></trkpt><trkpt lat="52.829750" lon="15.671820"></trkpt><trkpt lat="52.826490" lon="15.658890"></trkpt><trkpt lat="52.822190" lon="15.649160"></trkpt><trkpt lat="52.813890" lon="15.652070"></trkpt><trkpt lat="52.823930" lon="15.658560"></trkpt><trkpt lat="52.832910" lon="15.667100"></trkpt><trkpt lat="52.839400" lon="15.678770"></trkpt><trkpt lat="52.840540" lon="15.693530"></trkpt><trkpt lat="52.846720" lon="15.704390"></trkpt><trkpt lat="52.855330" lon="15.705660"></trkpt><trkpt lat="52.860630" lon="15.714010"></trkpt><trkpt lat="52.869290" lon="15.719510"></trkpt><trkpt lat="52.860420" lon="15.714000"></trkpt><trkpt lat="52.869900" lon="15.720490"></trkpt><trkpt lat="52.877060" lon="15.725980"></trkpt><trkpt lat="52.869600" lon="15.730960"></trkpt><trkpt lat="52.876460" lon="15.734660"></trkpt><trkpt lat="52.881670" lon="15.744370"></trkpt><trkpt lat="52.886560" lon="15.756700"></trkpt><trkpt lat="52.877500" lon="15.756200"></trkpt><trkpt lat="52.887790" lon="15.748100"></trkpt><trkpt lat="52.886490" lon="15.759930"></trkpt><trkpt lat="52.893730" lon="15.750490"></trkpt><trkpt lat="52.901980" lon="15.747950"></trkpt><trkpt lat="52.907950" lon="15.759010"></trkpt><trkpt lat="52.916640" lon="15.765580"></trkpt><trkpt lat="52.906480" lon="15.767430"></trkpt><trkpt lat="52.915440" lon="15.766830"></trkpt><trkpt lat="52.902770" lon="15.763540"></trkpt><trkpt lat="52.911120" lon="15.767350"></trkpt><trkpt lat="52.919450" lon="15.770430"></trkpt><trkpt lat="52.928160" lon="15.775470"></trkpt><trkpt lat="52.936520" lon="15.771220"></trkpt><trkpt lat="52.962340" lon="15.748530"></trkpt><trkpt lat="52.970690" lon="15.758640"></trkpt><trkpt lat="52.983770" lon="15.759910"></trkpt><trkpt lat="52.990960" lon="15.752890"></trkpt><trkpt lat="53.000330" lon="15.766110"></trkpt><trkpt lat="53.000610" lon="15.779680"></trkpt><trkpt lat="53.008290" lon="15.785160"></trkpt><trkpt lat="53.010490" lon="15.797870"></trkpt><trkpt lat="53.019340" lon="15.799970"></trkpt><trkpt lat="53.026550" lon="15.801660"></trkpt><trkpt lat="53.035040" lon="15.801860"></trkpt><trkpt lat="53.041070" lon="15.813770"></trkpt><trkpt lat="53.052970" lon="15.816570"></trkpt><trkpt lat="53.057810" lon="15.827910"></trkpt><trkpt lat="53.067390" lon="15.844940"></trkpt><trkpt lat="53.074070" lon="15.852400"></trkpt><trkpt lat="53.082680" lon="15.861910"></trkpt><trkpt lat="53.088910" lon="15.868360"></trkpt><trkpt lat="53.094440" lon="15.878700"></trkpt><trkpt lat="53.109790" lon="15.885630"></trkpt><trkpt lat="53.111950" lon="15.897200"></trkpt><trkpt lat="53.125110" lon="15.901420"></trkpt><trkpt lat="53.132120" lon="15.907610"></trkpt><trkpt lat="53.138550" lon="15.917020"></trkpt><trkpt lat="53.151190" lon="15.922960"></trkpt><trkpt lat="53.158870" lon="15.931790"></trkpt><trkpt lat="53.168640" lon="15.934370"></trkpt><trkpt lat="53.178590" lon="15.944570"></trkpt><trkpt lat="53.185710" lon="15.957450"></trkpt><trkpt lat="53.197720" lon="15.963860"></trkpt><trkpt lat="53.203280" lon="15.975310"></trkpt><trkpt lat="53.211880" lon="15.981470"></trkpt><trkpt lat="53.219830" lon="15.990770"></trkpt><trkpt lat="53.226520" lon="16.000030"></trkpt><trkpt lat="53.232140" lon="16.010110"></trkpt><trkpt lat="53.239030" lon="16.016130"></trkpt><trkpt lat="53.239470" lon="15.995920"></trkpt><trkpt lat="53.250330" lon="15.997780"></trkpt><trkpt lat="53.272090" lon="16.006890"></trkpt><trkpt lat="53.281240" lon="16.014580"></trkpt><trkpt lat="53.288450" lon="16.024960"></trkpt><trkpt lat="53.293180" lon="16.038720"></trkpt><trkpt lat="53.311260" lon="16.045420"></trkpt><trkpt lat="53.323060" lon="16.054870"></trkpt><trkpt lat="53.338650" lon="16.061650"></trkpt><trkpt lat="53.351940" lon="16.070130"></trkpt><trkpt lat="53.357190" lon="16.080920"></trkpt><trkpt lat="53.363920" lon="16.099020"></trkpt><trkpt lat="53.371530" lon="16.123520"></trkpt><trkpt lat="53.373510" lon="16.111410"></trkpt><trkpt lat="53.367740" lon="16.103320"></trkpt><trkpt lat="53.360040" lon="16.108430"></trkpt><trkpt lat="53.366620" lon="16.089000"></trkpt><trkpt lat="53.357530" lon="16.095190"></trkpt><trkpt lat="53.354440" lon="16.083180"></trkpt><trkpt lat="53.359010" lon="16.095550"></trkpt><trkpt lat="53.370590" lon="16.092970"></trkpt><trkpt lat="53.381190" lon="16.090090"></trkpt><trkpt lat="53.390210" lon="16.098670"></trkpt><trkpt lat="53.397680" lon="16.097750"></trkpt><trkpt lat="53.379540" lon="16.099840"></trkpt><trkpt lat="53.344590" lon="16.096380"></trkpt><trkpt lat="53.331240" lon="16.099460"></trkpt><trkpt lat="53.340010" lon="16.114210"></trkpt><trkpt lat="53.338290" lon="16.096790"></trkpt><trkpt lat="53.346400" lon="16.102860"></trkpt><trkpt lat="53.355330" lon="16.107730"></trkpt><trkpt lat="53.363960" lon="16.117040"></trkpt><trkpt lat="53.370570" lon="16.128480"></trkpt><trkpt lat="53.380360" lon="16.154650"></trkpt><trkpt lat="53.429040" lon="16.154950"></trkpt><trkpt lat="53.435280" lon="16.161660"></trkpt><trkpt lat="53.442650" lon="16.156390"></trkpt><trkpt lat="53.431790" lon="16.162720"></trkpt><trkpt lat="53.440110" lon="16.149660"></trkpt><trkpt lat="53.448900" lon="16.146300"></trkpt><trkpt lat="53.442090" lon="16.140590"></trkpt><trkpt lat="53.451850" lon="16.140900"></trkpt><trkpt lat="53.459240" lon="16.146750"></trkpt><trkpt lat="53.447340" lon="16.155190"></trkpt><trkpt lat="53.454920" lon="16.155620"></trkpt><trkpt lat="53.462290" lon="16.163330"></trkpt><trkpt lat="53.469420" lon="16.172830"></trkpt><trkpt lat="53.474150" lon="16.188700"></trkpt><trkpt lat="53.467930" lon="16.179040"></trkpt><trkpt lat="53.460010" lon="16.171700"></trkpt><trkpt lat="53.463730" lon="16.161340"></trkpt><trkpt lat="53.471780" lon="16.175290"></trkpt><trkpt lat="53.478380" lon="16.187250"></trkpt><trkpt lat="53.487510" lon="16.166440"></trkpt><trkpt lat="53.492230" lon="16.182560"></trkpt><trkpt lat="53.500240" lon="16.182220"></trkpt><trkpt lat="53.506480" lon="16.194160"></trkpt><trkpt lat="53.513580" lon="16.199680"></trkpt><trkpt lat="53.519860" lon="16.207210"></trkpt><trkpt lat="53.526800" lon="16.215690"></trkpt><trkpt lat="53.531800" lon="16.227350"></trkpt><trkpt lat="53.538010" lon="16.238520"></trkpt><trkpt lat="53.543020" lon="16.248020"></trkpt><trkpt lat="53.551370" lon="16.255810"></trkpt><trkpt lat="53.558050" lon="16.271670"></trkpt><trkpt lat="53.565900" lon="16.282620"></trkpt><trkpt lat="53.575480" lon="16.290900"></trkpt><trkpt lat="53.589880" lon="16.293970"></trkpt><trkpt lat="53.599440" lon="16.299160"></trkpt><trkpt lat="53.600310" lon="16.314530"></trkpt><trkpt lat="53.608010" lon="16.321460"></trkpt><trkpt lat="53.615040" lon="16.328810"></trkpt><trkpt lat="53.624220" lon="16.323510"></trkpt><trkpt lat="53.616880" lon="16.331460"></trkpt><trkpt lat="53.622410" lon="16.340420"></trkpt><trkpt lat="53.615220" lon="16.374330"></trkpt><trkpt lat="53.579270" lon="16.373910"></trkpt><trkpt lat="53.587120" lon="16.380890"></trkpt><trkpt lat="53.593500" lon="16.388510"></trkpt><trkpt lat="53.592650" lon="16.402890"></trkpt><trkpt lat="53.602410" lon="16.408960"></trkpt><trkpt lat="53.607370" lon="16.421870"></trkpt><trkpt lat="53.608910" lon="16.438080"></trkpt><trkpt lat="53.612010" lon="16.452580"></trkpt><trkpt lat="53.619430" lon="16.459630"></trkpt><trkpt lat="53.629640" lon="16.464160"></trkpt><trkpt lat="53.638460" lon="16.473280"></trkpt><trkpt lat="53.650130" lon="16.478010"></trkpt><trkpt lat="53.660650" lon="16.485670"></trkpt><trkpt lat="53.673350" lon="16.497780"></trkpt><trkpt lat="53.677030" lon="16.508540"></trkpt><trkpt lat="53.681800" lon="16.520910"></trkpt><trkpt lat="53.689720" lon="16.525330"></trkpt><trkpt lat="53.695900" lon="16.534800"></trkpt><trkpt lat="53.705340" lon="16.538370"></trkpt><trkpt lat="53.715960" lon="16.550870"></trkpt><trkpt lat="53.724100" lon="16.561320"></trkpt><trkpt lat="53.734660" lon="16.572810"></trkpt><trkpt lat="53.743390" lon="16.581950"></trkpt><trkpt lat="53.749740" lon="16.591450"></trkpt><trkpt lat="53.757540" lon="16.599200"></trkpt><trkpt lat="53.764650" lon="16.603740"></trkpt><trkpt lat="53.758020" lon="16.596440"></trkpt><trkpt lat="53.766340" lon="16.604730"></trkpt><trkpt lat="53.774110" lon="16.616180"></trkpt><trkpt lat="53.790220" lon="16.631310"></trkpt><trkpt lat="53.773290" lon="16.626790"></trkpt><trkpt lat="53.766270" lon="16.620000"></trkpt><trkpt lat="53.758250" lon="16.612410"></trkpt><trkpt lat="53.768480" lon="16.608110"></trkpt><trkpt lat="53.740390" lon="16.618570"></trkpt><trkpt lat="53.738220" lon="16.634710"></trkpt><trkpt lat="53.744790" lon="16.621550"></trkpt><trkpt lat="53.753630" lon="16.631840"></trkpt><trkpt lat="53.762400" lon="16.646190"></trkpt><trkpt lat="53.770950" lon="16.653980"></trkpt><trkpt lat="53.780190" lon="16.654980"></trkpt><trkpt lat="53.786400" lon="16.661930"></trkpt><trkpt lat="53.795350" lon="16.662590"></trkpt><trkpt lat="53.805630" lon="16.664960"></trkpt><trkpt lat="53.810070" lon="16.674950"></trkpt><trkpt lat="53.816280" lon="16.686510"></trkpt><trkpt lat="53.821670" lon="16.701750"></trkpt><trkpt lat="53.829110" lon="16.701820"></trkpt><trkpt lat="53.820650" lon="16.707890"></trkpt><trkpt lat="53.828000" lon="16.720200"></trkpt><trkpt lat="53.838540" lon="16.718010"></trkpt><trkpt lat="53.848570" lon="16.719090"></trkpt><trkpt lat="53.862110" lon="16.730190"></trkpt><trkpt lat="53.874320" lon="16.739700"></trkpt><trkpt lat="53.869220" lon="16.749870"></trkpt><trkpt lat="53.879610" lon="16.760530"></trkpt><trkpt lat="53.885220" lon="16.768190"></trkpt><trkpt lat="53.884880" lon="16.782510"></trkpt><trkpt lat="53.886260" lon="16.796720"></trkpt><trkpt lat="53.896360" lon="16.800840"></trkpt><trkpt lat="53.902520" lon="16.815500"></trkpt><trkpt lat="53.887770" lon="16.814230"></trkpt><trkpt lat="53.876390" lon="16.813850"></trkpt><trkpt lat="53.889550" lon="16.814040"></trkpt><trkpt lat="53.877770" lon="16.812470"></trkpt><trkpt lat="53.879940" lon="16.800810"></trkpt><trkpt lat="53.871390" lon="16.800270"></trkpt><trkpt lat="53.863820" lon="16.791860"></trkpt><trkpt lat="53.855750" lon="16.784420"></trkpt><trkpt lat="53.847380" lon="16.777900"></trkpt><trkpt lat="53.838820" lon="16.769320"></trkpt><trkpt lat="53.833270" lon="16.759200"></trkpt><trkpt lat="53.833270" lon="16.742840"></trkpt><trkpt lat="53.785700" lon="16.742850"></trkpt><trkpt lat="53.725430" lon="16.675560"></trkpt><trkpt lat="53.725440" lon="16.616160"></trkpt><trkpt lat="53.698580" lon="16.616170"></trkpt><trkpt lat="53.680450" lon="16.618260"></trkpt><trkpt lat="53.671890" lon="16.623950"></trkpt><trkpt lat="53.671890" lon="16.610740"></trkpt><trkpt lat="53.687620" lon="16.610740"></trkpt><trkpt lat="53.676940" lon="16.615530"></trkpt><trkpt lat="53.594610" lon="16.618870"></trkpt><trkpt lat="53.594620" lon="16.602990"></trkpt><trkpt lat="53.473920" lon="16.534320"></trkpt><trkpt lat="53.473940" lon="16.513460"></trkpt><trkpt lat="53.208280" lon="16.601640"></trkpt><trkpt lat="53.208310" lon="16.482670"></trkpt><trkpt lat="52.748520" lon="16.484030"></trkpt><trkpt lat="52.748540" lon="14.978220"></trkpt><trkpt lat="53.730250" lon="14.978310"></trkpt><trkpt lat="53.727000" lon="14.656490"></trkpt><trkpt lat="53.956170" lon="14.656520"></trkpt><trkpt lat="53.323790" lon="13.986950"></trkpt><trkpt lat="53.323850" lon="13.824380"></trkpt><trkpt lat="53.141990" lon="13.824410"></trkpt><trkpt lat="53.086460" lon="13.748840"></trkpt><trkpt lat="53.086460" lon="13.721040"></trkpt><trkpt lat="53.045490" lon="13.721050"></trkpt><trkpt lat="53.024350" lon="13.692640"></trkpt><trkpt lat="53.024350" lon="13.671620"></trkpt><trkpt lat="52.995860" lon="13.671620"></trkpt><trkpt lat="52.975710" lon="13.653500"></trkpt><trkpt lat="52.975720" lon="13.570590"></trkpt><trkpt lat="52.961020" lon="13.570600"></trkpt><trkpt lat="52.880840" lon="13.544470"></trkpt><trkpt lat="52.880840" lon="13.459190"></trkpt><trkpt lat="52.947460" lon="13.459200"></trkpt><trkpt lat="52.845770" lon="13.544030"></trkpt><trkpt lat="52.845780" lon="13.446790"></trkpt><trkpt lat="52.960580" lon="13.446790"></trkpt><trkpt lat="52.915130" lon="13.448250"></trkpt><trkpt lat="52.915130" lon="13.378760"></trkpt><trkpt lat="52.967450" lon="13.378780"></trkpt><trkpt lat="52.956580" lon="13.385140"></trkpt><trkpt lat="52.956580" lon="13.371880"></trkpt><trkpt lat="52.944040" lon="13.371080"></trkpt><trkpt lat="52.937090" lon="13.362230"></trkpt><trkpt lat="52.917630" lon="13.320370"></trkpt><trkpt lat="52.917640" lon="13.302620"></trkpt><trkpt lat="52.872490" lon="13.302620"></trkpt><trkpt lat="52.857290" lon="13.287510"></trkpt><trkpt lat="52.857290" lon="13.230470"></trkpt><trkpt lat="52.835590" lon="13.236840"></trkpt><trkpt lat="52.835590" lon="13.224160"></trkpt><trkpt lat="52.828140" lon="13.225880"></trkpt><trkpt lat="52.828140" lon="13.213790"></trkpt><trkpt lat="52.772070" lon="13.189070"></trkpt><trkpt lat="52.772080" lon="13.175720"></trkpt><trkpt lat="52.764610" lon="13.175720"></trkpt><trkpt lat="52.758600" lon="13.167310"></trkpt><trkpt lat="52.758600" lon="13.143160"></trkpt><trkpt lat="52.690450" lon="13.143160"></trkpt><trkpt lat="52.630250" lon="13.096550"></trkpt><trkpt lat="52.624080" lon="13.087560"></trkpt><trkpt lat="52.559110" lon="13.086280"></trkpt><trkpt lat="52.553270" lon="13.077710"></trkpt><trkpt lat="52.553270" lon="13.018610"></trkpt><trkpt lat="52.504860" lon="13.018620"></trkpt><trkpt lat="52.417270" lon="12.953430"></trkpt><trkpt lat="52.417280" lon="12.921130"></trkpt><trkpt lat="52.357140" lon="12.921130"></trkpt><trkpt lat="52.325450" lon="12.856090"></trkpt><trkpt lat="52.325460" lon="12.833550"></trkpt><trkpt lat="52.254620" lon="12.833560"></trkpt><trkpt lat="52.188840" lon="12.620470"></trkpt><trkpt lat="52.188860" lon="12.593860"></trkpt><trkpt lat="52.149370" lon="12.593870"></trkpt><trkpt lat="52.120730" lon="12.560300"></trkpt><trkpt lat="52.120730" lon="12.547620"></trkpt><trkpt lat="52.105880" lon="12.547620"></trkpt><trkpt lat="52.090600" lon="12.535380"></trkpt><trkpt lat="52.090600" lon="12.521300"></trkpt><trkpt lat="52.081580" lon="12.521300"></trkpt><trkpt lat="52.071920" lon="12.520600"></trkpt><trkpt lat="52.071920" lon="12.501790"></trkpt><trkpt lat="52.049910" lon="12.501790"></trkpt><trkpt lat="52.041670" lon="12.493100"></trkpt><trkpt lat="52.041670" lon="12.476760"></trkpt><trkpt lat="52.028390" lon="12.475560"></trkpt><trkpt lat="52.021690" lon="12.465530"></trkpt><trkpt lat="52.012360" lon="12.455800"></trkpt><trkpt lat="52.006780" lon="12.443150"></trkpt><trkpt lat="52.000480" lon="12.451760"></trkpt><trkpt lat="51.992960" lon="12.443460"></trkpt><trkpt lat="51.985660" lon="12.432740"></trkpt><trkpt lat="51.976750" lon="12.429620"></trkpt><trkpt lat="51.977600" lon="12.417060"></trkpt><trkpt lat="51.969250" lon="12.408350"></trkpt><trkpt lat="51.960890" lon="12.399910"></trkpt><trkpt lat="51.950870" lon="12.394010"></trkpt><trkpt lat="51.943730" lon="12.381240"></trkpt><trkpt lat="51.937730" lon="12.371330"></trkpt><trkpt lat="51.930440" lon="12.360600"></trkpt><trkpt lat="51.926620" lon="12.347720"></trkpt><trkpt lat="51.915020" lon="12.343220"></trkpt><trkpt lat="51.907950" lon="12.328120"></trkpt><trkpt lat="51.900090" lon="12.313910"></trkpt><trkpt lat="51.892430" lon="12.296460"></trkpt><trkpt lat="51.880830" lon="12.296650"></trkpt><trkpt lat="51.869100" lon="12.298460"></trkpt><trkpt lat="51.860450" lon="12.296310"></trkpt><trkpt lat="51.851990" lon="12.289390"></trkpt><trkpt lat="51.845130" lon="12.280920"></trkpt><trkpt lat="51.837200" lon="12.275910"></trkpt><trkpt lat="51.827080" lon="12.268800"></trkpt><trkpt lat="51.820350" lon="12.253200"></trkpt><trkpt lat="51.810560" lon="12.244610"></trkpt><trkpt lat="51.802460" lon="12.242710"></trkpt><trkpt lat="51.795130" lon="12.237550"></trkpt><trkpt lat="51.786630" lon="12.234970"></trkpt><trkpt lat="51.781540" lon="12.221870"></trkpt><trkpt lat="51.773680" lon="12.223270"></trkpt><trkpt lat="51.765430" lon="12.213730"></trkpt><trkpt lat="51.761500" lon="12.203430"></trkpt><trkpt lat="51.753640" lon="12.198000"></trkpt><trkpt lat="51.745850" lon="12.202190"></trkpt><trkpt lat="51.734430" lon="12.201170"></trkpt><trkpt lat="51.727400" lon="12.194180"></trkpt><trkpt lat="51.722230" lon="12.180010"></trkpt><trkpt lat="51.723170" lon="12.165470"></trkpt><trkpt lat="51.720310" lon="12.151940"></trkpt><trkpt lat="51.713700" lon="12.143760"></trkpt><trkpt lat="51.705840" lon="12.135120"></trkpt><trkpt lat="51.697470" lon="12.128960"></trkpt><trkpt lat="51.691160" lon="12.122390"></trkpt><trkpt lat="51.684790" lon="12.115990"></trkpt><trkpt lat="51.675860" lon="12.109800"></trkpt><trkpt lat="51.667250" lon="12.108400"></trkpt><trkpt lat="51.660440" lon="12.103650"></trkpt><trkpt lat="51.652560" lon="12.101690"></trkpt><trkpt lat="51.645150" lon="12.101150"></trkpt><trkpt lat="51.652030" lon="12.095150"></trkpt><trkpt lat="51.643990" lon="12.094820"></trkpt><trkpt lat="51.636210" lon="12.103400"></trkpt><trkpt lat="51.629100" lon="12.098530"></trkpt><trkpt lat="51.614740" lon="12.096720"></trkpt><trkpt lat="51.605990" lon="12.094220"></trkpt><trkpt lat="51.600540" lon="12.078890"></trkpt><trkpt lat="51.590740" lon="12.076700"></trkpt><trkpt lat="51.586790" lon="12.066650"></trkpt><trkpt lat="51.576820" lon="12.058470"></trkpt><trkpt lat="51.571140" lon="12.048010"></trkpt><trkpt lat="51.567270" lon="12.036020"></trkpt><trkpt lat="51.563020" lon="12.025020"></trkpt><trkpt lat="51.556390" lon="12.012560"></trkpt><trkpt lat="51.550000" lon="12.001830"></trkpt><trkpt lat="51.538430" lon="12.000430"></trkpt><trkpt lat="51.528740" lon="11.997750"></trkpt><trkpt lat="51.520620" lon="11.991590"></trkpt><trkpt lat="51.512680" lon="11.984460"></trkpt><trkpt lat="51.510330" lon="11.971890"></trkpt><trkpt lat="51.504680" lon="11.963250"></trkpt><trkpt lat="51.498410" lon="11.978780"></trkpt><trkpt lat="51.491340" lon="11.974970"></trkpt><trkpt lat="51.500250" lon="11.970810"></trkpt><trkpt lat="51.492300" lon="11.963740"></trkpt><trkpt lat="51.483060" lon="11.955900"></trkpt><trkpt lat="51.476020" lon="11.948520"></trkpt><trkpt lat="51.469610" lon="11.940990"></trkpt><trkpt lat="51.459720" lon="11.936430"></trkpt><trkpt lat="51.466860" lon="11.941700"></trkpt><trkpt lat="51.461310" lon="11.950040"></trkpt><trkpt lat="51.468550" lon="11.954840"></trkpt><trkpt lat="51.466840" lon="11.967950"></trkpt><trkpt lat="51.477230" lon="11.969050"></trkpt><trkpt lat="51.470570" lon="11.975460"></trkpt><trkpt lat="51.472410" lon="11.962820"></trkpt><trkpt lat="51.481170" lon="11.955280"></trkpt><trkpt lat="51.478520" lon="11.943630"></trkpt><trkpt lat="51.482740" lon="11.954990"></trkpt><trkpt lat="51.473600" lon="11.952160"></trkpt><trkpt lat="51.455670" lon="11.949380"></trkpt><trkpt lat="51.447160" lon="11.951340"></trkpt><trkpt lat="51.456790" lon="11.960400"></trkpt><trkpt lat="51.456540" lon="11.941190"></trkpt><trkpt lat="51.457960" lon="11.963500"></trkpt><trkpt lat="51.465170" lon="11.972830"></trkpt><trkpt lat="51.456340" lon="11.973960"></trkpt><trkpt lat="51.449040" lon="11.973000"></trkpt><trkpt lat="51.448200" lon="11.961300"></trkpt><trkpt lat="51.461840" lon="11.962830"></trkpt><trkpt lat="51.450890" lon="11.966490"></trkpt><trkpt lat="51.460940" lon="11.964980"></trkpt><trkpt lat="51.458830" lon="11.950940"></trkpt><trkpt lat="51.452010" lon="11.932300"></trkpt><trkpt lat="51.445350" lon="11.947970"></trkpt><trkpt lat="51.444890" lon="11.934230"></trkpt><trkpt lat="51.453280" lon="11.940920"></trkpt><trkpt lat="51.446180" lon="11.950680"></trkpt><trkpt lat="51.465680" lon="11.948590"></trkpt><trkpt lat="51.453840" lon="11.949200"></trkpt><trkpt lat="51.451380" lon="11.930820"></trkpt><trkpt lat="51.440770" lon="11.927140"></trkpt><trkpt lat="51.437270" lon="11.916540"></trkpt><trkpt lat="51.430390" lon="11.911140"></trkpt><trkpt lat="51.421960" lon="11.905080"></trkpt><trkpt lat="51.415360" lon="11.899930"></trkpt><trkpt lat="51.407750" lon="11.891080"></trkpt><trkpt lat="51.404830" lon="11.880530"></trkpt><trkpt lat="51.397440" lon="11.877990"></trkpt><trkpt lat="51.404620" lon="11.875130"></trkpt><trkpt lat="51.381720" lon="11.855560"></trkpt><trkpt lat="51.373530" lon="11.850100"></trkpt><trkpt lat="51.371220" lon="11.838740"></trkpt><trkpt lat="51.363110" lon="11.832720"></trkpt><trkpt lat="51.372580" lon="11.830610"></trkpt><trkpt lat="51.363210" lon="11.822910"></trkpt><trkpt lat="51.360370" lon="11.812080"></trkpt><trkpt lat="51.342700" lon="11.802910"></trkpt><trkpt lat="51.334510" lon="11.805520"></trkpt><trkpt lat="51.327320" lon="11.810200"></trkpt><trkpt lat="51.318320" lon="11.807370"></trkpt><trkpt lat="51.311170" lon="11.810530"></trkpt><trkpt lat="51.304050" lon="11.808800"></trkpt><trkpt lat="51.294450" lon="11.801300"></trkpt><trkpt lat="51.285350" lon="11.800080"></trkpt><trkpt lat="51.283480" lon="11.783520"></trkpt><trkpt lat="51.276240" lon="11.782730"></trkpt><trkpt lat="51.267930" lon="11.773680"></trkpt><trkpt lat="51.255220" lon="11.756510"></trkpt><trkpt lat="51.248530" lon="11.745730"></trkpt><trkpt lat="51.238830" lon="11.742340"></trkpt><trkpt lat="51.236520" lon="11.716910"></trkpt><trkpt lat="51.206710" lon="11.708090"></trkpt><trkpt lat="51.194890" lon="11.689740"></trkpt><trkpt lat="51.188010" lon="11.681800"></trkpt><trkpt lat="51.177510" lon="11.680100"></trkpt><trkpt lat="51.172150" lon="11.671340"></trkpt><trkpt lat="51.148860" lon="11.669860"></trkpt><trkpt lat="51.144960" lon="11.658900"></trkpt><trkpt lat="51.135670" lon="11.654290"></trkpt><trkpt lat="51.127330" lon="11.647700"></trkpt><trkpt lat="51.116470" lon="11.634550"></trkpt><trkpt lat="51.108510" lon="11.625670"></trkpt><trkpt lat="51.108300" lon="11.612170"></trkpt><trkpt lat="51.097250" lon="11.612080"></trkpt><trkpt lat="51.085500" lon="11.590810"></trkpt><trkpt lat="51.095720" lon="11.589520"></trkpt><trkpt lat="51.091260" lon="11.577340"></trkpt><trkpt lat="51.083760" lon="11.571490"></trkpt><trkpt lat="51.066730" lon="11.570920"></trkpt><trkpt lat="51.063490" lon="11.558190"></trkpt><trkpt lat="51.056620" lon="11.553380"></trkpt><trkpt lat="51.053120" lon="11.534620"></trkpt><trkpt lat="51.038210" lon="11.530790"></trkpt><trkpt lat="51.028920" lon="11.526840"></trkpt><trkpt lat="51.020630" lon="11.519150"></trkpt><trkpt lat="51.007180" lon="11.512690"></trkpt><trkpt lat="50.985180" lon="11.508950"></trkpt><trkpt lat="50.976660" lon="11.502320"></trkpt><trkpt lat="50.970650" lon="11.492630"></trkpt><trkpt lat="50.966670" lon="11.482400"></trkpt><trkpt lat="50.959590" lon="11.472970"></trkpt><trkpt lat="50.946800" lon="11.476520"></trkpt><trkpt lat="50.938080" lon="11.472320"></trkpt><trkpt lat="50.934360" lon="11.461220"></trkpt><trkpt lat="50.923780" lon="11.467790"></trkpt><trkpt lat="50.912890" lon="11.470460"></trkpt><trkpt lat="50.918000" lon="11.460070"></trkpt><trkpt lat="50.926320" lon="11.463160"></trkpt><trkpt lat="50.914190" lon="11.472960"></trkpt><trkpt lat="50.923240" lon="11.473410"></trkpt><trkpt lat="50.914570" lon="11.473810"></trkpt><trkpt lat="50.924140" lon="11.468380"></trkpt><trkpt lat="50.914080" lon="11.468660"></trkpt><trkpt lat="50.922890" lon="11.463630"></trkpt><trkpt lat="50.915530" lon="11.456340"></trkpt><trkpt lat="50.921800" lon="11.464560"></trkpt><trkpt lat="50.932130" lon="11.464730"></trkpt><trkpt lat="50.922420" lon="11.464940"></trkpt><trkpt lat="50.910300" lon="11.463600"></trkpt><trkpt lat="50.902730" lon="11.465190"></trkpt><trkpt lat="50.912630" lon="11.464530"></trkpt><trkpt lat="50.904010" lon="11.465070"></trkpt><trkpt lat="50.895690" lon="11.457410"></trkpt><trkpt lat="50.888960" lon="11.445830"></trkpt><trkpt lat="50.881000" lon="11.436000"></trkpt><trkpt lat="50.875990" lon="11.424650"></trkpt><trkpt lat="50.870330" lon="11.416350"></trkpt><trkpt lat="50.863870" lon="11.406700"></trkpt><trkpt lat="50.857490" lon="11.396140"></trkpt><trkpt lat="50.858280" lon="11.408610"></trkpt><trkpt lat="50.849810" lon="11.409360"></trkpt><trkpt lat="50.857890" lon="11.410640"></trkpt><trkpt lat="50.863530" lon="11.420430"></trkpt><trkpt lat="50.853250" lon="11.421960"></trkpt><trkpt lat="50.845220" lon="11.409290"></trkpt><trkpt lat="50.837640" lon="11.406130"></trkpt><trkpt lat="50.829960" lon="11.407900"></trkpt><trkpt lat="50.822690" lon="11.408050"></trkpt><trkpt lat="50.831880" lon="11.409740"></trkpt><trkpt lat="50.834940" lon="11.398630"></trkpt><trkpt lat="50.842970" lon="11.408920"></trkpt><trkpt lat="50.855010" lon="11.421050"></trkpt><trkpt lat="50.862430" lon="11.426510"></trkpt><trkpt lat="50.869690" lon="11.436110"></trkpt><trkpt lat="50.877130" lon="11.444760"></trkpt><trkpt lat="50.880060" lon="11.457060"></trkpt><trkpt lat="50.892110" lon="11.457840"></trkpt><trkpt lat="50.901750" lon="11.467720"></trkpt><trkpt lat="50.907230" lon="11.475470"></trkpt><trkpt lat="50.899210" lon="11.484600"></trkpt><trkpt lat="50.903270" lon="11.473780"></trkpt><trkpt lat="50.887820" lon="11.483970"></trkpt><trkpt lat="50.891230" lon="11.470490"></trkpt><trkpt lat="50.885920" lon="11.482310"></trkpt><trkpt lat="50.892710" lon="11.494420"></trkpt><trkpt lat="50.885890" lon="11.487630"></trkpt><trkpt lat="50.892960" lon="11.483060"></trkpt><trkpt lat="50.894380" lon="11.466710"></trkpt><trkpt lat="50.902590" lon="11.471920"></trkpt><trkpt lat="50.910850" lon="11.473530"></trkpt><trkpt lat="50.918710" lon="11.486710"></trkpt><trkpt lat="50.910470" lon="11.489930"></trkpt><trkpt lat="50.899610" lon="11.480330"></trkpt><trkpt lat="50.907350" lon="11.482770"></trkpt><trkpt lat="50.902850" lon="11.499410"></trkpt><trkpt lat="50.890750" lon="11.494710"></trkpt><trkpt lat="50.885300" lon="11.484980"></trkpt><trkpt lat="50.878040" lon="11.481170"></trkpt><trkpt lat="50.867830" lon="11.468200"></trkpt><trkpt lat="50.859980" lon="11.459830"></trkpt><trkpt lat="50.852030" lon="11.450860"></trkpt><trkpt lat="50.840160" lon="11.447100"></trkpt><trkpt lat="50.830890" lon="11.446130"></trkpt><trkpt lat="50.838240" lon="11.438450"></trkpt><trkpt lat="50.835320" lon="11.455360"></trkpt><trkpt lat="50.827020" lon="11.444910"></trkpt><trkpt lat="50.818960" lon="11.435530"></trkpt><trkpt lat="50.806850" lon="11.431740"></trkpt><trkpt lat="50.800020" lon="11.420530"></trkpt><trkpt lat="50.794800" lon="11.406340"></trkpt><trkpt lat="50.784400" lon="11.411070"></trkpt><trkpt lat="50.771170" lon="11.406060"></trkpt><trkpt lat="50.780750" lon="11.404730"></trkpt><trkpt lat="50.769000" lon="11.404920"></trkpt><trkpt lat="50.763600" lon="11.393300"></trkpt><trkpt lat="50.753950" lon="11.392180"></trkpt><trkpt lat="50.765500" lon="11.385610"></trkpt><trkpt lat="50.748390" lon="11.390700"></trkpt><trkpt lat="50.743200" lon="11.379360"></trkpt><trkpt lat="50.734170" lon="11.371580"></trkpt><trkpt lat="50.726770" lon="11.372200"></trkpt><trkpt lat="50.722510" lon="11.361560"></trkpt><trkpt lat="50.710590" lon="11.358220"></trkpt><trkpt lat="50.697170" lon="11.361810"></trkpt><trkpt lat="50.692040" lon="11.353000"></trkpt><trkpt lat="50.682690" lon="11.350530"></trkpt><trkpt lat="50.677400" lon="11.337200"></trkpt><trkpt lat="50.665000" lon="11.332940"></trkpt><trkpt lat="50.657800" lon="11.324850"></trkpt><trkpt lat="50.651580" lon="11.314880"></trkpt><trkpt lat="50.661890" lon="11.322390"></trkpt><trkpt lat="50.650860" lon="11.317400"></trkpt><trkpt lat="50.643060" lon="11.304830"></trkpt><trkpt lat="50.640980" lon="11.287610"></trkpt><trkpt lat="50.633750" lon="11.280880"></trkpt><trkpt lat="50.625420" lon="11.279750"></trkpt><trkpt lat="50.618390" lon="11.271210"></trkpt><trkpt lat="50.615110" lon="11.255210"></trkpt><trkpt lat="50.600850" lon="11.252500"></trkpt><trkpt lat="50.592580" lon="11.241570"></trkpt><trkpt lat="50.587640" lon="11.230570"></trkpt><trkpt lat="50.578960" lon="11.221990"></trkpt><trkpt lat="50.575770" lon="11.209730"></trkpt><trkpt lat="50.569810" lon="11.199380"></trkpt><trkpt lat="50.565320" lon="11.212440"></trkpt><trkpt lat="50.572680" lon="11.209940"></trkpt><trkpt lat="50.569140" lon="11.245840"></trkpt><trkpt lat="50.561950" lon="11.241830"></trkpt><trkpt lat="50.540710" lon="11.237410"></trkpt><trkpt lat="50.533330" lon="11.229880"></trkpt><trkpt lat="50.520170" lon="11.232060"></trkpt><trkpt lat="50.478190" lon="11.231130"></trkpt><trkpt lat="50.468370" lon="11.229300"></trkpt><trkpt lat="50.458750" lon="11.219590"></trkpt><trkpt lat="50.448740" lon="11.215860"></trkpt><trkpt lat="50.439650" lon="11.216160"></trkpt><trkpt lat="50.432180" lon="11.209370"></trkpt><trkpt lat="50.423810" lon="11.207260"></trkpt><trkpt lat="50.417820" lon="11.195010"></trkpt><trkpt lat="50.411340" lon="11.188590"></trkpt><trkpt lat="50.413140" lon="11.173430"></trkpt><trkpt lat="50.402270" lon="11.173700"></trkpt><trkpt lat="50.373550" lon="11.174590"></trkpt><trkpt lat="50.354510" lon="11.160830"></trkpt><trkpt lat="50.376200" lon="11.160900"></trkpt><trkpt lat="50.368690" lon="11.155740"></trkpt><trkpt lat="50.359350" lon="11.152400"></trkpt><trkpt lat="50.369370" lon="11.148950"></trkpt><trkpt lat="50.373440" lon="11.180160"></trkpt><trkpt lat="50.383930" lon="11.167100"></trkpt><trkpt lat="50.376260" lon="11.174180"></trkpt><trkpt lat="50.360670" lon="11.165340"></trkpt><trkpt lat="50.352410" lon="11.151780"></trkpt><trkpt lat="50.340690" lon="11.121430"></trkpt><trkpt lat="50.327550" lon="11.116510"></trkpt><trkpt lat="50.317020" lon="11.110020"></trkpt><trkpt lat="50.313610" lon="11.098970"></trkpt><trkpt lat="50.285370" lon="11.092360"></trkpt><trkpt lat="50.279490" lon="11.078520"></trkpt><trkpt lat="50.266500" lon="11.075760"></trkpt><trkpt lat="50.265790" lon="11.060840"></trkpt><trkpt lat="50.289500" lon="11.057200"></trkpt><trkpt lat="50.285690" lon="11.044650"></trkpt><trkpt lat="50.273860" lon="11.038530"></trkpt><trkpt lat="50.268290" lon="11.025010"></trkpt><trkpt lat="50.297120" lon="11.024690"></trkpt><trkpt lat="50.313170" lon="11.027580"></trkpt><trkpt lat="50.318890" lon="11.035420"></trkpt><trkpt lat="50.320660" lon="11.049720"></trkpt><trkpt lat="50.324700" lon="11.063730"></trkpt><trkpt lat="50.312540" lon="11.052610"></trkpt><trkpt lat="50.371630" lon="11.052010"></trkpt><trkpt lat="50.364240" lon="11.031540"></trkpt><trkpt lat="50.350440" lon="11.005730"></trkpt><trkpt lat="50.325490" lon="10.999880"></trkpt><trkpt lat="50.320260" lon="10.991910"></trkpt><trkpt lat="50.312600" lon="10.980730"></trkpt><trkpt lat="50.307970" lon="10.971330"></trkpt><trkpt lat="50.299110" lon="10.963240"></trkpt><trkpt lat="50.281920" lon="10.957600"></trkpt><trkpt lat="50.276710" lon="10.948750"></trkpt><trkpt lat="50.266680" lon="10.960850"></trkpt><trkpt lat="50.252020" lon="10.939500"></trkpt><trkpt lat="50.156920" lon="10.938570"></trkpt><trkpt lat="50.150570" lon="10.931440"></trkpt><trkpt lat="50.141660" lon="10.924830"></trkpt><trkpt lat="50.118140" lon="10.924180"></trkpt><trkpt lat="50.106490" lon="10.917430"></trkpt><trkpt lat="50.098520" lon="10.909910"></trkpt><trkpt lat="50.083530" lon="10.892820"></trkpt><trkpt lat="50.075890" lon="10.879400"></trkpt><trkpt lat="50.083200" lon="10.887970"></trkpt><trkpt lat="50.084510" lon="10.899840"></trkpt><trkpt lat="50.105650" lon="10.899330"></trkpt><trkpt lat="50.120500" lon="10.902440"></trkpt><trkpt lat="50.120760" lon="10.917450"></trkpt><trkpt lat="50.128280" lon="10.923380"></trkpt><trkpt lat="50.122290" lon="10.910780"></trkpt><trkpt lat="50.095420" lon="10.910280"></trkpt><trkpt lat="50.089370" lon="10.892050"></trkpt><trkpt lat="50.072620" lon="10.853230"></trkpt><trkpt lat="50.066420" lon="10.841760"></trkpt><trkpt lat="50.061720" lon="10.828980"></trkpt><trkpt lat="50.054240" lon="10.796510"></trkpt><trkpt lat="50.033110" lon="10.791610"></trkpt><trkpt lat="50.044440" lon="10.793040"></trkpt><trkpt lat="50.050550" lon="10.806050"></trkpt><trkpt lat="50.043460" lon="10.811810"></trkpt><trkpt lat="50.069980" lon="10.808860"></trkpt><trkpt lat="50.077690" lon="10.815070"></trkpt><trkpt lat="50.089110" lon="10.815800"></trkpt><trkpt lat="50.079750" lon="10.825690"></trkpt><trkpt lat="50.096010" lon="10.824980"></trkpt><trkpt lat="50.089330" lon="10.819620"></trkpt><trkpt lat="50.076380" lon="10.808550"></trkpt><trkpt lat="50.072150" lon="10.791070"></trkpt><trkpt lat="50.080220" lon="10.794200"></trkpt><trkpt lat="50.077410" lon="10.811610"></trkpt><trkpt lat="50.090490" lon="10.812830"></trkpt><trkpt lat="50.100940" lon="10.817430"></trkpt><trkpt lat="50.095210" lon="10.808020"></trkpt><trkpt lat="50.089560" lon="10.797120"></trkpt><trkpt lat="50.073140" lon="10.794410"></trkpt><trkpt lat="50.050870" lon="10.793850"></trkpt><trkpt lat="50.056560" lon="10.805950"></trkpt><trkpt lat="50.074880" lon="10.807140"></trkpt><trkpt lat="50.066100" lon="10.820120"></trkpt><trkpt lat="50.054250" lon="10.818760"></trkpt><trkpt lat="50.022370" lon="10.808550"></trkpt><trkpt lat="50.023150" lon="10.794850"></trkpt><trkpt lat="50.034490" lon="10.801370"></trkpt><trkpt lat="50.023070" lon="10.793600"></trkpt><trkpt lat="50.063070" lon="10.792960"></trkpt><trkpt lat="50.056380" lon="10.786410"></trkpt><trkpt lat="50.048110" lon="10.780510"></trkpt><trkpt lat="50.042200" lon="10.769320"></trkpt><trkpt lat="50.038340" lon="10.748560"></trkpt><trkpt lat="50.031510" lon="10.740110"></trkpt><trkpt lat="50.011810" lon="10.735050"></trkpt><trkpt lat="50.002030" lon="10.736930"></trkpt><trkpt lat="50.010240" lon="10.738050"></trkpt><trkpt lat="50.032550" lon="10.741760"></trkpt><trkpt lat="50.038580" lon="10.748640"></trkpt><trkpt lat="50.052910" lon="10.752420"></trkpt><trkpt lat="50.068870" lon="10.757880"></trkpt><trkpt lat="50.077080" lon="10.773060"></trkpt><trkpt lat="50.084840" lon="10.775310"></trkpt><trkpt lat="50.104280" lon="10.784320"></trkpt><trkpt lat="50.115240" lon="10.792100"></trkpt><trkpt lat="50.122900" lon="10.798070"></trkpt><trkpt lat="50.131980" lon="10.788080"></trkpt><trkpt lat="50.142110" lon="10.791400"></trkpt><trkpt lat="50.132490" lon="10.798560"></trkpt><trkpt lat="50.094870" lon="10.797930"></trkpt><trkpt lat="50.084190" lon="10.789360"></trkpt><trkpt lat="50.081700" lon="10.775960"></trkpt><trkpt lat="50.080330" lon="10.750270"></trkpt><trkpt lat="50.076810" lon="10.733200"></trkpt><trkpt lat="50.064590" lon="10.725270"></trkpt><trkpt lat="50.074130" lon="10.723310"></trkpt><trkpt lat="50.066560" lon="10.723920"></trkpt><trkpt lat="50.077410" lon="10.721410"></trkpt><trkpt lat="50.086340" lon="10.729670"></trkpt><trkpt lat="50.097090" lon="10.729390"></trkpt><trkpt lat="50.104980" lon="10.727570"></trkpt><trkpt lat="50.112240" lon="10.739560"></trkpt><trkpt lat="50.116980" lon="10.750450"></trkpt><trkpt lat="50.124630" lon="10.758030"></trkpt><trkpt lat="50.131960" lon="10.761200"></trkpt><trkpt lat="50.141170" lon="10.754780"></trkpt><trkpt lat="50.133940" lon="10.740290"></trkpt><trkpt lat="50.118400" lon="10.735830"></trkpt><trkpt lat="50.111510" lon="10.731070"></trkpt><trkpt lat="50.053490" lon="10.727170"></trkpt><trkpt lat="50.027750" lon="10.720620"></trkpt><trkpt lat="49.996230" lon="10.712310"></trkpt><trkpt lat="49.980950" lon="10.709310"></trkpt><trkpt lat="49.974470" lon="10.702860"></trkpt><trkpt lat="49.967990" lon="10.691810"></trkpt><trkpt lat="49.959630" lon="10.688990"></trkpt><trkpt lat="49.968040" lon="10.695700"></trkpt><trkpt lat="49.978530" lon="10.700960"></trkpt><trkpt lat="49.986540" lon="10.708650"></trkpt><trkpt lat="49.989620" lon="10.723220"></trkpt><trkpt lat="49.996760" lon="10.725460"></trkpt><trkpt lat="49.989030" lon="10.722660"></trkpt><trkpt lat="49.982020" lon="10.709200"></trkpt><trkpt lat="50.004590" lon="10.714550"></trkpt><trkpt lat="50.003590" lon="10.729290"></trkpt><trkpt lat="50.011180" lon="10.721700"></trkpt><trkpt lat="50.009240" lon="10.733700"></trkpt><trkpt lat="50.025560" lon="10.729700"></trkpt><trkpt lat="50.017640" lon="10.730350"></trkpt><trkpt lat="50.007360" lon="10.723210"></trkpt><trkpt lat="50.001490" lon="10.715930"></trkpt><trkpt lat="49.997070" lon="10.702140"></trkpt><trkpt lat="49.989670" lon="10.691760"></trkpt><trkpt lat="49.980780" lon="10.690660"></trkpt><trkpt lat="49.961640" lon="10.683250"></trkpt><trkpt lat="49.958700" lon="10.668450"></trkpt><trkpt lat="49.947600" lon="10.664180"></trkpt><trkpt lat="49.940910" lon="10.658530"></trkpt><trkpt lat="49.928720" lon="10.627940"></trkpt><trkpt lat="49.916780" lon="10.621120"></trkpt><trkpt lat="49.912130" lon="10.612580"></trkpt><trkpt lat="49.903940" lon="10.598480"></trkpt><trkpt lat="49.890940" lon="10.593750"></trkpt><trkpt lat="49.883570" lon="10.584650"></trkpt><trkpt lat="49.878910" lon="10.575160"></trkpt><trkpt lat="49.871950" lon="10.567530"></trkpt><trkpt lat="49.867140" lon="10.559120"></trkpt><trkpt lat="49.856600" lon="10.559130"></trkpt><trkpt lat="49.849570" lon="10.555660"></trkpt><trkpt lat="49.821080" lon="10.547870"></trkpt><trkpt lat="49.819960" lon="10.536520"></trkpt><trkpt lat="49.814440" lon="10.527400"></trkpt><trkpt lat="49.806120" lon="10.520240"></trkpt><trkpt lat="49.793880" lon="10.511310"></trkpt><trkpt lat="49.784180" lon="10.502710"></trkpt><trkpt lat="49.772030" lon="10.500030"></trkpt><trkpt lat="49.800670" lon="10.490800"></trkpt><trkpt lat="49.792780" lon="10.490880"></trkpt><trkpt lat="49.789350" lon="10.504650"></trkpt><trkpt lat="49.801510" lon="10.502420"></trkpt><trkpt lat="49.793390" lon="10.504870"></trkpt><trkpt lat="49.782440" lon="10.488670"></trkpt><trkpt lat="49.753920" lon="10.488100"></trkpt><trkpt lat="49.743140" lon="10.480460"></trkpt><trkpt lat="49.757550" lon="10.479840"></trkpt><trkpt lat="49.750930" lon="10.468450"></trkpt><trkpt lat="49.763590" lon="10.470250"></trkpt><trkpt lat="49.754920" lon="10.460010"></trkpt><trkpt lat="49.766260" lon="10.458750"></trkpt><trkpt lat="49.760170" lon="10.451180"></trkpt><trkpt lat="49.751010" lon="10.442000"></trkpt><trkpt lat="49.728840" lon="10.414730"></trkpt><trkpt lat="49.755380" lon="10.413130"></trkpt><trkpt lat="49.745450" lon="10.411720"></trkpt><trkpt lat="49.741430" lon="10.398830"></trkpt><trkpt lat="49.732930" lon="10.394390"></trkpt><trkpt lat="49.723710" lon="10.389240"></trkpt><trkpt lat="49.713650" lon="10.378510"></trkpt><trkpt lat="49.706280" lon="10.369110"></trkpt><trkpt lat="49.697300" lon="10.362420"></trkpt><trkpt lat="49.688100" lon="10.351260"></trkpt><trkpt lat="49.681190" lon="10.342410"></trkpt><trkpt lat="49.671880" lon="10.325120"></trkpt><trkpt lat="49.663470" lon="10.321080"></trkpt><trkpt lat="49.658760" lon="10.309390"></trkpt><trkpt lat="49.651380" lon="10.310070"></trkpt><trkpt lat="49.646150" lon="10.332640"></trkpt><trkpt lat="49.636640" lon="10.331460"></trkpt><trkpt lat="49.636510" lon="10.316970"></trkpt><trkpt lat="49.630060" lon="10.324910"></trkpt><trkpt lat="49.642120" lon="10.313490"></trkpt><trkpt lat="49.650740" lon="10.308750"></trkpt><trkpt lat="49.638310" lon="10.340240"></trkpt><trkpt lat="49.628240" lon="10.337160"></trkpt><trkpt lat="49.615970" lon="10.316360"></trkpt><trkpt lat="49.599270" lon="10.311060"></trkpt><trkpt lat="49.587700" lon="10.313950"></trkpt><trkpt lat="49.608360" lon="10.310900"></trkpt><trkpt lat="49.600140" lon="10.299060"></trkpt><trkpt lat="49.592760" lon="10.297620"></trkpt><trkpt lat="49.580050" lon="10.285660"></trkpt><trkpt lat="49.578440" lon="10.271040"></trkpt><trkpt lat="49.568720" lon="10.275610"></trkpt><trkpt lat="49.578180" lon="10.265860"></trkpt><trkpt lat="49.556600" lon="10.271970"></trkpt><trkpt lat="49.566110" lon="10.269320"></trkpt><trkpt lat="49.564600" lon="10.281420"></trkpt><trkpt lat="49.541990" lon="10.281440"></trkpt><trkpt lat="49.525340" lon="10.278230"></trkpt><trkpt lat="49.523390" lon="10.265530"></trkpt><trkpt lat="49.513210" lon="10.256760"></trkpt><trkpt lat="49.513250" lon="10.244840"></trkpt><trkpt lat="49.522580" lon="10.244900"></trkpt><trkpt lat="49.518710" lon="10.230170"></trkpt><trkpt lat="49.510210" lon="10.227470"></trkpt><trkpt lat="49.502320" lon="10.225510"></trkpt><trkpt lat="49.498450" lon="10.216130"></trkpt><trkpt lat="49.490830" lon="10.210930"></trkpt><trkpt lat="49.483490" lon="10.203980"></trkpt><trkpt lat="49.465970" lon="10.203140"></trkpt><trkpt lat="49.462850" lon="10.190940"></trkpt><trkpt lat="49.458710" lon="10.181240"></trkpt><trkpt lat="49.442710" lon="10.172270"></trkpt><trkpt lat="49.435290" lon="10.169740"></trkpt><trkpt lat="49.451470" lon="10.169260"></trkpt><trkpt lat="49.443310" lon="10.176280"></trkpt><trkpt lat="49.427980" lon="10.162730"></trkpt><trkpt lat="49.411890" lon="10.162240"></trkpt><trkpt lat="49.403030" lon="10.154940"></trkpt><trkpt lat="49.404270" lon="10.137850"></trkpt><trkpt lat="49.382700" lon="10.122180"></trkpt><trkpt lat="49.391620" lon="10.119600"></trkpt><trkpt lat="49.382530" lon="10.113500"></trkpt><trkpt lat="49.374500" lon="10.109110"></trkpt><trkpt lat="49.370540" lon="10.099610"></trkpt><trkpt lat="49.353500" lon="10.098260"></trkpt><trkpt lat="49.347030" lon="10.093080"></trkpt><trkpt lat="49.314270" lon="10.073610"></trkpt><trkpt lat="49.328480" lon="10.066140"></trkpt><trkpt lat="49.324560" lon="10.038980"></trkpt><trkpt lat="49.317730" lon="10.029660"></trkpt><trkpt lat="49.310420" lon="10.028510"></trkpt><trkpt lat="49.303640" lon="10.019200"></trkpt><trkpt lat="49.298730" lon="10.005680"></trkpt><trkpt lat="49.265120" lon="10.006380"></trkpt><trkpt lat="49.271670" lon="9.995610"></trkpt><trkpt lat="49.273530" lon="10.011550"></trkpt><trkpt lat="49.266160" lon="10.012850"></trkpt><trkpt lat="49.265070" lon="10.001740"></trkpt><trkpt lat="49.267000" lon="9.977550"></trkpt><trkpt lat="49.272600" lon="9.987730"></trkpt><trkpt lat="49.305110" lon="9.986730"></trkpt><trkpt lat="49.312480" lon="9.992830"></trkpt><trkpt lat="49.297920" lon="10.000810"></trkpt><trkpt lat="49.289880" lon="9.989370"></trkpt><trkpt lat="49.270620" lon="9.982230"></trkpt><trkpt lat="49.263300" lon="9.980680"></trkpt><trkpt lat="49.260320" lon="9.967320"></trkpt><trkpt lat="49.282990" lon="9.966780"></trkpt><trkpt lat="49.271490" lon="9.965220"></trkpt><trkpt lat="49.259600" lon="9.954760"></trkpt><trkpt lat="49.223470" lon="9.932420"></trkpt><trkpt lat="49.215900" lon="9.905240"></trkpt><trkpt lat="49.168420" lon="9.899820"></trkpt><trkpt lat="49.135860" lon="9.898670"></trkpt><trkpt lat="49.124980" lon="9.896830"></trkpt><trkpt lat="49.117660" lon="9.893700"></trkpt><trkpt lat="49.117730" lon="9.867720"></trkpt><trkpt lat="49.087350" lon="9.874930"></trkpt><trkpt lat="49.088520" lon="9.863770"></trkpt><trkpt lat="49.077070" lon="9.858190"></trkpt><trkpt lat="49.066510" lon="9.857070"></trkpt><trkpt lat="49.047800" lon="9.848560"></trkpt><trkpt lat="49.032620" lon="9.846960"></trkpt><trkpt lat="49.018980" lon="9.841460"></trkpt><trkpt lat="49.011070" lon="9.835360"></trkpt><trkpt lat="49.003530" lon="9.830560"></trkpt><trkpt lat="48.994830" lon="9.825860"></trkpt><trkpt lat="48.999750" lon="9.813660"></trkpt><trkpt lat="48.991600" lon="9.817120"></trkpt><trkpt lat="48.997490" lon="9.806060"></trkpt><trkpt lat="49.005170" lon="9.803680"></trkpt><trkpt lat="48.994400" lon="9.801780"></trkpt><trkpt lat="48.986480" lon="9.802820"></trkpt><trkpt lat="48.990130" lon="9.766260"></trkpt><trkpt lat="48.972030" lon="9.774790"></trkpt><trkpt lat="48.963250" lon="9.770740"></trkpt><trkpt lat="48.955460" lon="9.768330"></trkpt><trkpt lat="48.947500" lon="9.772800"></trkpt><trkpt lat="48.932880" lon="9.776030"></trkpt><trkpt lat="48.941800" lon="9.774300"></trkpt><trkpt lat="48.945350" lon="9.724890"></trkpt><trkpt lat="48.956200" lon="9.718840"></trkpt><trkpt lat="48.951890" lon="9.707920"></trkpt><trkpt lat="48.944810" lon="9.714130"></trkpt><trkpt lat="48.940580" lon="9.698310"></trkpt><trkpt lat="48.933160" lon="9.691260"></trkpt><trkpt lat="48.942970" lon="9.673710"></trkpt><trkpt lat="48.937430" lon="9.659200"></trkpt><trkpt lat="48.928330" lon="9.658460"></trkpt><trkpt lat="48.923340" lon="9.647470"></trkpt><trkpt lat="48.925090" lon="9.633080"></trkpt><trkpt lat="48.922460" lon="9.622460"></trkpt><trkpt lat="48.901170" lon="9.601830"></trkpt><trkpt lat="48.894870" lon="9.585480"></trkpt><trkpt lat="48.883870" lon="9.576700"></trkpt><trkpt lat="48.879610" lon="9.565450"></trkpt><trkpt lat="48.862620" lon="9.551420"></trkpt><trkpt lat="48.856010" lon="9.543790"></trkpt><trkpt lat="48.860170" lon="9.503860"></trkpt><trkpt lat="48.820380" lon="9.515900"></trkpt><trkpt lat="48.809070" lon="9.512160"></trkpt><trkpt lat="48.800040" lon="9.512470"></trkpt><trkpt lat="48.798650" lon="9.501270"></trkpt><trkpt lat="48.757170" lon="9.503460"></trkpt><trkpt lat="48.745790" lon="9.502750"></trkpt><trkpt lat="48.755630" lon="9.492540"></trkpt><trkpt lat="48.731920" lon="9.488750"></trkpt><trkpt lat="48.731150" lon="9.460510"></trkpt><trkpt lat="48.732650" lon="9.436390"></trkpt><trkpt lat="48.724540" lon="9.426660"></trkpt><trkpt lat="48.718200" lon="9.413620"></trkpt><trkpt lat="48.709380" lon="9.402580"></trkpt><trkpt lat="48.699620" lon="9.403450"></trkpt><trkpt lat="48.700390" lon="9.390780"></trkpt><trkpt lat="48.691300" lon="9.385400"></trkpt><trkpt lat="48.699770" lon="9.375880"></trkpt><trkpt lat="48.699690" lon="9.363100"></trkpt><trkpt lat="48.687760" lon="9.360380"></trkpt><trkpt lat="48.678150" lon="9.357710"></trkpt><trkpt lat="48.667570" lon="9.356510"></trkpt><trkpt lat="48.667550" lon="9.340390"></trkpt><trkpt lat="48.661170" lon="9.346150"></trkpt><trkpt lat="48.653480" lon="9.343000"></trkpt><trkpt lat="48.646650" lon="9.347050"></trkpt><trkpt lat="48.648970" lon="9.357860"></trkpt><trkpt lat="48.641730" lon="9.362950"></trkpt><trkpt lat="48.633580" lon="9.361820"></trkpt><trkpt lat="48.640810" lon="9.362690"></trkpt><trkpt lat="48.646130" lon="9.352830"></trkpt><trkpt lat="48.637870" lon="9.349180"></trkpt><trkpt lat="48.630230" lon="9.342850"></trkpt><trkpt lat="48.622580" lon="9.346600"></trkpt><trkpt lat="48.616650" lon="9.332150"></trkpt><trkpt lat="48.605470" lon="9.333750"></trkpt><trkpt lat="48.602080" lon="9.317960"></trkpt><trkpt lat="48.594500" lon="9.314620"></trkpt><trkpt lat="48.574210" lon="9.300790"></trkpt><trkpt lat="48.573810" lon="9.284770"></trkpt><trkpt lat="48.567030" lon="9.288850"></trkpt><trkpt lat="48.553440" lon="9.285130"></trkpt><trkpt lat="48.539060" lon="9.277230"></trkpt><trkpt lat="48.542230" lon="9.265190"></trkpt><trkpt lat="48.534750" lon="9.264250"></trkpt><trkpt lat="48.527270" lon="9.261230"></trkpt><trkpt lat="48.518080" lon="9.263270"></trkpt><trkpt lat="48.522080" lon="9.234400"></trkpt><trkpt lat="48.506320" lon="9.238630"></trkpt><trkpt lat="48.498800" lon="9.231670"></trkpt><trkpt lat="48.489120" lon="9.218750"></trkpt><trkpt lat="48.481240" lon="9.216860"></trkpt><trkpt lat="48.462420" lon="9.203160"></trkpt><trkpt lat="48.454390" lon="9.208250"></trkpt><trkpt lat="48.443190" lon="9.195700"></trkpt><trkpt lat="48.434160" lon="9.194110"></trkpt><trkpt lat="48.423290" lon="9.179950"></trkpt><trkpt lat="48.409260" lon="9.183570"></trkpt><trkpt lat="48.403280" lon="9.174670"></trkpt><trkpt lat="48.399210" lon="9.164380"></trkpt><trkpt lat="48.385530" lon="9.168250"></trkpt><trkpt lat="48.373320" lon="9.168240"></trkpt><trkpt lat="48.380860" lon="9.159680"></trkpt><trkpt lat="48.375000" lon="9.148960"></trkpt><trkpt lat="48.365830" lon="9.142250"></trkpt><trkpt lat="48.358220" lon="9.135960"></trkpt><trkpt lat="48.345990" lon="9.129740"></trkpt><trkpt lat="48.344330" lon="9.119040"></trkpt><trkpt lat="48.350400" lon="9.110160"></trkpt><trkpt lat="48.343910" lon="9.105460"></trkpt><trkpt lat="48.340190" lon="9.093620"></trkpt><trkpt lat="48.328660" lon="9.093150"></trkpt><trkpt lat="48.323580" lon="9.076440"></trkpt><trkpt lat="48.316790" lon="9.085010"></trkpt><trkpt lat="48.307300" lon="9.080790"></trkpt><trkpt lat="48.299660" lon="9.077870"></trkpt><trkpt lat="48.292460" lon="9.071360"></trkpt><trkpt lat="48.279630" lon="9.067000"></trkpt><trkpt lat="48.270290" lon="9.041910"></trkpt><trkpt lat="48.257720" lon="9.037840"></trkpt><trkpt lat="48.252080" lon="9.026210"></trkpt><trkpt lat="48.240390" lon="9.017520"></trkpt><trkpt lat="48.240970" lon="9.006630"></trkpt><trkpt lat="48.237990" lon="8.970860"></trkpt><trkpt lat="48.210370" lon="8.972710"></trkpt><trkpt lat="48.203450" lon="8.964910"></trkpt><trkpt lat="48.196630" lon="8.971320"></trkpt><trkpt lat="48.189470" lon="8.963150"></trkpt><trkpt lat="48.180150" lon="8.957070"></trkpt><trkpt lat="48.171250" lon="8.959570"></trkpt><trkpt lat="48.164270" lon="8.952300"></trkpt><trkpt lat="48.152000" lon="8.943050"></trkpt><trkpt lat="48.144060" lon="8.938440"></trkpt><trkpt lat="48.140390" lon="8.928630"></trkpt><trkpt lat="48.131690" lon="8.925890"></trkpt><trkpt lat="48.121020" lon="8.922680"></trkpt><trkpt lat="48.109260" lon="8.918140"></trkpt><trkpt lat="48.097000" lon="8.923240"></trkpt><trkpt lat="48.088090" lon="8.921110"></trkpt><trkpt lat="48.081430" lon="8.915620"></trkpt><trkpt lat="48.075270" lon="8.904790"></trkpt><trkpt lat="48.067460" lon="8.898360"></trkpt><trkpt lat="48.061970" lon="8.886240"></trkpt><trkpt lat="48.060970" lon="8.875090"></trkpt><trkpt lat="48.052060" lon="8.869210"></trkpt><trkpt lat="48.044230" lon="8.859970"></trkpt><trkpt lat="48.039320" lon="8.851500"></trkpt><trkpt lat="48.032040" lon="8.846970"></trkpt><trkpt lat="48.023170" lon="8.846280"></trkpt><trkpt lat="48.016870" lon="8.838470"></trkpt><trkpt lat="48.008880" lon="8.831760"></trkpt><trkpt lat="48.007830" lon="8.820850"></trkpt><trkpt lat="47.997190" lon="8.814040"></trkpt><trkpt lat="47.988630" lon="8.805510"></trkpt><trkpt lat="47.992230" lon="8.795700"></trkpt><trkpt lat="47.981680" lon="8.791410"></trkpt><trkpt lat="47.976130" lon="8.779330"></trkpt><trkpt lat="47.965920" lon="8.771670"></trkpt><trkpt lat="47.964200" lon="8.759730"></trkpt><trkpt lat="47.957740" lon="8.754220"></trkpt><trkpt lat="47.951150" lon="8.740230"></trkpt><trkpt lat="47.939910" lon="8.733460"></trkpt><trkpt lat="47.932590" lon="8.722620"></trkpt><trkpt lat="47.922560" lon="8.717770"></trkpt><trkpt lat="47.931030" lon="8.717170"></trkpt><trkpt lat="47.921380" lon="8.718580"></trkpt><trkpt lat="47.915580" lon="8.709460"></trkpt><trkpt lat="47.909880" lon="8.701090"></trkpt><trkpt lat="47.910790" lon="8.689000"></trkpt><trkpt lat="47.908610" lon="8.677430"></trkpt><trkpt lat="47.899600" lon="8.674220"></trkpt><trkpt lat="47.896540" lon="8.664250"></trkpt><trkpt lat="47.888430" lon="8.656070"></trkpt><trkpt lat="47.885640" lon="8.644550"></trkpt><trkpt lat="47.879140" lon="8.649910"></trkpt><trkpt lat="47.870840" lon="8.657170"></trkpt><trkpt lat="47.877860" lon="8.651230"></trkpt><trkpt lat="47.870070" lon="8.647060"></trkpt><trkpt lat="47.861100" lon="8.636050"></trkpt><trkpt lat="47.852510" lon="8.627710"></trkpt><trkpt lat="47.847760" lon="8.618490"></trkpt><trkpt lat="47.837130" lon="8.623300"></trkpt><trkpt lat="47.828090" lon="8.619790"></trkpt><trkpt lat="47.824170" lon="8.605170"></trkpt><trkpt lat="47.814780" lon="8.600640"></trkpt><trkpt lat="47.806030" lon="8.591110"></trkpt><trkpt lat="47.800220" lon="8.581040"></trkpt><trkpt lat="47.790090" lon="8.573740"></trkpt><trkpt lat="47.782820" lon="8.564510"></trkpt><trkpt lat="47.774640" lon="8.557230"></trkpt><trkpt lat="47.766570" lon="8.551300"></trkpt><trkpt lat="47.770000" lon="8.537550"></trkpt><trkpt lat="47.764390" lon="8.526560"></trkpt><trkpt lat="47.768810" lon="8.517250"></trkpt><trkpt lat="47.762740" lon="8.511270"></trkpt><trkpt lat="47.754160" lon="8.509000"></trkpt><trkpt lat="47.752850" lon="8.497760"></trkpt><trkpt lat="47.747170" lon="8.484900"></trkpt><trkpt lat="47.735810" lon="8.480210"></trkpt><trkpt lat="47.731130" lon="8.469750"></trkpt><trkpt lat="47.722570" lon="8.475200"></trkpt><trkpt lat="47.712440" lon="8.469020"></trkpt><trkpt lat="47.708600" lon="8.455060"></trkpt><trkpt lat="47.701700" lon="8.445570"></trkpt><trkpt lat="47.690480" lon="8.441380"></trkpt><trkpt lat="47.689130" lon="8.429930"></trkpt><trkpt lat="47.682840" lon="8.423370"></trkpt><trkpt lat="47.689340" lon="8.415460"></trkpt><trkpt lat="47.680960" lon="8.411760"></trkpt><trkpt lat="47.675360" lon="8.420620"></trkpt><trkpt lat="47.664090" lon="8.420140"></trkpt><trkpt lat="47.654980" lon="8.422740"></trkpt><trkpt lat="47.658470" lon="8.412760"></trkpt><trkpt lat="47.654060" lon="8.400810"></trkpt><trkpt lat="47.644900" lon="8.391100"></trkpt><trkpt lat="47.636850" lon="8.384330"></trkpt><trkpt lat="47.629190" lon="8.378770"></trkpt><trkpt lat="47.620430" lon="8.370980"></trkpt><trkpt lat="47.608850" lon="8.366560"></trkpt><trkpt lat="47.601040" lon="8.362490"></trkpt><trkpt lat="47.596210" lon="8.349200"></trkpt><trkpt lat="47.589390" lon="8.336470"></trkpt><trkpt lat="47.580630" lon="8.332300"></trkpt><trkpt lat="47.591190" lon="8.327330"></trkpt><trkpt lat="47.580880" lon="8.326420"></trkpt><trkpt lat="47.560970" lon="8.322390"></trkpt><trkpt lat="47.553830" lon="8.311310"></trkpt><trkpt lat="47.541620" lon="8.306700"></trkpt><trkpt lat="47.530740" lon="8.299330"></trkpt><trkpt lat="47.521100" lon="8.291260"></trkpt><trkpt lat="47.515130" lon="8.280170"></trkpt><trkpt lat="47.509400" lon="8.271100"></trkpt><trkpt lat="47.498370" lon="8.265340"></trkpt><trkpt lat="47.492920" lon="8.256440"></trkpt><trkpt lat="47.486570" lon="8.250180"></trkpt><trkpt lat="47.480940" lon="8.240720"></trkpt><trkpt lat="47.477280" lon="8.225880"></trkpt><trkpt lat="47.475540" lon="8.212270"></trkpt><trkpt lat="47.466540" lon="8.207390"></trkpt><trkpt lat="47.458730" lon="8.202460"></trkpt><trkpt lat="47.450900" lon="8.195650"></trkpt><trkpt lat="47.443660" lon="8.191040"></trkpt><trkpt lat="47.434280" lon="8.185240"></trkpt><trkpt lat="47.425430" lon="8.177050"></trkpt><trkpt lat="47.416950" lon="8.163700"></trkpt><trkpt lat="47.406510" lon="8.161980"></trkpt><trkpt lat="47.407310" lon="8.147290"></trkpt><trkpt lat="47.404640" lon="8.136760"></trkpt><trkpt lat="47.398270" lon="8.127860"></trkpt><trkpt lat="47.392470" lon="8.120970"></trkpt><trkpt lat="47.384580" lon="8.124680"></trkpt><trkpt lat="47.376600" lon="8.119740"></trkpt><trkpt lat="47.368860" lon="8.116550"></trkpt><trkpt lat="47.357110" lon="8.111530"></trkpt><trkpt lat="47.351570" lon="8.104340"></trkpt><trkpt lat="47.342730" lon="8.104970"></trkpt><trkpt lat="47.335470" lon="8.103980"></trkpt><trkpt lat="47.328230" lon="8.104120"></trkpt><trkpt lat="47.337920" lon="8.104220"></trkpt><trkpt lat="47.327910" lon="8.109990"></trkpt><trkpt lat="47.335780" lon="8.119530"></trkpt><trkpt lat="47.348110" lon="8.122050"></trkpt><trkpt lat="47.352670" lon="8.135360"></trkpt><trkpt lat="47.360690" lon="8.141620"></trkpt><trkpt lat="47.371840" lon="8.148440"></trkpt><trkpt lat="47.378770" lon="8.154170"></trkpt><trkpt lat="47.385000" lon="8.165550"></trkpt><trkpt lat="47.395250" lon="8.173980"></trkpt><trkpt lat="47.405450" lon="8.175990"></trkpt><trkpt lat="47.426970" lon="8.184360"></trkpt><trkpt lat="47.432310" lon="8.193110"></trkpt><trkpt lat="47.436690" lon="8.202260"></trkpt><trkpt lat="47.439760" lon="8.192100"></trkpt><trkpt lat="47.437670" lon="8.181440"></trkpt><trkpt lat="47.436460" lon="8.169850"></trkpt><trkpt lat="47.444020" lon="8.177340"></trkpt><trkpt lat="47.451310" lon="8.184200"></trkpt><trkpt lat="47.455820" lon="8.192610"></trkpt><trkpt lat="47.471340" lon="8.191750"></trkpt><trkpt lat="47.482910" lon="8.197720"></trkpt><trkpt lat="47.492900" lon="8.202360"></trkpt><trkpt lat="47.503760" lon="8.212730"></trkpt><trkpt lat="47.509070" lon="8.223950"></trkpt><trkpt lat="47.512150" lon="8.235230"></trkpt><trkpt lat="47.510370" lon="8.224080"></trkpt><trkpt lat="47.500370" lon="8.224600"></trkpt><trkpt lat="47.490710" lon="8.217950"></trkpt><trkpt lat="47.481690" lon="8.232310"></trkpt><trkpt lat="47.491470" lon="8.228090"></trkpt><trkpt lat="47.475610" lon="8.213520"></trkpt><trkpt lat="47.458430" lon="8.201560"></trkpt><trkpt lat="47.442220" lon="8.192300"></trkpt><trkpt lat="47.441690" lon="8.171680"></trkpt><trkpt lat="47.442940" lon="8.155050"></trkpt><trkpt lat="47.438780" lon="8.143690"></trkpt><trkpt lat="47.433120" lon="8.132440"></trkpt><trkpt lat="47.438610" lon="8.146550"></trkpt><trkpt lat="47.447610" lon="8.151460"></trkpt><trkpt lat="47.454970" lon="8.153430"></trkpt><trkpt lat="47.462440" lon="8.156570"></trkpt><trkpt lat="47.467910" lon="8.166360"></trkpt><trkpt lat="47.475760" lon="8.176780"></trkpt><trkpt lat="47.485580" lon="8.191230"></trkpt><trkpt lat="47.494380" lon="8.200910"></trkpt><trkpt lat="47.501980" lon="8.204570"></trkpt><trkpt lat="47.491250" lon="8.197160"></trkpt><trkpt lat="47.470340" lon="8.189950"></trkpt><trkpt lat="47.471320" lon="8.173010"></trkpt><trkpt lat="47.458230" lon="8.168350"></trkpt><trkpt lat="47.468950" lon="8.165850"></trkpt><trkpt lat="47.493970" lon="8.169770"></trkpt><trkpt lat="47.500630" lon="8.163340"></trkpt><trkpt lat="47.504220" lon="8.174490"></trkpt><trkpt lat="47.493500" lon="8.176520"></trkpt><trkpt lat="47.505040" lon="8.182600"></trkpt><trkpt lat="47.510110" lon="8.196400"></trkpt><trkpt lat="47.521380" lon="8.190940"></trkpt><trkpt lat="47.533960" lon="8.199860"></trkpt><trkpt lat="47.542820" lon="8.200380"></trkpt><trkpt lat="47.575950" lon="8.202890"></trkpt><trkpt lat="47.569650" lon="8.197290"></trkpt><trkpt lat="47.578000" lon="8.192910"></trkpt><trkpt lat="47.585180" lon="8.191970"></trkpt><trkpt lat="47.585130" lon="8.210030"></trkpt><trkpt lat="47.587590" lon="8.221930"></trkpt><trkpt lat="47.619840" lon="8.221180"></trkpt><trkpt lat="47.614040" lon="8.214070"></trkpt><trkpt lat="47.602900" lon="8.214650"></trkpt><trkpt lat="47.602180" lon="8.190090"></trkpt><trkpt lat="47.594500" lon="8.190640"></trkpt><trkpt lat="47.587210" lon="8.183300"></trkpt><trkpt lat="47.581650" lon="8.169620"></trkpt><trkpt lat="47.573260" lon="8.168510"></trkpt><trkpt lat="47.560540" lon="8.166430"></trkpt><trkpt lat="47.555030" lon="8.157110"></trkpt><trkpt lat="47.557040" lon="8.146790"></trkpt><trkpt lat="47.549080" lon="8.145630"></trkpt><trkpt lat="47.537130" lon="8.137390"></trkpt><trkpt lat="47.532460" lon="8.122930"></trkpt><trkpt lat="47.510160" lon="8.122320"></trkpt><trkpt lat="47.508750" lon="8.108220"></trkpt><trkpt lat="47.497150" lon="8.104470"></trkpt><trkpt lat="47.485500" lon="8.101760"></trkpt><trkpt lat="47.473750" lon="8.090930"></trkpt><trkpt lat="47.465940" lon="8.083560"></trkpt><trkpt lat="47.460060" lon="8.074130"></trkpt><trkpt lat="47.450160" lon="8.064990"></trkpt><trkpt lat="47.434870" lon="8.064360"></trkpt><trkpt lat="47.417650" lon="8.063960"></trkpt><trkpt lat="47.412730" lon="8.053070"></trkpt><trkpt lat="47.404480" lon="8.056160"></trkpt><trkpt lat="47.395760" lon="8.056340"></trkpt><trkpt lat="47.386760" lon="8.053760"></trkpt><trkpt lat="47.380100" lon="8.049360"></trkpt><trkpt lat="47.375660" lon="8.039500"></trkpt><trkpt lat="47.365520" lon="8.037530"></trkpt><trkpt lat="47.356020" lon="8.034690"></trkpt><trkpt lat="47.349940" lon="8.022160"></trkpt><trkpt lat="47.340930" lon="8.017030"></trkpt><trkpt lat="47.334650" lon="8.007250"></trkpt><trkpt lat="47.328540" lon="7.994570"></trkpt><trkpt lat="47.319000" lon="7.985090"></trkpt><trkpt lat="47.329200" lon="7.982530"></trkpt><trkpt lat="47.323540" lon="7.969770"></trkpt><trkpt lat="47.312040" lon="7.968970"></trkpt><trkpt lat="47.304870" lon="7.963230"></trkpt><trkpt lat="47.296610" lon="7.955030"></trkpt><trkpt lat="47.294750" lon="7.941270"></trkpt><trkpt lat="47.282220" lon="7.930110"></trkpt><trkpt lat="47.274340" lon="7.926530"></trkpt><trkpt lat="47.266920" lon="7.925390"></trkpt><trkpt lat="47.274790" lon="7.922660"></trkpt><trkpt lat="47.273150" lon="7.911080"></trkpt><trkpt lat="47.276680" lon="7.900430"></trkpt><trkpt lat="47.269640" lon="7.894930"></trkpt><trkpt lat="47.261570" lon="7.895650"></trkpt><trkpt lat="47.260980" lon="7.883240"></trkpt><trkpt lat="47.255400" lon="7.871240"></trkpt><trkpt lat="47.247190" lon="7.868320"></trkpt><trkpt lat="47.239660" lon="7.860020"></trkpt><trkpt lat="47.230100" lon="7.858560"></trkpt><trkpt lat="47.233040" lon="7.870710"></trkpt><trkpt lat="47.225680" lon="7.861600"></trkpt><trkpt lat="47.218120" lon="7.860660"></trkpt><trkpt lat="47.210540" lon="7.854500"></trkpt><trkpt lat="47.204970" lon="7.843610"></trkpt><trkpt lat="47.217550" lon="7.849660"></trkpt><trkpt lat="47.210870" lon="7.866010"></trkpt><trkpt lat="47.219860" lon="7.869950"></trkpt><trkpt lat="47.209930" lon="7.869740"></trkpt><trkpt lat="47.201870" lon="7.864540"></trkpt><trkpt lat="47.199820" lon="7.852340"></trkpt><trkpt lat="47.193500" lon="7.839310"></trkpt><trkpt lat="47.187590" lon="7.832690"></trkpt><trkpt lat="47.180670" lon="7.827960"></trkpt><trkpt lat="47.171330" lon="7.818770"></trkpt><trkpt lat="47.163930" lon="7.814860"></trkpt><trkpt lat="47.174280" lon="7.815710"></trkpt><trkpt lat="47.164730" lon="7.812050"></trkpt><trkpt lat="47.157480" lon="7.804410"></trkpt><trkpt lat="47.169420" lon="7.805930"></trkpt><trkpt lat="47.177360" lon="7.811030"></trkpt><trkpt lat="47.171000" lon="7.793990"></trkpt><trkpt lat="47.156220" lon="7.787890"></trkpt><trkpt lat="47.151130" lon="7.775740"></trkpt><trkpt lat="47.150580" lon="7.764120"></trkpt><trkpt lat="47.139830" lon="7.759070"></trkpt><trkpt lat="47.131580" lon="7.759210"></trkpt><trkpt lat="47.125070" lon="7.751620"></trkpt><trkpt lat="47.116750" lon="7.743250"></trkpt><trkpt lat="47.109580" lon="7.749050"></trkpt><trkpt lat="47.102620" lon="7.743360"></trkpt><trkpt lat="47.113200" lon="7.744630"></trkpt><trkpt lat="47.122510" lon="7.743530"></trkpt><trkpt lat="47.129320" lon="7.753190"></trkpt><trkpt lat="47.136560" lon="7.759200"></trkpt><trkpt lat="47.123110" lon="7.752770"></trkpt><trkpt lat="47.105270" lon="7.749410"></trkpt><trkpt lat="47.095360" lon="7.733050"></trkpt><trkpt lat="47.078150" lon="7.727730"></trkpt><trkpt lat="47.066170" lon="7.718890"></trkpt><trkpt lat="47.056890" lon="7.704470"></trkpt><trkpt lat="47.047320" lon="7.704900"></trkpt><trkpt lat="47.043110" lon="7.690170"></trkpt><trkpt lat="47.028030" lon="7.684140"></trkpt><trkpt lat="47.028320" lon="7.669860"></trkpt><trkpt lat="47.022170" lon="7.656440"></trkpt><trkpt lat="47.016300" lon="7.646840"></trkpt><trkpt lat="47.009690" lon="7.641550"></trkpt><trkpt lat="47.004720" lon="7.631640"></trkpt><trkpt lat="46.996530" lon="7.622150"></trkpt><trkpt lat="46.989870" lon="7.611680"></trkpt><trkpt lat="46.980880" lon="7.607310"></trkpt><trkpt lat="46.971610" lon="7.606150"></trkpt><trkpt lat="46.970410" lon="7.588270"></trkpt><trkpt lat="46.980830" lon="7.587250"></trkpt><trkpt lat="46.974720" lon="7.578250"></trkpt><trkpt lat="46.982440" lon="7.581210"></trkpt><trkpt lat="46.975350" lon="7.573490"></trkpt><trkpt lat="46.967660" lon="7.564330"></trkpt><trkpt lat="46.959280" lon="7.552400"></trkpt><trkpt lat="46.942610" lon="7.535760"></trkpt><trkpt lat="46.935730" lon="7.528330"></trkpt><trkpt lat="46.924080" lon="7.524030"></trkpt><trkpt lat="46.915840" lon="7.525730"></trkpt><trkpt lat="46.910710" lon="7.517430"></trkpt><trkpt lat="46.904030" lon="7.507320"></trkpt><trkpt lat="46.902260" lon="7.494960"></trkpt><trkpt lat="46.891380" lon="7.491000"></trkpt><trkpt lat="46.893850" lon="7.478980"></trkpt><trkpt lat="46.878560" lon="7.475730"></trkpt><trkpt lat="46.874670" lon="7.463310"></trkpt><trkpt lat="46.867760" lon="7.458530"></trkpt><trkpt lat="46.860570" lon="7.453180"></trkpt><trkpt lat="46.854120" lon="7.444610"></trkpt><trkpt lat="46.846440" lon="7.428450"></trkpt><trkpt lat="46.822280" lon="7.435980"></trkpt><trkpt lat="46.815470" lon="7.431680"></trkpt><trkpt lat="46.808830" lon="7.421860"></trkpt><trkpt lat="46.808860" lon="7.402930"></trkpt><trkpt lat="46.785050" lon="7.406840"></trkpt><trkpt lat="46.777400" lon="7.402640"></trkpt><trkpt lat="46.768200" lon="7.403410"></trkpt><trkpt lat="46.775330" lon="7.395000"></trkpt><trkpt lat="46.793280" lon="7.398900"></trkpt><trkpt lat="46.789200" lon="7.420660"></trkpt><trkpt lat="46.800120" lon="7.418470"></trkpt><trkpt lat="46.810220" lon="7.421560"></trkpt><trkpt lat="46.805690" lon="7.408390"></trkpt><trkpt lat="46.798450" lon="7.407220"></trkpt><trkpt lat="46.792530" lon="7.397350"></trkpt><trkpt lat="46.782410" lon="7.391960"></trkpt><trkpt lat="46.774290" lon="7.364840"></trkpt><trkpt lat="46.763380" lon="7.355030"></trkpt><trkpt lat="46.754540" lon="7.346380"></trkpt><trkpt lat="46.748350" lon="7.338730"></trkpt><trkpt lat="46.739640" lon="7.332950"></trkpt><trkpt lat="46.732360" lon="7.327100"></trkpt><trkpt lat="46.725960" lon="7.321240"></trkpt><trkpt lat="46.716380" lon="7.314190"></trkpt><trkpt lat="46.705850" lon="7.312180"></trkpt><trkpt lat="46.695730" lon="7.306120"></trkpt><trkpt lat="46.689200" lon="7.292180"></trkpt><trkpt lat="46.680000" lon="7.290150"></trkpt><trkpt lat="46.673450" lon="7.283890"></trkpt><trkpt lat="46.665850" lon="7.275870"></trkpt><trkpt lat="46.656010" lon="7.265060"></trkpt><trkpt lat="46.650350" lon="7.256880"></trkpt><trkpt lat="46.642850" lon="7.250530"></trkpt><trkpt lat="46.636920" lon="7.242860"></trkpt><trkpt lat="46.629010" lon="7.221780"></trkpt><trkpt lat="46.621320" lon="7.215920"></trkpt><trkpt lat="46.612200" lon="7.204640"></trkpt><trkpt lat="46.603080" lon="7.198190"></trkpt><trkpt lat="46.595150" lon="7.189170"></trkpt><trkpt lat="46.589400" lon="7.175030"></trkpt><trkpt lat="46.585130" lon="7.163310"></trkpt><trkpt lat="46.578090" lon="7.153460"></trkpt><trkpt lat="46.588040" lon="7.151600"></trkpt><trkpt lat="46.591220" lon="7.162740"></trkpt><trkpt lat="46.598640" lon="7.160140"></trkpt><trkpt lat="46.591550" lon="7.162790"></trkpt><trkpt lat="46.604310" lon="7.161060"></trkpt><trkpt lat="46.610110" lon="7.170580"></trkpt><trkpt lat="46.616100" lon="7.177310"></trkpt><trkpt lat="46.624290" lon="7.174590"></trkpt><trkpt lat="46.634310" lon="7.178710"></trkpt><trkpt lat="46.638530" lon="7.189930"></trkpt><trkpt lat="46.628680" lon="7.183330"></trkpt><trkpt lat="46.621810" lon="7.175830"></trkpt><trkpt lat="46.609480" lon="7.168660"></trkpt><trkpt lat="46.599800" lon="7.160220"></trkpt><trkpt lat="46.590480" lon="7.157820"></trkpt><trkpt lat="46.590470" lon="7.144000"></trkpt><trkpt lat="46.581560" lon="7.142330"></trkpt><trkpt lat="46.568700" lon="7.140540"></trkpt><trkpt lat="46.562680" lon="7.130970"></trkpt><trkpt lat="46.555190" lon="7.123970"></trkpt><trkpt lat="46.552320" lon="7.111590"></trkpt><trkpt lat="46.544040" lon="7.104460"></trkpt><trkpt lat="46.526270" lon="7.109650"></trkpt><trkpt lat="46.519030" lon="7.095810"></trkpt><trkpt lat="46.518740" lon="7.080570"></trkpt><trkpt lat="46.509820" lon="7.079600"></trkpt><trkpt lat="46.511250" lon="7.066040"></trkpt><trkpt lat="46.491650" lon="7.066890"></trkpt><trkpt lat="46.487420" lon="7.051890"></trkpt><trkpt lat="46.480170" lon="7.041910"></trkpt><trkpt lat="46.465620" lon="7.037770"></trkpt><trkpt lat="46.461430" lon="7.025100"></trkpt><trkpt lat="46.455090" lon="7.017580"></trkpt><trkpt lat="46.464790" lon="7.010920"></trkpt><trkpt lat="46.456560" lon="7.003890"></trkpt><trkpt lat="46.445730" lon="6.999450"></trkpt><trkpt lat="46.435350" lon="6.995070"></trkpt><trkpt lat="46.428230" lon="6.987710"></trkpt><trkpt lat="46.419830" lon="6.986150"></trkpt><trkpt lat="46.410810" lon="6.979430"></trkpt><trkpt lat="46.399540" lon="6.980080"></trkpt><trkpt lat="46.392510" lon="6.973900"></trkpt><trkpt lat="46.406130" lon="6.972030"></trkpt><trkpt lat="46.396380" lon="6.973760"></trkpt><trkpt lat="46.389010" lon="6.965710"></trkpt><trkpt lat="46.379730" lon="6.959950"></trkpt><trkpt lat="46.371610" lon="6.953740"></trkpt><trkpt lat="46.364970" lon="6.947550"></trkpt><trkpt lat="46.360110" lon="6.938780"></trkpt><trkpt lat="46.354610" lon="6.914080"></trkpt><trkpt lat="46.345620" lon="6.913070"></trkpt><trkpt lat="46.333130" lon="6.893660"></trkpt><trkpt lat="46.325750" lon="6.888710"></trkpt><trkpt lat="46.318030" lon="6.882100"></trkpt><trkpt lat="46.315620" lon="6.871250"></trkpt><trkpt lat="46.309140" lon="6.862020"></trkpt><trkpt lat="46.299640" lon="6.860790"></trkpt><trkpt lat="46.291400" lon="6.858580"></trkpt><trkpt lat="46.282540" lon="6.858390"></trkpt><trkpt lat="46.270340" lon="6.835610"></trkpt><trkpt lat="46.279450" lon="6.833920"></trkpt><trkpt lat="46.272810" lon="6.826120"></trkpt><trkpt lat="46.262520" lon="6.824860"></trkpt><trkpt lat="46.260910" lon="6.812100"></trkpt><trkpt lat="46.254660" lon="6.799920"></trkpt><trkpt lat="46.243360" lon="6.792750"></trkpt><trkpt lat="46.235990" lon="6.781760"></trkpt><trkpt lat="46.228130" lon="6.770610"></trkpt><trkpt lat="46.236660" lon="6.765170"></trkpt><trkpt lat="46.241890" lon="6.756460"></trkpt><trkpt lat="46.241160" lon="6.745720"></trkpt><trkpt lat="46.229000" lon="6.737420"></trkpt><trkpt lat="46.216780" lon="6.734580"></trkpt><trkpt lat="46.208800" lon="6.732130"></trkpt><trkpt lat="46.199620" lon="6.728080"></trkpt><trkpt lat="46.193580" lon="6.717240"></trkpt><trkpt lat="46.193030" lon="6.701160"></trkpt><trkpt lat="46.177000" lon="6.701300"></trkpt><trkpt lat="46.172940" lon="6.691220"></trkpt><trkpt lat="46.161300" lon="6.684700"></trkpt><trkpt lat="46.155020" lon="6.679570"></trkpt><trkpt lat="46.143810" lon="6.673380"></trkpt><trkpt lat="46.137690" lon="6.664640"></trkpt><trkpt lat="46.128110" lon="6.663880"></trkpt><trkpt lat="46.120760" lon="6.665130"></trkpt><trkpt lat="46.111230" lon="6.658960"></trkpt><trkpt lat="46.101350" lon="6.651050"></trkpt><trkpt lat="46.097740" lon="6.641330"></trkpt><trkpt lat="46.107450" lon="6.640510"></trkpt><trkpt lat="46.091030" lon="6.638510"></trkpt><trkpt lat="46.093410" lon="6.628310"></trkpt><trkpt lat="46.084500" lon="6.628820"></trkpt><trkpt lat="46.078300" lon="6.634980"></trkpt><trkpt lat="46.072720" lon="6.623150"></trkpt><trkpt lat="46.064850" lon="6.622850"></trkpt><trkpt lat="46.057690" lon="6.615310"></trkpt><trkpt lat="46.049480" lon="6.605920"></trkpt><trkpt lat="46.054280" lon="6.616520"></trkpt><trkpt lat="46.065900" lon="6.619580"></trkpt><trkpt lat="46.060010" lon="6.612630"></trkpt><trkpt lat="46.048180" lon="6.614460"></trkpt><trkpt lat="46.053280" lon="6.622880"></trkpt><trkpt lat="46.061030" lon="6.625410"></trkpt><trkpt lat="46.068180" lon="6.627980"></trkpt><trkpt lat="46.094680" lon="6.629010"></trkpt><trkpt lat="46.096160" lon="6.643800"></trkpt><trkpt lat="46.090500" lon="6.651740"></trkpt><trkpt lat="46.098730" lon="6.658710"></trkpt><trkpt lat="46.104710" lon="6.664750"></trkpt><trkpt lat="46.113220" lon="6.672790"></trkpt><trkpt lat="46.116700" lon="6.682010"></trkpt><trkpt lat="46.126360" lon="6.684660"></trkpt><trkpt lat="46.132380" lon="6.694100"></trkpt><trkpt lat="46.135000" lon="6.679150"></trkpt><trkpt lat="46.128750" lon="6.690630"></trkpt><trkpt lat="46.123110" lon="6.679000"></trkpt><trkpt lat="46.117230" lon="6.670020"></trkpt><trkpt lat="46.124390" lon="6.674300"></trkpt><trkpt lat="46.129840" lon="6.657530"></trkpt><trkpt lat="46.125510" lon="6.668670"></trkpt><trkpt lat="46.131830" lon="6.658220"></trkpt><trkpt lat="46.141390" lon="6.661320"></trkpt><trkpt lat="46.146860" lon="6.668460"></trkpt><trkpt lat="46.130670" lon="6.662860"></trkpt><trkpt lat="46.131310" lon="6.647590"></trkpt><trkpt lat="46.122710" lon="6.647620"></trkpt><trkpt lat="46.131260" lon="6.654060"></trkpt><trkpt lat="46.117830" lon="6.646540"></trkpt><trkpt lat="46.118320" lon="6.629010"></trkpt><trkpt lat="46.126790" lon="6.628760"></trkpt><trkpt lat="46.138830" lon="6.630130"></trkpt><trkpt lat="46.134000" lon="6.622150"></trkpt><trkpt lat="46.130230" lon="6.612890"></trkpt><trkpt lat="46.121940" lon="6.614570"></trkpt><trkpt lat="46.111900" lon="6.610630"></trkpt><trkpt lat="46.098740" lon="6.604790"></trkpt><trkpt lat="46.091330" lon="6.597090"></trkpt><trkpt lat="46.096480" lon="6.584500"></trkpt><trkpt lat="46.089610" lon="6.579850"></trkpt><trkpt lat="46.082150" lon="6.573540"></trkpt><trkpt lat="46.073890" lon="6.569230"></trkpt><trkpt lat="46.066480" lon="6.562060"></trkpt><trkpt lat="46.058930" lon="6.556830"></trkpt><trkpt lat="46.042490" lon="6.549150"></trkpt><trkpt lat="46.040280" lon="6.539030"></trkpt><trkpt lat="46.031900" lon="6.532530"></trkpt><trkpt lat="46.026930" lon="6.524980"></trkpt><trkpt lat="46.020290" lon="6.516060"></trkpt><trkpt lat="46.015580" lon="6.502890"></trkpt><trkpt lat="46.007160" lon="6.498930"></trkpt><trkpt lat="45.996320" lon="6.497260"></trkpt><trkpt lat="45.996190" lon="6.483500"></trkpt><trkpt lat="45.988130" lon="6.476980"></trkpt><trkpt lat="45.983830" lon="6.464130"></trkpt><trkpt lat="45.976030" lon="6.465870"></trkpt><trkpt lat="45.977220" lon="6.483380"></trkpt><trkpt lat="45.984890" lon="6.476550"></trkpt><trkpt lat="45.996280" lon="6.481160"></trkpt><trkpt lat="46.007010" lon="6.481760"></trkpt><trkpt lat="45.993200" lon="6.476210"></trkpt><trkpt lat="45.983290" lon="6.468030"></trkpt><trkpt lat="45.976290" lon="6.464850"></trkpt><trkpt lat="45.976550" lon="6.445250"></trkpt><trkpt lat="45.956980" lon="6.441970"></trkpt><trkpt lat="45.944590" lon="6.433210"></trkpt><trkpt lat="45.947170" lon="6.446730"></trkpt><trkpt lat="45.954260" lon="6.460380"></trkpt><trkpt lat="45.970810" lon="6.462770"></trkpt><trkpt lat="45.979450" lon="6.459020"></trkpt><trkpt lat="45.982120" lon="6.468810"></trkpt><trkpt lat="45.990310" lon="6.480760"></trkpt>
</trkseg></trk>
<wpt lat="45.810494" lon="6.061337"><name>Départ</name></wpt><wpt lat="45.809891" lon="6.061945"><name>J1 11 mai , départ de viuz la chiesaz</name></wpt><wpt lat="52.364136" lon="9.854978"><name>J1 11 mai GHOTEL hotel &amp; living Hannover 57€</name></wpt><wpt lat="52.366769" lon="9.855981"><name>J2 12 mai, départ Hannover - Aaloborg</name></wpt><wpt lat="57.054981" lon="9.884691"><name>J2 12 mai Arrivée Aalborg Familie Camping Strandparken</name></wpt><wpt lat="57.054990" lon="9.884785"><name>J3 13 mai  Départ Aalborg Familie Camping Strandparken</name></wpt><wpt lat="57.593574" lon="9.988418"><name>J3 13 mai Ferry Hirtshals 12:15 - 15:30 23€</name></wpt><wpt lat="58.144370" lon="7.985837"><name>J3 13 mai Arrivée 15h30</name></wpt><wpt lat="57.983359" lon="7.048257"><name>J3 13 mai Lindesnes Fyr Phare</name></wpt><wpt lat="57.995366" lon="7.089070"><name>J3 13 mai Arrivée Camping Lindesnes, Norvège 270,-</name></wpt><wpt lat="57.996205" lon="7.086675"><name>J4 14 mai  Départ Camping Lindesnes, Norvège</name></wpt><wpt lat="58.953096" lon="5.718555"><name>J4 14 mai  Arrivée  Stavanger</name></wpt><wpt lat="58.951880" lon="5.716171"><name>J5 15 mai Départ de Stavanger pour Bergen</name></wpt><wpt lat="60.484432" lon="5.380565"><name>J5 15 mai Arrivée Bergen.  Visite Bergen Camping Park 350 kms, pose 2 jours j1</name></wpt><wpt lat="60.400543" lon="5.325966"><name>J6 16 mai visite Bergen</name></wpt><wpt lat="60.406732" lon="5.324249"><name>J6 16 mai visite Bergen</name></wpt><wpt lat="60.484516" lon="5.381380"><name>J6 16 mai Visite Bergen Camping Park 350 kms, pose 1 jour</name></wpt><wpt lat="60.484733" lon="5.382029"><name>J8 18 mai, Départ de Bergen pour Balestrand,</name></wpt><wpt lat="61.113396" lon="6.131744"><name>Ferry Ortnevik - Nordeide attention ferry 16:24 17:24</name></wpt><wpt lat="61.216227" lon="6.560640"><name>J8 18 mai, Arrivée camping Balestrand,</name></wpt><wpt lat="61.216429" lon="6.560715"><name>J9 19 mai, Départ du camping Balestrand pour Géranger</name></wpt><wpt lat="62.085726" lon="6.868558"><name>Ferry Hellesylt - Geiranger</name></wpt><wpt lat="62.097893" lon="7.210196"><name>J9 19 mai, Arrivée  Géranger 184 kms</name></wpt><wpt lat="62.098109" lon="7.210615"><name>J10 20 mai, Départ de Géranger</name></wpt><wpt lat="62.126322" lon="7.167549"><name>Trollstigen, Geiranger</name></wpt><wpt lat="62.262335" lon="7.172645"><name>J10 20 Ferry Eidsal - Lingestranda</name></wpt><wpt lat="62.284403" lon="7.187891"><name>Arrivée Ferry</name></wpt><wpt lat="62.330723" lon="7.470016"><name>J10 20 Gorges de Gudbrandsjuvet, film drone</name></wpt><wpt lat="62.607807" lon="6.448513"><name>Ferry Brattvåg ferjekai</name></wpt><wpt lat="62.639727" lon="6.523055"><name>Dryna ferjekai</name></wpt><wpt lat="62.682633" lon="6.611195"><name>J10 20 mai, Arrivée à Midøyvegen. Bivouac</name></wpt><wpt lat="62.685873" lon="6.617138"><name>J11 21 mai,  Départ de Midøyvegen pour Bjørneremshellarane - Trondheim 335 kms</name></wpt><wpt lat="62.719590" lon="6.937311"><name>Dépar Ferry Solholmen ferjekai - Mordalsvågen ferjekai</name></wpt><wpt lat="62.728806" lon="6.985996"><name>Arrivée ferry Solholmen ferjekai - Mordalsvågen ferjekai</name></wpt><wpt lat="62.994262" lon="7.164502"><name>Photos</name></wpt><wpt lat="63.017403" lon="7.358093"><name>Storseisundbura Le pont le plus connu</name></wpt><wpt lat="63.125538" lon="7.725325"><name>Route de l'Atlantique (près de Kristiansund)</name></wpt><wpt lat="63.111784" lon="7.870000"><name>Ferry  Seivika ferjekai</name></wpt><wpt lat="63.153184" lon="7.955064"><name>Tømmervåg Ferjekai</name></wpt><wpt lat="63.148997" lon="8.091828"><name>Arrivé tôt route magnifique</name></wpt><wpt lat="63.165610" lon="8.435580"><name>Ferry  départ Arasvika ferjekai - Hennset Fergekai</name></wpt><wpt lat="63.135899" lon="8.434753"><name>Ferry  Arrivée Arasvika ferjekai - Hennset Fergekai</name></wpt><wpt lat="63.448361" lon="10.210075"><name>J11 21 mai Arrivée a Trondheim</name></wpt><wpt lat="63.445584" lon="10.196979"><name>J12 22 mai, Visite Trodheim</name></wpt><wpt lat="63.450202" lon="10.223122"><name>J13 23 mai, Départ de Trodheim pour Holm 380 kms</name></wpt><wpt lat="65.185732" lon="12.137897"><name>J13 23 mai,  Arrivée Holm</name></wpt><wpt lat="65.185516" lon="12.133541"><name>J14 24 mai  Départ de Holm  - Mo I Rana 210km 6h 50min</name></wpt><wpt lat="66.315587" lon="14.167900"><name>J14 24 mai  Arrivée à Mo I Rana</name></wpt><wpt lat="66.317586" lon="14.179734"><name>Arrivée Mo I Rana Camping</name></wpt><wpt lat="66.319517" lon="14.169788"><name>J15 25 mai  Départ de Mo I Rana - Lofoten</name></wpt><wpt lat="66.551846" lon="15.320912"><name>Monument Glob Polarcirkel 1937. Le centre du cercle polaire</name></wpt><wpt lat="67.288783" lon="14.401875"><name>Ferry Départ Bodø ferjekai - Moskenes ferjekai</name></wpt><wpt lat="67.899850" lon="13.044269"><name>Ferry Arrivée Bodø ferjekai - Moskenes ferjekai</name></wpt><wpt lat="67.900219" lon="13.052600"><name>J15 25 mai  Arrivée  au Lofoten Moskenes Camping</name></wpt><wpt lat="67.900212" lon="13.052184"><name>J16 25 mai  visite Lofoten 297km 6h 37min</name></wpt><wpt lat="67.900221" lon="13.052992"><name>J17 26 mai, Départ pour Narvik 399km 7h 42min</name></wpt><wpt lat="68.515370" lon="17.557885"><name>J17 26 mai, Arrivée Bivouak avant Narvik. 399km 7h 42min</name></wpt><wpt lat="68.515154" lon="17.557504"><name>J18 27 mai,  Dépar pour Narvik et révision Moto.</name></wpt><wpt lat="68.446732" lon="17.429783"><name>J18 27 mai, MOTONOR AS Sjøveien 39 8517 Narvik. Révision Moto 300€</name></wpt><wpt lat="68.445821" lon="17.428018"><name>J18 27 mai, Départ pour bivouac.</name></wpt><wpt lat="68.663278" lon="17.765300"><name>J18 27 mai, Arrivée pour bivouac.</name></wpt><wpt lat="68.663817" lon="17.766566"><name>J19 28 mai, Départ Senja.</name></wpt><wpt lat="69.402287" lon="17.312833"><name>J19 28 mai, Arrivée pour bivouac Senja</name></wpt><wpt lat="69.402461" lon="17.313681"><name>J20 29  mai , Départ pour Straumsnes</name></wpt><wpt lat="69.506921" lon="17.908680"><name>Ferry départ Botnhamn ferjekai -Brensholmen ferjekai -</name></wpt><wpt lat="69.663590" lon="19.810581"><name>Ferry Arrivée Ferry Breivikeidet ferjekai - Svensby ferjekai</name></wpt><wpt lat="69.669947" lon="19.650413"><name>Ferry Départ Breivikeidet ferjekai - Svensby ferjekai</name></wpt><wpt lat="69.576816" lon="20.220573"><name>Ferry Départ Lyngseidet ferjekai - Olderdalen ferjekai</name></wpt><wpt lat="69.601491" lon="20.534456"><name>Ferry Arrivée Lyngseidet ferjekai - Olderdalen ferjekai</name></wpt><wpt lat="69.758724" lon="20.466027"><name>J20 29 mai , Arrivée Bivouac Straumsnes</name></wpt><wpt lat="69.759838" lon="20.464193"><name>J21 30 mai, départ pour Alta</name></wpt><wpt lat="69.929055" lon="23.261334"><name>J21 30  mai, Arrivée à Alta Alta River Camping</name></wpt><wpt lat="69.929093" lon="23.261155"><name>J22  31 mai, Départ de Alta River Camping</name></wpt><wpt lat="71.165946" lon="25.779634"><name>J22  31 mai,  Arrivée au Cap Nord</name></wpt><wpt lat="71.092817" lon="25.785454"><name>J22  31 mai,  Arrivée  Camping Hytte Camp RED</name></wpt><wpt lat="71.092654" lon="25.785277"><name>J23  01 Juin , Départ  Camping Hytte Camp RED</name></wpt><wpt lat="68.947579" lon="23.089828"><name>J23 01 Juin, Arrivée Camping Kautokeino</name></wpt><wpt lat="68.947131" lon="23.089855"><name>J24 02  Juin , Départ Camping Kautokeino pour Pajala</name></wpt><wpt lat="68.385600" lon="23.636600"><name>Hetta - Hetan Lomakylä</name></wpt><wpt lat="67.528911" lon="21.192889"><name>J24 02  Juin  Arrivée Piilijärvi Camping</name></wpt><wpt lat="67.524914" lon="21.195889"><name>J25  03 Juin    Départ Piilijärvi Camping</name></wpt><wpt lat="65.583396" lon="19.194188"><name>J25  03  Juin Arrivée Camping Camp Gielas</name></wpt><wpt lat="65.584390" lon="19.192536"><name>J26  04 Juin Départ Camping Camp Gielas  Pensionat Björnen 520km 9h 11min</name></wpt><wpt lat="65.105102" lon="17.392387"><name>Kören</name></wpt><wpt lat="63.178047" lon="14.640570"><name>J26  04 Juin Arrivée  Månsåsen Bed &amp; Breakfast</name></wpt><wpt lat="63.177379" lon="14.640698"><name>J27  05 Juin Départ  Pensionat Björnen</name></wpt><wpt lat="62.567056" lon="11.355228"><name>J27  05 Juin  Arrivée Røros Camping</name></wpt><wpt lat="62.567155" lon="11.349607"><name>J28  06 Juin  Départ de Røros Camping</name></wpt><wpt lat="61.125226" lon="10.442204"><name>J28  06  Juin  Arrivée Camping Lillehammer Turistsenter</name></wpt><wpt lat="61.126330" lon="10.438814"><name>J29  07 Juin  Départ  Camping Lillehammer Turistsenter</name></wpt><wpt lat="60.416575" lon="7.149847"><name>J29  07 Juin  Arrivée Camping Finnasteinflåten</name></wpt><wpt lat="60.416978" lon="7.148709"><name>J30  08 Juin Départ Camping Finnasteinflåten</name></wpt><wpt lat="59.634120" lon="7.801087"><name>J30  08 Juin Arrivée Mjonøy Camping</name></wpt><wpt lat="59.632851" lon="7.801280"><name>J31  09 Juin Départ Mjonøy Camping</name></wpt><wpt lat="59.579633" lon="9.175086"><name>Visit église Heddal</name></wpt><wpt lat="59.565930" lon="9.208753"><name>J31  09  Juin Arrivée a Heddal</name></wpt><wpt lat="59.566113" lon="9.208321"><name>J32  10 Juin Départ de Heddal</name></wpt><wpt lat="59.920307" lon="10.769306"><name>J32  10 Juin Arrivée a Oslo</name></wpt><wpt lat="59.917516" lon="10.766602"><name>J33 11 Juin   Visite Oslo 2 jours. j1</name></wpt><wpt lat="59.916871" lon="10.765550"><name>J34  12 Juin  Visiti Oslo 2 jours. j2</name></wpt><wpt lat="59.907533" lon="10.713043"><name>J35 13 Juin  Départ Oslo  #20 – Ferry Oslo (Color Line) 350€</name></wpt><wpt lat="54.315372" lon="10.141926"><name>J36 14 Juin Départ Oslo  Ferry Oslo (Color Line) 350€</name></wpt><wpt lat="51.003686" lon="9.480504"><name>J41 18 juin Arrivée fin de journée +1000 kms</name></wpt><wpt lat="45.809527" lon="6.062243"><name>J36 13 Juin</name></wpt>
</gpx>